scientific,habitat,lifestyle
Abeillia abeillei,Forest,Aerial
Abroscopus albogularis,Forest,Insessorial
Abroscopus schisticeps,Forest,Insessorial
Abroscopus superciliaris,Shrubland,Insessorial
Aburria aburri,Forest,Insessorial
Acanthagenys rufogularis,Shrubland,Insessorial
Acanthidops bairdi,Forest,Insessorial
Acanthidops bairdii,Forest,Insessorial
Acanthis cabaret,Forest,Generalist
Acanthis flammea,Forest,Generalist
Acanthis hornemanni,Forest,Generalist
Acanthisitta chloris,Forest,Insessorial
Acanthiza apicalis,Woodland,Insessorial
Acanthiza chrysorrhoa,Woodland,Terrestrial
Acanthiza cinerea,Forest,Insessorial
Acanthiza ewingii,Forest,Insessorial
Acanthiza inornata,Woodland,Insessorial
Acanthiza iredalei,Shrubland,Generalist
Acanthiza katherina,Forest,Insessorial
Acanthiza lineata,Forest,Insessorial
Acanthiza murina,Forest,Insessorial
Acanthiza nana,Shrubland,Insessorial
Acanthiza pusilla,Shrubland,Insessorial
Acanthiza reguloides,Forest,Insessorial
Acanthiza robustirostris,Woodland,Insessorial
Acanthiza uropygialis,Woodland,Insessorial
Acanthoptila nipalensis,Shrubland,Terrestrial
Acanthorhynchus superciliosus,Shrubland,Insessorial
Acanthorhynchus tenuirostris,Forest,Insessorial
Acanthornis magna,Forest,Generalist
Accipiter albogularis,Forest,Insessorial
Accipiter badius,Shrubland,Insessorial
Accipiter bicolor,Woodland,Generalist
Accipiter brachyurus,Forest,Insessorial
Accipiter brevipes,Forest,Generalist
Accipiter butleri,Forest,Insessorial
Accipiter castanilius,Forest,Insessorial
Accipiter chilensis,Woodland,Generalist
Accipiter chionogaster,Forest,Generalist
Accipiter cirrocephalus,Forest,Generalist
Accipiter collaris,Forest,Insessorial
Accipiter cooperii,Woodland,Aerial
Accipiter erythrauchen,Forest,Generalist
Accipiter erythronemius,Forest,Generalist
Accipiter erythropus,Forest,Insessorial
Accipiter fasciatus,Forest,Generalist
Accipiter francesiae,Forest,Insessorial
Accipiter gentilis,Forest,Generalist
Accipiter griseiceps,Forest,Insessorial
Accipiter gularis,Forest,Insessorial
Accipiter gundlachi,Forest,Aerial
Accipiter haplochrous,Forest,Insessorial
Accipiter henicogrammus,Forest,Insessorial
Accipiter henstii,Forest,Insessorial
Accipiter hiogaster,Forest,Insessorial
Accipiter imitator,Forest,Insessorial
Accipiter luteoschistaceus,Forest,Insessorial
Accipiter madagascariensis,Forest,Insessorial
Accipiter melanochlamys,Forest,Generalist
Accipiter melanoleucus,Forest,Generalist
Accipiter meyerianus,Forest,Generalist
Accipiter minullus,Forest,Generalist
Accipiter nanus,Forest,Insessorial
Accipiter nisus,Forest,Insessorial
Accipiter novaehollandiae,Forest,Insessorial
Accipiter ovampensis,Shrubland,Aerial
Accipiter poliocephalus,Forest,Insessorial
Accipiter poliogaster,Forest,Insessorial
Accipiter princeps,Forest,Insessorial
Accipiter rhodogaster,Forest,Insessorial
Accipiter rufitorques,Forest,Generalist
Accipiter rufiventris,Forest,Aerial
Accipiter soloensis,Forest,Insessorial
Accipiter striatus,Forest,Aerial
Accipiter superciliosus,Forest,Aerial
Accipiter sylvestris,Forest,Insessorial
Accipiter tachiro,Forest,Aerial
Accipiter toussenelii,Forest,Insessorial
Accipiter trinotatus,Forest,Insessorial
Accipiter trivirgatus,Forest,Insessorial
Accipiter ventralis,Forest,Generalist
Accipiter virgatus,Forest,Generalist
Aceros cassidix,Forest,Insessorial
Aceros comatus,Forest,Generalist
Aceros corrugatus,Forest,Insessorial
Aceros everetti,Forest,Insessorial
Aceros leucocephalus,Forest,Insessorial
Aceros narcondami,Forest,Insessorial
Aceros nipalensis,Forest,Insessorial
Aceros plicatus,Forest,Insessorial
Aceros subruficollis,Forest,Insessorial
Aceros undulatus,Forest,Insessorial
Aceros waldeni,Forest,Insessorial
Achaetops pycnopygius,Rock,Insessorial
Acridotheres albocinctus,Grassland,Generalist
Acridotheres burmannicus,Grassland,Generalist
Acridotheres cinereus,Grassland,Generalist
Acridotheres cristatellus,Grassland,Generalist
Acridotheres fuscus,Woodland,Insessorial
Acridotheres ginginianus,Grassland,Generalist
Acridotheres grandis,Grassland,Generalist
Acridotheres javanicus,Grassland,Generalist
Acridotheres leucocephalus,Grassland,Generalist
Acridotheres melanopterus,Woodland,Insessorial
Acridotheres tertius,Grassland,Generalist
Acridotheres tricolor,Grassland,Generalist
Acridotheres tristis,Human Modified,Terrestrial
Acritillas indica,Forest,Insessorial
Acrobatornis fonsecai,Forest,Insessorial
Acrocephalus aedon,Shrubland,Insessorial
Acrocephalus aequinoctialis,Shrubland,Generalist
Acrocephalus agricola,Wetland,Insessorial
Acrocephalus arundinaceus,Wetland,Insessorial
Acrocephalus atyphus,Shrubland,Insessorial
Acrocephalus australis,Wetland,Insessorial
Acrocephalus baeticatus,Wetland,Insessorial
Acrocephalus bistrigiceps,Wetland,Insessorial
Acrocephalus brevipennis,Shrubland,Insessorial
Acrocephalus caffer,Forest,Insessorial
Acrocephalus concinens,Wetland,Insessorial
Acrocephalus dumetorum,Wetland,Insessorial
Acrocephalus familiaris,Shrubland,Insessorial
Acrocephalus gracilirostris,Wetland,Insessorial
Acrocephalus griseldis,Wetland,Insessorial
Acrocephalus hiwae,Wetland,Terrestrial
Acrocephalus kerearako,Forest,Insessorial
Acrocephalus longirostris,Forest,Insessorial
Acrocephalus luscinius,Wetland,Terrestrial
Acrocephalus melanopogon,Wetland,Insessorial
Acrocephalus mendanae,Shrubland,Insessorial
Acrocephalus newtoni,Wetland,Insessorial
Acrocephalus orientalis,Wetland,Insessorial
Acrocephalus orinus,Wetland,Insessorial
Acrocephalus paludicola,Wetland,Insessorial
Acrocephalus palustris,Shrubland,Insessorial
Acrocephalus percernis,Shrubland,Insessorial
Acrocephalus rehsei,Forest,Insessorial
Acrocephalus rimatarae,Wetland,Insessorial
Acrocephalus rimitarae,Wetland,Insessorial
Acrocephalus rodericanus,Shrubland,Insessorial
Acrocephalus rufescens,Wetland,Insessorial
Acrocephalus schoenobaenus,Wetland,Insessorial
Acrocephalus scirpaceus,Wetland,Insessorial
Acrocephalus sechellensis,Shrubland,Insessorial
Acrocephalus sorghophilus,Wetland,Insessorial
Acrocephalus stentoreus,Wetland,Insessorial
Acrocephalus syrinx,Forest,Terrestrial
Acrocephalus taiti,Woodland,Insessorial
Acrocephalus tangorum,Wetland,Insessorial
Acrocephalus vaughani,Forest,Insessorial
Acropternis orthonyx,Forest,Insessorial
Acryllium vulturinum,Shrubland,Terrestrial
Actenoides bougainvillei,Forest,Insessorial
Actenoides capucinus,Forest,Insessorial
Actenoides concretus,Forest,Insessorial
Actenoides excelsus,Forest,Insessorial
Actenoides hombroni,Forest,Insessorial
Actenoides lindsayi,Forest,Insessorial
Actenoides monachus,Forest,Insessorial
Actenoides princeps,Forest,Insessorial
Actenoides regalis,Forest,Insessorial
Actinodura cyanouroptera,Forest,Insessorial
Actinodura egertoni,Shrubland,Insessorial
Actinodura morrisoniana,Forest,Insessorial
Actinodura nipalensis,Forest,Insessorial
Actinodura radcliffei,Forest,Insessorial
Actinodura ramsayi,Forest,Insessorial
Actinodura sodangorum,Forest,Insessorial
Actinodura souliei,Forest,Insessorial
Actinodura strigula,Forest,Insessorial
Actinodura waldeni,Forest,Insessorial
Actitis hypoleucos,Wetland,Terrestrial
Actitis macularius,Wetland,Terrestrial
Actophilornis africanus,Wetland,Terrestrial
Actophilornis albinucha,Wetland,Terrestrial
Adelomyia melanogenys,Forest,Aerial
Aechmophorus clarkii,Wetland,Aquatic
Aechmophorus occidentalis,Wetland,Aquatic
Aegithalos annamensis,Forest,Insessorial
Aegithalos bonvaloti,Forest,Insessorial
Aegithalos caudatus,Forest,Insessorial
Aegithalos concinnus,Forest,Insessorial
Aegithalos fuliginosus,Forest,Insessorial
Aegithalos glaucogularis,Forest,Insessorial
Aegithalos iouschistos,Forest,Insessorial
Aegithalos iredalei,Forest,Insessorial
Aegithalos leucogenys,Forest,Insessorial
Aegithalos niveogularis,Forest,Insessorial
Aegithina lafresnayei,Forest,Insessorial
Aegithina nigrolutea,Shrubland,Insessorial
Aegithina tiphia,Forest,Insessorial
Aegithina viridissima,Forest,Insessorial
Aegolius acadicus,Forest,Insessorial
Aegolius funereus,Forest,Insessorial
Aegolius harrisii,Forest,Insessorial
Aegolius ridgwayi,Forest,Insessorial
Aegotheles affinis,Forest,Insessorial
Aegotheles albertisi,Forest,Insessorial
Aegotheles archboldi,Forest,Insessorial
Aegotheles bennettii,Forest,Insessorial
Aegotheles crinifrons,Forest,Insessorial
Aegotheles cristatus,Woodland,Insessorial
Aegotheles insignis,Forest,Insessorial
Aegotheles savesi,Forest,Insessorial
Aegotheles tatei,Forest,Insessorial
Aegotheles wallacii,Forest,Insessorial
Aegypius monachus,Forest,Terrestrial
Aenigmatolimnas marginalis,Grassland,Terrestrial
Aepypodius arfakianus,Forest,Terrestrial
Aepypodius bruijnii,Forest,Terrestrial
Aerodramus amelis,Forest,Aerial
Aerodramus bartschi,Forest,Aerial
Aerodramus brevirostris,Rock,Aerial
Aerodramus ceramensis,Forest,Aerial
Aerodramus elaphrus,Forest,Aerial
Aerodramus francicus,Forest,Aerial
Aerodramus fuciphagus,Forest,Aerial
Aerodramus germani,Forest,Aerial
Aerodramus hirundinaceus,Forest,Aerial
Aerodramus infuscatus,Forest,Aerial
Aerodramus inquietus,Forest,Aerial
Aerodramus leucophaeus,Forest,Aerial
Aerodramus maximus,Forest,Aerial
Aerodramus mearnsi,Forest,Aerial
Aerodramus nuditarsus,Forest,Aerial
Aerodramus ocistus,Forest,Aerial
Aerodramus orientalis,Forest,Aerial
Aerodramus papuensis,Rock,Aerial
Aerodramus pelewensis,Forest,Aerial
Aerodramus salangana,Rock,Aerial
Aerodramus sawtelli,Forest,Aerial
Aerodramus sororum,Forest,Aerial
Aerodramus spodiopygius,Forest,Aerial
Aerodramus terraereginae,Grassland,Aerial
Aerodramus unicolor,Rock,Aerial
Aerodramus vanikorensis,Forest,Aerial
Aerodramus vulcanorum,Rock,Aerial
Aerodramus whiteheadi,Forest,Aerial
Aeronautes andecolus,Shrubland,Aerial
Aeronautes montivagus,Forest,Aerial
Aeronautes saxatalis,Rock,Aerial
Aethia cristatella,Marine,Aquatic
Aethia psittacula,Marine,Aquatic
Aethia pusilla,Marine,Aquatic
Aethia pygmaea,Marine,Aquatic
Aethopyga bella,Forest,Insessorial
Aethopyga boltoni,Forest,Insessorial
Aethopyga christinae,Forest,Insessorial
Aethopyga decorosa,Forest,Insessorial
Aethopyga duyvenbodei,Forest,Insessorial
Aethopyga eximia,Forest,Insessorial
Aethopyga flagrans,Forest,Insessorial
Aethopyga gouldiae,Forest,Insessorial
Aethopyga guimarasensis,Forest,Insessorial
Aethopyga ignicauda,Forest,Insessorial
Aethopyga jefferyi,Forest,Insessorial
Aethopyga latouchii,Forest,Insessorial
Aethopyga linaraborae,Forest,Insessorial
Aethopyga magnifica,Forest,Insessorial
Aethopyga mystacalis,Forest,Insessorial
Aethopyga nipalensis,Forest,Insessorial
Aethopyga primigenia,Forest,Insessorial
Aethopyga pulcherrima,Forest,Insessorial
Aethopyga saturata,Forest,Insessorial
Aethopyga shelleyi,Forest,Insessorial
Aethopyga siparaja,Forest,Insessorial
Aethopyga temminckii,Forest,Insessorial
Aethopyga tibolii,Forest,Insessorial
Aethopyga vigorsii,Forest,Insessorial
Afropavo congensis,Forest,Terrestrial
Afrotis afra,Shrubland,Terrestrial
Afrotis afraoides,Grassland,Terrestrial
Agamia agami,Forest,Terrestrial
Agapornis canus,Forest,Insessorial
Agapornis fischeri,Woodland,Insessorial
Agapornis lilianae,Woodland,Generalist
Agapornis nigrigenis,Woodland,Generalist
Agapornis personatus,Shrubland,Terrestrial
Agapornis pullarius,Woodland,Terrestrial
Agapornis roseicollis,Shrubland,Terrestrial
Agapornis swindernianus,Forest,Generalist
Agapornis taranta,Forest,Generalist
Agelaioides badius,Forest,Terrestrial
Agelaioides fringillarius,Forest,Terrestrial
Agelaius assimilis,Wetland,Terrestrial
Agelaius humeralis,Shrubland,Terrestrial
Agelaius phoeniceus,Wetland,Generalist
Agelaius tricolor,Wetland,Terrestrial
Agelaius xanthomus,Wetland,Insessorial
Agelastes meleagrides,Forest,Terrestrial
Agelastes niger,Forest,Terrestrial
Agelasticus cyanopus,Wetland,Terrestrial
Agelasticus thilius,Wetland,Terrestrial
Agelasticus xanthophthalmus,Wetland,Terrestrial
Aglaeactis aliciae,Shrubland,Aerial
Aglaeactis castelnaudii,Shrubland,Aerial
Aglaeactis cupripennis,Shrubland,Aerial
Aglaeactis pamela,Shrubland,Aerial
Aglaiocercus berlepschi,Forest,Aerial
Aglaiocercus coelestis,Forest,Aerial
Aglaiocercus kingi,Forest,Aerial
Aglaiocercus kingii,Forest,Aerial
Agraphospiza rubescens,Forest,Terrestrial
Agricola infuscatus,Grassland,Insessorial
Agricola pallidus,Woodland,Insessorial
Agriornis albicauda,Shrubland,Insessorial
Agriornis lividus,Shrubland,Insessorial
Agriornis micropterus,Shrubland,Insessorial
Agriornis montanus,Shrubland,Insessorial
Agriornis murinus,Shrubland,Insessorial
Agropsar philippensis,Woodland,Insessorial
Agropsar sturninus,Forest,Generalist
Aidemosyne modesta,Shrubland,Terrestrial
Ailuroedus arfakianus,Forest,Insessorial
Ailuroedus astigmaticus,Forest,Insessorial
Ailuroedus buccoides,Forest,Insessorial
Ailuroedus crassirostris,Forest,Insessorial
Ailuroedus geislerorum,Forest,Insessorial
Ailuroedus jobiensis,Forest,Insessorial
Ailuroedus maculosus,Forest,Insessorial
Ailuroedus melanocephalus,Forest,Insessorial
Ailuroedus melanotis,Forest,Insessorial
Ailuroedus stonii,Forest,Insessorial
Aimophila aestivalis,Forest,Terrestrial
Aimophila botterii,Grassland,Terrestrial
Aimophila carpalis,Shrubland,Generalist
Aimophila cassinii,Grassland,Generalist
Aimophila humeralis,Shrubland,Generalist
Aimophila mystacalis,Shrubland,Generalist
Aimophila notosticta,Shrubland,Generalist
Aimophila quinquestriata,Shrubland,Generalist
Aimophila rufescens,Shrubland,Generalist
Aimophila ruficauda,Shrubland,Generalist
Aimophila ruficeps,Shrubland,Generalist
Aimophila stolzmanni,Shrubland,Generalist
Aimophila strigiceps,Woodland,Generalist
Aimophila sumichrasti,Shrubland,Generalist
Aix galericulata,Forest,Generalist
Aix sponsa,Wetland,Generalist
Akletos goeldii,Forest,Insessorial
Akletos melanoceps,Forest,Insessorial
Alaemon alaudipes,Desert,Terrestrial
Alaemon hamertoni,Grassland,Terrestrial
Alauda arvensis,Grassland,Terrestrial
Alauda gulgula,Grassland,Terrestrial
Alauda japonica,Grassland,Terrestrial
Alauda leucoptera,Grassland,Terrestrial
Alauda razae,Shrubland,Terrestrial
Alaudala cheleensis,Grassland,Terrestrial
Alaudala heinei,Grassland,Terrestrial
Alaudala raytal,Desert,Terrestrial
Alaudala rufescens,Grassland,Terrestrial
Alaudala somalica,Desert,Terrestrial
Alca torda,Marine,Aquatic
Alcedo argentata,Riverine,Insessorial
Alcedo atthis,Riverine,Insessorial
Alcedo azurea,Riverine,Insessorial
Alcedo coerulescens,Riverine,Insessorial
Alcedo cristata,Wetland,Insessorial
Alcedo cyanopectus,Riverine,Insessorial
Alcedo euryzona,Riverine,Insessorial
Alcedo hercules,Riverine,Insessorial
Alcedo leucogaster,Forest,Insessorial
Alcedo meninting,Riverine,Insessorial
Alcedo peninsulae,Riverine,Insessorial
Alcedo pusilla,Forest,Insessorial
Alcedo quadribrachys,Wetland,Insessorial
Alcedo semitorquata,Wetland,Insessorial
Alcedo vintsioides,Riverine,Insessorial
Alcedo websteri,Riverine,Insessorial
Alcippe brunnea,Forest,Generalist
Alcippe brunneicauda,Forest,Insessorial
Alcippe castaneceps,Forest,Insessorial
Alcippe chrysotis,Forest,Insessorial
Alcippe cinerea,Forest,Insessorial
Alcippe cinereiceps,Forest,Insessorial
Alcippe danisi,Forest,Insessorial
Alcippe davidi,Forest,Insessorial
Alcippe dubia,Forest,Generalist
Alcippe formosana,Forest,Insessorial
Alcippe fratercula,Forest,Insessorial
Alcippe grotei,Forest,Insessorial
Alcippe hueti,Forest,Insessorial
Alcippe klossi,Forest,Insessorial
Alcippe ludlowi,Forest,Insessorial
Alcippe manipurensis,Forest,Insessorial
Alcippe morrisonia,Forest,Insessorial
Alcippe nipalensis,Forest,Insessorial
Alcippe peracensis,Forest,Insessorial
Alcippe poioicephala,Forest,Insessorial
Alcippe pyrrhoptera,Forest,Insessorial
Alcippe ruficapilla,Forest,Insessorial
Alcippe rufogularis,Forest,Terrestrial
Alcippe striaticollis,Shrubland,Insessorial
Alcippe variegaticeps,Forest,Insessorial
Alcippe vinipectus,Shrubland,Insessorial
Alcurus striatus,Forest,Insessorial
Aleadryas rufinucha,Forest,Insessorial
Alectoris barbara,Rock,Terrestrial
Alectoris chukar,Shrubland,Terrestrial
Alectoris graeca,Rock,Terrestrial
Alectoris magna,Rock,Terrestrial
Alectoris melanocephala,Forest,Terrestrial
Alectoris philbyi,Grassland,Terrestrial
Alectoris rufa,Shrubland,Terrestrial
Alectroenas madagascariensis,Forest,Insessorial
Alectroenas pulcherrima,Forest,Insessorial
Alectroenas pulcherrimus,Forest,Insessorial
Alectroenas sganzini,Forest,Insessorial
Alectrurus risora,Grassland,Insessorial
Alectrurus tricolor,Grassland,Insessorial
Alectura lathami,Forest,Terrestrial
Alethe castanea,Forest,Generalist
Alethe choloensis,Forest,Terrestrial
Alethe diademata,Forest,Generalist
Alethe fuelleborni,Forest,Terrestrial
Alethe poliocephala,Forest,Terrestrial
Alethe poliophrys,Forest,Terrestrial
Alexandrinus eques,Forest,Insessorial
Alexandrinus krameri,Forest,Insessorial
Alipiopsitta xanthops,Forest,Insessorial
Alisterus amboinensis,Forest,Insessorial
Alisterus chloropterus,Forest,Insessorial
Alisterus scapularis,Forest,Insessorial
Alle alle,Marine,Aquatic
Allenia fusca,Shrubland,Insessorial
Alopecoenas beccarii,Forest,Terrestrial
Alopecoenas canifrons,Forest,Terrestrial
Alopecoenas erythropterus,Woodland,Terrestrial
Alopecoenas hoedtii,Forest,Terrestrial
Alopecoenas jobiensis,Forest,Terrestrial
Alopecoenas johannae,Forest,Terrestrial
Alopecoenas kubaryi,Forest,Terrestrial
Alopecoenas rubescens,Shrubland,Insessorial
Alopecoenas sanctaecrucis,Forest,Terrestrial
Alopecoenas stairi,Forest,Terrestrial
Alopecoenas xanthonurus,Forest,Insessorial
Alophoixus affinis,Forest,Insessorial
Alophoixus aureus,Forest,Insessorial
Alophoixus bres,Forest,Insessorial
Alophoixus chloris,Forest,Insessorial
Alophoixus finschii,Forest,Insessorial
Alophoixus flaveolus,Forest,Insessorial
Alophoixus frater,Forest,Insessorial
Alophoixus griseiceps,Forest,Insessorial
Alophoixus longirostris,Forest,Insessorial
Alophoixus lucasi,Forest,Insessorial
Alophoixus mystacalis,Forest,Insessorial
Alophoixus ochraceus,Forest,Insessorial
Alophoixus pallidus,Forest,Insessorial
Alophoixus phaeocephalus,Forest,Insessorial
Alophoixus platenae,Forest,Insessorial
Alophoixus ruficrissus,Forest,Insessorial
Alophoixus tephrogenys,Forest,Insessorial
Alopochelidon fucata,Grassland,Aerial
Alopochen aegyptiaca,Wetland,Generalist
Amadina erythrocephala,Grassland,Terrestrial
Amadina fasciata,Grassland,Terrestrial
Amalocichla incerta,Forest,Terrestrial
Amalocichla sclateriana,Forest,Terrestrial
Amandava amandava,Shrubland,Generalist
Amandava formosa,Grassland,Terrestrial
Amandava subflava,Grassland,Generalist
Amaurocichla bocagei,Forest,Terrestrial
Amaurocichla bocagii,Forest,Terrestrial
Amaurolimnas concolor,Forest,Terrestrial
Amaurornis akool,Wetland,Terrestrial
Amaurornis bicolor,Forest,Terrestrial
Amaurornis cinerea,Wetland,Terrestrial
Amaurornis flavirostra,Wetland,Terrestrial
Amaurornis isabellina,Wetland,Terrestrial
Amaurornis magnirostris,Forest,Terrestrial
Amaurornis marginalis,Grassland,Terrestrial
Amaurornis moluccana,Wetland,Terrestrial
Amaurornis olivacea,Wetland,Terrestrial
Amaurornis olivieri,Wetland,Terrestrial
Amaurornis phoenicurus,Wetland,Terrestrial
Amaurospiza carrizalensis,Forest,Insessorial
Amaurospiza concolor,Forest,Insessorial
Amaurospiza moesta,Forest,Insessorial
Amaurospiza relicta,Forest,Insessorial
Amazilia alfaroana,,Aerial
Amazilia amabilis,Forest,Aerial
Amazilia amazilia,Shrubland,Aerial
Amazilia bartletti,Forest,Aerial
Amazilia beryllina,Forest,Aerial
Amazilia boucardi,Shrubland,Aerial
Amazilia brevirostris,Forest,Aerial
Amazilia candida,Forest,Aerial
Amazilia castaneiventris,Forest,Aerial
Amazilia chionogaster,Shrubland,Aerial
Amazilia chrysura,Forest,Aerial
Amazilia coeruleogularis,Shrubland,Aerial
Amazilia cupreicauda,Forest,Aerial
Amazilia cyanifrons,Woodland,Aerial
Amazilia cyanocephala,Forest,Aerial
Amazilia cyanura,Woodland,Aerial
Amazilia cyanus,Forest,Aerial
Amazilia decora,Forest,Aerial
Amazilia edward,Forest,Aerial
Amazilia eliciae,Forest,Aerial
Amazilia fimbriata,Forest,Aerial
Amazilia franciae,Forest,Aerial
Amazilia goudoti,Shrubland,Aerial
Amazilia grayi,Shrubland,Aerial
Amazilia humboldtii,Shrubland,Aerial
Amazilia julie,Forest,Aerial
Amazilia lactea,Forest,Aerial
Amazilia leucogaster,Woodland,Aerial
Amazilia lilliae,Forest,Aerial
Amazilia luciae,Shrubland,Aerial
Amazilia oenone,Forest,Aerial
Amazilia rosenbergi,Forest,Aerial
Amazilia rutila,Woodland,Aerial
Amazilia sapphirina,Forest,Aerial
Amazilia saucerottei,Shrubland,Aerial
Amazilia saucerrottei,Shrubland,Aerial
Amazilia tobaci,Forest,Aerial
Amazilia tzacatl,Forest,Aerial
Amazilia versicolor,Forest,Aerial
Amazilia violiceps,Shrubland,Aerial
Amazilia viridicauda,Forest,Aerial
Amazilia viridifrons,Woodland,Aerial
Amazilia viridigaster,Forest,Aerial
Amazilia wagneri,Woodland,Aerial
Amazilia yucatanensis,Woodland,Aerial
Amazilis amazilia,Shrubland,Aerial
Amazona aestiva,Shrubland,Insessorial
Amazona agilis,Forest,Insessorial
Amazona albifrons,Woodland,Insessorial
Amazona amazonica,Forest,Insessorial
Amazona arausiaca,Forest,Insessorial
Amazona auropalliata,Woodland,Insessorial
Amazona autumnalis,Forest,Insessorial
Amazona barbadensis,Shrubland,Insessorial
Amazona bodini,Forest,Insessorial
Amazona brasiliensis,Forest,Insessorial
Amazona collaria,Forest,Insessorial
Amazona diadema,Forest,Insessorial
Amazona dufresniana,Forest,Insessorial
Amazona farinosa,Forest,Insessorial
Amazona festiva,Forest,Insessorial
Amazona finschi,Woodland,Insessorial
Amazona guatemalae,Forest,Insessorial
Amazona guildingii,Forest,Insessorial
Amazona imperialis,Forest,Insessorial
Amazona kawalli,Forest,Insessorial
Amazona leucocephala,Forest,Insessorial
Amazona lilacina,Forest,Insessorial
Amazona mercenaria,Forest,Insessorial
Amazona mercenarius,Forest,Insessorial
Amazona ochrocephala,Forest,Insessorial
Amazona oratrix,Forest,Insessorial
Amazona pretrei,Forest,Insessorial
Amazona rhodocorytha,Forest,Insessorial
Amazona tucumana,Forest,Insessorial
Amazona ventralis,Forest,Insessorial
Amazona versicolor,Forest,Insessorial
Amazona vinacea,Forest,Insessorial
Amazona viridigenalis,Forest,Insessorial
Amazona vittata,Forest,Insessorial
Amazona xantholora,Woodland,Insessorial
Amazonetta brasiliensis,Wetland,Aquatic
Amblycercus holosericeus,Forest,Insessorial
Amblyornis flavifrons,Forest,Insessorial
Amblyornis inornata,Forest,Insessorial
Amblyornis macgregoriae,Forest,Insessorial
Amblyornis newtoniana,Forest,Insessorial
Amblyornis subalaris,Forest,Insessorial
Amblyospiza albifrons,Woodland,Insessorial
Amblyramphus holosericeus,Wetland,Insessorial
Ammodramus aurifrons,Shrubland,Terrestrial
Ammodramus bairdii,Grassland,Generalist
Ammodramus caudacutus,Wetland,Generalist
Ammodramus henslowii,Grassland,Generalist
Ammodramus humeralis,Grassland,Terrestrial
Ammodramus leconteii,Grassland,Generalist
Ammodramus maritimus,Wetland,Terrestrial
Ammodramus nelsoni,Wetland,Generalist
Ammodramus savannarum,Grassland,Generalist
Ammomanes cinctura,Desert,Terrestrial
Ammomanes deserti,Desert,Terrestrial
Ammomanes grayi,Desert,Terrestrial
Ammomanes phoenicura,Grassland,Terrestrial
Ammomanopsis grayi,Desert,Terrestrial
Ammonastes pelzelni,Forest,Terrestrial
Ammoperdix griseogularis,Shrubland,Terrestrial
Ammoperdix heyi,Desert,Terrestrial
Ammospiza caudacuta,Wetland,Generalist
Ammospiza leconteii,Grassland,Generalist
Ammospiza maritima,Wetland,Terrestrial
Ammospiza nelsoni,Wetland,Generalist
Ampeliceps coronatus,Forest,Insessorial
Ampelioides tschudii,Forest,Insessorial
Ampelion rubrocristatus,Forest,Insessorial
Ampelion rufaxilla,Forest,Insessorial
Ampelornis griseiceps,Forest,Insessorial
Amphilais seebohmi,Shrubland,Insessorial
Amphispiza belli,Shrubland,Terrestrial
Amphispiza bilineata,Shrubland,Generalist
Amphispiza quinquestriata,Shrubland,Generalist
Amphispizopsis quinquestriata,Shrubland,Generalist
Amytornis ballarae,Shrubland,Terrestrial
Amytornis barbatus,Grassland,Generalist
Amytornis dorotheae,Rock,Terrestrial
Amytornis goyderi,Grassland,Terrestrial
Amytornis housei,Rock,Terrestrial
Amytornis merrotsyi,Grassland,Terrestrial
Amytornis modestus,Grassland,Generalist
Amytornis purnelli,Shrubland,Terrestrial
Amytornis rowleyi,Grassland,Terrestrial
Amytornis striatus,Grassland,Terrestrial
Amytornis textilis,Grassland,Generalist
Amytornis whitei,Grassland,Terrestrial
Amytornis woodwardi,Rock,Terrestrial
Anabacerthia amaurotis,Forest,Insessorial
Anabacerthia lichtensteini,Forest,Insessorial
Anabacerthia ruficaudata,Forest,Insessorial
Anabacerthia striaticollis,Forest,Insessorial
Anabacerthia variegaticeps,Forest,Insessorial
Anabathmis hartlaubii,Forest,Insessorial
Anabathmis newtonii,Forest,Insessorial
Anabathmis reichenbachii,Wetland,Insessorial
Anabazenops dorsalis,Forest,Insessorial
Anabazenops fuscus,Forest,Insessorial
Anairetes agilis,Forest,Insessorial
Anairetes agraphia,Forest,Insessorial
Anairetes alpinus,Forest,Insessorial
Anairetes fernandezianus,Forest,Insessorial
Anairetes flavirostris,Shrubland,Insessorial
Anairetes nigrocristatus,Shrubland,Insessorial
Anairetes parulus,Shrubland,Insessorial
Anairetes reguloides,Shrubland,Insessorial
Analisoma analis,Forest,Insessorial
Analisoma coerulescens,Forest,Insessorial
Analisoma ostenta,Forest,Insessorial
Anaplectes jubaensis,Woodland,Insessorial
Anaplectes leuconotos,Woodland,Insessorial
Anaplectes rubriceps,Woodland,Insessorial
Anarhynchus frontalis,Riverine,Terrestrial
Anas acuta,Wetland,Aquatic
Anas albogularis,Wetland,Aquatic
Anas americana,Wetland,Terrestrial
Anas andium,Wetland,Aquatic
Anas aucklandica,Wetland,Aquatic
Anas bahamensis,Wetland,Aquatic
Anas bernieri,Wetland,Generalist
Anas capensis,Wetland,Aquatic
Anas carolinensis,Wetland,Aquatic
Anas castanea,Wetland,Aquatic
Anas chlorotis,Wetland,Aquatic
Anas clypeata,Wetland,Aquatic
Anas crecca,Wetland,Aquatic
Anas cyanoptera,Wetland,Aquatic
Anas diazi,Wetland,Aquatic
Anas discors,Wetland,Aquatic
Anas eatoni,Wetland,Aquatic
Anas erythrorhyncha,Wetland,Aquatic
Anas falcata,Wetland,Aquatic
Anas flavirostris,Wetland,Aquatic
Anas formosa,Wetland,Aquatic
Anas fulvigula,Wetland,Aquatic
Anas georgica,Wetland,Aquatic
Anas gibberifrons,Wetland,Aquatic
Anas gracilis,Wetland,Aquatic
Anas hottentota,Wetland,Generalist
Anas laysanensis,Wetland,Aquatic
Anas luzonica,Wetland,Aquatic
Anas melleri,Wetland,Aquatic
Anas nesiotis,Wetland,Aquatic
Anas penelope,Wetland,Terrestrial
Anas platalea,Wetland,Aquatic
Anas platyrhynchos,Wetland,Aquatic
Anas poecilorhyncha,Wetland,Aquatic
Anas puna,Wetland,Aquatic
Anas querquedula,Wetland,Aquatic
Anas rhynchotis,Wetland,Aquatic
Anas rubripes,Wetland,Aquatic
Anas sibilatrix,Wetland,Terrestrial
Anas smithii,Wetland,Aquatic
Anas sparsa,Wetland,Aquatic
Anas strepera,Wetland,Aquatic
Anas superciliosa,Wetland,Aquatic
Anas undulata,Wetland,Aquatic
Anas versicolor,Wetland,Aquatic
Anas wyvilliana,Riverine,Generalist
Anas zonorhyncha,Wetland,Aquatic
Anastomus lamelligerus,Wetland,Terrestrial
Anastomus oscitans,Wetland,Terrestrial
Ancistrops strigilatus,Forest,Insessorial
Andigena cucullata,Forest,Insessorial
Andigena hypoglauca,Forest,Insessorial
Andigena laminirostris,Forest,Insessorial
Andigena nigrirostris,Forest,Insessorial
Androdon aequatorialis,Forest,Aerial
Andropadus ansorgei,Forest,Insessorial
Andropadus curvirostris,Forest,Insessorial
Andropadus gracilirostris,Forest,Insessorial
Andropadus gracilis,Forest,Insessorial
Andropadus importunus,Shrubland,Insessorial
Andropadus latirostris,Forest,Insessorial
Andropadus masukuensis,Forest,Insessorial
Andropadus milanjensis,Forest,Insessorial
Andropadus montanus,Forest,Insessorial
Andropadus nigriceps,Forest,Insessorial
Andropadus tephrolaemus,Forest,Insessorial
Andropadus virens,Forest,Insessorial
Androphobus viridis,Forest,Terrestrial
Anhima cornuta,Wetland,Terrestrial
Anhinga anhinga,Wetland,Aquatic
Anhinga melanogaster,Wetland,Aquatic
Anhinga novaehollandiae,Wetland,Aquatic
Anhinga rufa,Wetland,Aquatic
Anisognathus flavinucha,Forest,Insessorial
Anisognathus igniventris,Forest,Insessorial
Anisognathus lacrymosus,Forest,Insessorial
Anisognathus lunulatus,Forest,Insessorial
Anisognathus melanogenys,Forest,Insessorial
Anisognathus notabilis,Forest,Insessorial
Anisognathus somptuosus,Forest,Insessorial
Anodorhynchus glaucus,,Insessorial
Anodorhynchus hyacinthinus,Forest,Insessorial
Anodorhynchus leari,Shrubland,Insessorial
Anomalospiza imberbis,Grassland,Terrestrial
Anopetia gounellei,Shrubland,Aerial
Anorrhinus austeni,Forest,Insessorial
Anorrhinus galeritus,Forest,Insessorial
Anorrhinus tickelli,Forest,Insessorial
Anous albivitta,Marine,Aerial
Anous albivittus,Marine,Aerial
Anous ceruleus,Marine,Aerial
Anous minutus,Marine,Aerial
Anous stolidus,Marine,Aerial
Anous tenuirostris,Marine,Aerial
Anser albifrons,Grassland,Terrestrial
Anser anser,Wetland,Terrestrial
Anser brachyrhynchus,Grassland,Terrestrial
Anser caerulescens,Grassland,Terrestrial
Anser canagicus,Coastal,Terrestrial
Anser cygnoid,Wetland,Terrestrial
Anser cygnoides,Wetland,Terrestrial
Anser erythropus,Grassland,Terrestrial
Anser fabalis,Wetland,Terrestrial
Anser indicus,Wetland,Terrestrial
Anser rossii,Wetland,Terrestrial
Anser serrirostris,Grassland,Terrestrial
Anseranas semipalmata,Wetland,Terrestrial
Anthipes monileger,Forest,Insessorial
Anthipes solitaris,Forest,Insessorial
Anthobaphes violacea,Shrubland,Insessorial
Anthocephala berlepschi,Forest,Aerial
Anthocephala floriceps,Forest,Aerial
Anthochaera carunculata,Forest,Insessorial
Anthochaera chrysoptera,Forest,Insessorial
Anthochaera lunulata,Shrubland,Insessorial
Anthochaera paradoxa,Forest,Insessorial
Anthochaera phrygia,Forest,Insessorial
Anthornis melanura,Forest,Insessorial
Anthoscopus caroli,Woodland,Insessorial
Anthoscopus flavifrons,Forest,Insessorial
Anthoscopus minutus,Shrubland,Insessorial
Anthoscopus musculus,Shrubland,Insessorial
Anthoscopus parvulus,Shrubland,Insessorial
Anthoscopus punctifrons,Desert,Insessorial
Anthoscopus sylviella,Shrubland,Insessorial
Anthracoceros albirostris,Forest,Insessorial
Anthracoceros coronatus,Forest,Insessorial
Anthracoceros malayanus,Forest,Insessorial
Anthracoceros marchei,Forest,Insessorial
Anthracoceros montani,Forest,Insessorial
Anthracothorax aurulentus,Shrubland,Aerial
Anthracothorax dominicus,Shrubland,Aerial
Anthracothorax mango,Forest,Aerial
Anthracothorax nigricollis,Shrubland,Aerial
Anthracothorax prevostii,Shrubland,Aerial
Anthracothorax veraguensis,Shrubland,Aerial
Anthracothorax viridigula,Woodland,Aerial
Anthracothorax viridis,Forest,Aerial
Anthreptes anchietae,Woodland,Insessorial
Anthreptes aurantium,Forest,Insessorial
Anthreptes aurantius,Forest,Insessorial
Anthreptes collaris,Forest,Insessorial
Anthreptes fraseri,Forest,Insessorial
Anthreptes gabonicus,Woodland,Insessorial
Anthreptes griseigularis,Woodland,Insessorial
Anthreptes longuemarei,Woodland,Insessorial
Anthreptes malacensis,Woodland,Insessorial
Anthreptes metallicus,Shrubland,Insessorial
Anthreptes neglectus,Forest,Insessorial
Anthreptes orientalis,Woodland,Insessorial
Anthreptes pallidigaster,Woodland,Insessorial
Anthreptes platurus,Woodland,Insessorial
Anthreptes rectirostris,Forest,Insessorial
Anthreptes reichenowi,Forest,Insessorial
Anthreptes rhodolaemus,Forest,Insessorial
Anthreptes rubritorques,Forest,Insessorial
Anthreptes seimundi,Forest,Insessorial
Anthreptes simplex,Forest,Insessorial
Anthreptes singalensis,Forest,Insessorial
Anthreptes tephrolaemus,Forest,Insessorial
Anthropoides paradiseus,Grassland,Terrestrial
Anthropoides virgo,Grassland,Terrestrial
Anthus antarcticus,Grassland,Terrestrial
Anthus berthelotii,Rock,Terrestrial
Anthus bogotensis,Grassland,Terrestrial
Anthus brachyurus,Grassland,Terrestrial
Anthus caffer,Grassland,Terrestrial
Anthus campestris,Grassland,Terrestrial
Anthus cervinus,Grassland,Terrestrial
Anthus chacoensis,Grassland,Terrestrial
Anthus chloris,Grassland,Terrestrial
Anthus cinnamomeus,Grassland,Terrestrial
Anthus correndera,Grassland,Terrestrial
Anthus crenatus,Grassland,Terrestrial
Anthus furcatus,Grassland,Terrestrial
Anthus godlewskii,Rock,Terrestrial
Anthus gustavi,Shrubland,Terrestrial
Anthus gutturalis,Grassland,Terrestrial
Anthus hellmayri,Grassland,Terrestrial
Anthus hodgsoni,Grassland,Terrestrial
Anthus hoeschi,Grassland,Terrestrial
Anthus leucophrys,Grassland,Terrestrial
Anthus lineiventris,Grassland,Terrestrial
Anthus longicaudatus,,Terrestrial
Anthus lutescens,Shrubland,Terrestrial
Anthus melindae,Grassland,Terrestrial
Anthus nattereri,Grassland,Terrestrial
Anthus nicholsoni,Grassland,Terrestrial
Anthus nilghiriensis,Grassland,Terrestrial
Anthus novaeseelandiae,Grassland,Terrestrial
Anthus nyassae,Grassland,Terrestrial
Anthus pallidiventris,Grassland,Terrestrial
Anthus peruvianus,Shrubland,Terrestrial
Anthus petrosus,Rock,Terrestrial
Anthus pratensis,Grassland,Terrestrial
Anthus richardi,Grassland,Terrestrial
Anthus roseatus,Grassland,Terrestrial
Anthus rubescens,Grassland,Terrestrial
Anthus rufulus,Grassland,Terrestrial
Anthus similis,Grassland,Terrestrial
Anthus sokokensis,Forest,Terrestrial
Anthus spinoletta,Grassland,Terrestrial
Anthus spragueii,Grassland,Terrestrial
Anthus sylvanus,Grassland,Terrestrial
Anthus trivialis,Woodland,Terrestrial
Anthus vaalensis,Grassland,Terrestrial
Antigone antigone,Wetland,Terrestrial
Antigone canadensis,Wetland,Terrestrial
Antigone rubicunda,Wetland,Terrestrial
Antigone vipio,Wetland,Terrestrial
Antilophia bokermanni,Woodland,Insessorial
Antilophia galeata,Forest,Insessorial
Antrostomus arizonae,Forest,Generalist
Antrostomus badius,Woodland,Aerial
Antrostomus carolinensis,Woodland,Aerial
Antrostomus cubanensis,Forest,Aerial
Antrostomus ekmani,,Aerial
Antrostomus noctitherus,Woodland,Generalist
Antrostomus ridgwayi,Rock,Generalist
Antrostomus rufus,Woodland,Generalist
Antrostomus salvini,Woodland,Insessorial
Antrostomus saturatus,Forest,Insessorial
Antrostomus sericocaudatus,Forest,Aerial
Antrostomus vociferus,Forest,Generalist
Anumara forbesi,Forest,Generalist
Anumbius annumbi,Grassland,Generalist
Anurolimnas castaneiceps,Human Modified,Terrestrial
Anurolimnas fasciatus,Forest,Terrestrial
Anurolimnas viridis,Grassland,Terrestrial
Anurophasis monorthonyx,Shrubland,Terrestrial
Apalharpactes mackloti,Forest,Insessorial
Apalharpactes reinwardtii,Forest,Insessorial
Apalis alticola,Forest,Insessorial
Apalis argentea,Forest,Insessorial
Apalis bamendae,Forest,Insessorial
Apalis binotata,Woodland,Insessorial
Apalis chapini,Forest,Insessorial
Apalis chariessa,Forest,Insessorial
Apalis chirindensis,Forest,Insessorial
Apalis cinerea,Forest,Insessorial
Apalis flavida,Woodland,Insessorial
Apalis flavigularis,Forest,Insessorial
Apalis flavocincta,Woodland,Insessorial
Apalis fuscigularis,Forest,Insessorial
Apalis goslingi,Forest,Insessorial
Apalis jacksoni,Forest,Insessorial
Apalis kaboboensis,Forest,Insessorial
Apalis karamojae,Shrubland,Insessorial
Apalis lynesi,Forest,Insessorial
Apalis melanocephala,Forest,Insessorial
Apalis nigriceps,Forest,Insessorial
Apalis personata,Forest,Insessorial
Apalis porphyrolaema,Forest,Insessorial
Apalis ruddi,Woodland,Insessorial
Apalis rufogularis,Forest,Insessorial
Apalis sharpii,Forest,Insessorial
Apalis thoracica,Forest,Insessorial
Apaloderma aequatoriale,Forest,Insessorial
Apaloderma narina,Forest,Insessorial
Apaloderma vittatum,Forest,Insessorial
Apalopteron familiare,Forest,Insessorial
Aphanotriccus audax,Forest,Insessorial
Aphanotriccus capitalis,Forest,Insessorial
Aphantochroa cirrochloris,Forest,Aerial
Aphelocephala leucopsis,Woodland,Terrestrial
Aphelocephala nigricincta,Shrubland,Terrestrial
Aphelocephala pectoralis,Shrubland,Terrestrial
Aphelocoma californica,Shrubland,Terrestrial
Aphelocoma coerulescens,Shrubland,Insessorial
Aphelocoma insularis,Shrubland,Terrestrial
Aphelocoma ultramarina,Forest,Generalist
Aphelocoma unicolor,Forest,Insessorial
Aphelocoma wollweberi,Forest,Generalist
Aphelocoma woodhouseii,Shrubland,Terrestrial
Aphrastura masafucrae,Forest,Insessorial
Aphrastura masafuerae,Forest,Insessorial
Aphrastura spinicauda,Forest,Insessorial
Aphriza virgata,Coastal,Terrestrial
Aphrodroma brevirostris,Marine,Generalist
Aplonis atrifusca,Forest,Insessorial
Aplonis brunneicapillus,Forest,Insessorial
Aplonis cantoroides,Forest,Insessorial
Aplonis cinerascens,Forest,Insessorial
Aplonis circumscripta,Forest,Insessorial
Aplonis crassa,Forest,Insessorial
Aplonis dichroa,Forest,Insessorial
Aplonis feadensis,Forest,Insessorial
Aplonis grandis,Forest,Insessorial
Aplonis insularis,Forest,Insessorial
Aplonis magna,Forest,Insessorial
Aplonis metallica,Forest,Insessorial
Aplonis minor,Forest,Insessorial
Aplonis mysolensis,Forest,Insessorial
Aplonis mystacea,Forest,Insessorial
Aplonis opaca,Forest,Insessorial
Aplonis panayensis,Shrubland,Insessorial
Aplonis pelzelni,Forest,Insessorial
Aplonis santovestris,Forest,Insessorial
Aplonis striata,Forest,Insessorial
Aplonis tabuensis,Forest,Insessorial
Aplonis zelandica,Forest,Insessorial
Aplopelia larvata,Forest,Terrestrial
Aprositornis disjuncta,Forest,Insessorial
Aprosmictus erythropterus,Forest,Insessorial
Aprosmictus jonquillaceus,Woodland,Insessorial
Aptenodytes forsteri,Marine,Aquatic
Aptenodytes patagonicus,Marine,Aquatic
Apteryx australis,Forest,Terrestrial
Apteryx haastii,Forest,Terrestrial
Apteryx mantelli,Forest,Terrestrial
Apteryx owenii,Forest,Terrestrial
Apteryx rowi,Forest,Terrestrial
Apus acuticauda,Forest,Aerial
Apus aequatorialis,Shrubland,Aerial
Apus affinis,Human Modified,Aerial
Apus alexandri,Rock,Aerial
Apus apus,Human Modified,Aerial
Apus balstoni,Rock,Aerial
Apus barbatus,Rock,Aerial
Apus batesi,Forest,Aerial
Apus berliozi,Rock,Aerial
Apus bradfieldi,Desert,Aerial
Apus caffer,Shrubland,Aerial
Apus cooki,Woodland,Aerial
Apus horus,Shrubland,Aerial
Apus leuconyx,Woodland,Aerial
Apus melba,Rock,Aerial
Apus niansae,Rock,Aerial
Apus nipalensis,Human Modified,Aerial
Apus pacificus,Woodland,Aerial
Apus pallidus,Rock,Aerial
Apus salimalii,Woodland,Aerial
Apus sladeniae,Rock,Aerial
Apus toulsoni,Shrubland,Aerial
Apus unicolor,Rock,Aerial
Aquila adalberti,Woodland,Generalist
Aquila africana,Woodland,Generalist
Aquila africanus,Woodland,Generalist
Aquila audax,Woodland,Generalist
Aquila chrysaetos,Grassland,Aerial
Aquila clanga,Wetland,Generalist
Aquila fasciata,Rock,Aerial
Aquila fasciatus,Rock,Aerial
Aquila gurneyi,Forest,Aerial
Aquila hastata,Woodland,Generalist
Aquila heliaca,Woodland,Generalist
Aquila nipalensis,Grassland,Aerial
Aquila pomarina,Forest,Generalist
Aquila rapax,Shrubland,Generalist
Aquila spilogaster,Grassland,Generalist
Aquila verreauxii,Rock,Aerial
Aquila wahlbergi,Shrubland,Insessorial
Ara ambiguus,Forest,Insessorial
Ara ararauna,Forest,Insessorial
Ara chloropterus,Forest,Insessorial
Ara glaucogularis,Forest,Insessorial
Ara macao,Forest,Insessorial
Ara militaris,Forest,Insessorial
Ara rubrogenys,Shrubland,Insessorial
Ara severus,Forest,Insessorial
Arachnothera affinis,Forest,Insessorial
Arachnothera chrysogenys,Forest,Insessorial
Arachnothera clarae,Forest,Insessorial
Arachnothera crassirostris,Forest,Insessorial
Arachnothera dilutior,Forest,Insessorial
Arachnothera everetti,Forest,Insessorial
Arachnothera flammifera,Forest,Insessorial
Arachnothera flavigaster,Forest,Insessorial
Arachnothera juliae,Forest,Insessorial
Arachnothera longirostra,Forest,Insessorial
Arachnothera magna,Forest,Insessorial
Arachnothera modesta,Forest,Insessorial
Arachnothera robusta,Forest,Insessorial
Aramides albiventris,Forest,Terrestrial
Aramides axillaris,Woodland,Terrestrial
Aramides cajanea,Forest,Terrestrial
Aramides cajaneus,Forest,Terrestrial
Aramides calopterus,Forest,Terrestrial
Aramides mangle,Woodland,Terrestrial
Aramides saracura,Forest,Terrestrial
Aramides wolfi,Woodland,Terrestrial
Aramides ypecaha,Forest,Terrestrial
Aramidopsis plateni,Woodland,Terrestrial
Aramus guarauna,Wetland,Terrestrial
Aratinga acuticaudata,Shrubland,Insessorial
Aratinga aurea,Grassland,Insessorial
Aratinga auricapillus,Forest,Insessorial
Aratinga brevipes,Forest,Insessorial
Aratinga cactorum,Woodland,Insessorial
Aratinga canicularis,Woodland,Insessorial
Aratinga chloroptera,Forest,Insessorial
Aratinga erythrogenys,Woodland,Insessorial
Aratinga euops,Woodland,Insessorial
Aratinga finschi,Forest,Insessorial
Aratinga holochlora,Forest,Insessorial
Aratinga jandaya,Forest,Insessorial
Aratinga leucophthalma,Forest,Insessorial
Aratinga maculata,Forest,Insessorial
Aratinga mitrata,Forest,Insessorial
Aratinga nana,Forest,Insessorial
Aratinga nenday,Forest,Insessorial
Aratinga pertinax,Woodland,Insessorial
Aratinga rubritorquis,Forest,Insessorial
Aratinga solstitialis,Forest,Insessorial
Aratinga wagleri,Forest,Insessorial
Aratinga weddellii,Forest,Insessorial
Arborophila ardens,Forest,Terrestrial
Arborophila atrogularis,Forest,Terrestrial
Arborophila brunneopectus,Forest,Terrestrial
Arborophila cambodiana,Forest,Terrestrial
Arborophila campbelli,Forest,Terrestrial
Arborophila charltonii,Forest,Terrestrial
Arborophila chloropus,Forest,Terrestrial
Arborophila crudigularis,Forest,Terrestrial
Arborophila davidi,Forest,Terrestrial
Arborophila gingica,Woodland,Terrestrial
Arborophila graydoni,Forest,Terrestrial
Arborophila hyperythra,Forest,Terrestrial
Arborophila javanica,Forest,Terrestrial
Arborophila mandellii,Forest,Terrestrial
Arborophila orientalis,Forest,Terrestrial
Arborophila rolli,Forest,Terrestrial
Arborophila rubrirostris,Forest,Terrestrial
Arborophila rufipectus,Forest,Terrestrial
Arborophila rufogularis,Forest,Terrestrial
Arborophila sumatrana,Forest,Terrestrial
Arborophila tonkinensis,Forest,Terrestrial
Arborophila torqueola,Forest,Terrestrial
Arcanator orostruthus,Forest,Terrestrial
Archboldia papuensis,Forest,Insessorial
Archilochus alexandri,Forest,Aerial
Archilochus colubris,Woodland,Generalist
Ardea alba,Wetland,Terrestrial
Ardea brachyrhyncha,Wetland,Terrestrial
Ardea cinerea,Wetland,Terrestrial
Ardea cocoi,Wetland,Terrestrial
Ardea goliath,Wetland,Terrestrial
Ardea herodias,Wetland,Terrestrial
Ardea humbloti,Coastal,Terrestrial
Ardea insignis,Wetland,Terrestrial
Ardea intermedia,Wetland,Terrestrial
Ardea melanocephala,Wetland,Terrestrial
Ardea occidentalis,Wetland,Terrestrial
Ardea pacifica,Wetland,Terrestrial
Ardea picata,Coastal,Terrestrial
Ardea plumifera,Wetland,Terrestrial
Ardea purpurea,Wetland,Terrestrial
Ardea sumatrana,Coastal,Terrestrial
Ardenna bulleri,Marine,Aquatic
Ardenna carneipes,Marine,Aerial
Ardenna creatopus,Marine,Generalist
Ardenna gravis,Marine,Aerial
Ardenna grisea,Marine,Generalist
Ardenna pacifica,Marine,Generalist
Ardenna tenuirostris,Marine,Generalist
Ardeola bacchus,Wetland,Terrestrial
Ardeola grayii,Wetland,Terrestrial
Ardeola idae,Wetland,Terrestrial
Ardeola ralloides,Wetland,Terrestrial
Ardeola rufiventris,Wetland,Terrestrial
Ardeola speciosa,Wetland,Terrestrial
Ardeotis arabs,Grassland,Terrestrial
Ardeotis australis,Grassland,Terrestrial
Ardeotis kori,Grassland,Terrestrial
Ardeotis nigriceps,Grassland,Terrestrial
Arenaria interpres,Coastal,Terrestrial
Arenaria melanocephala,Coastal,Terrestrial
Argusianus argus,Forest,Terrestrial
Argya affinis,Shrubland,Generalist
Argya altirostris,Wetland,Generalist
Argya aylmeri,Shrubland,Generalist
Argya caudata,Shrubland,Terrestrial
Argya cinereifrons,Forest,Generalist
Argya earlei,Wetland,Generalist
Argya fulva,Shrubland,Generalist
Argya gularis,Shrubland,Terrestrial
Argya huttoni,Shrubland,Terrestrial
Argya longirostris,Grassland,Terrestrial
Argya malcolmi,Shrubland,Generalist
Argya rubiginosa,Shrubland,Terrestrial
Argya rufescens,Forest,Insessorial
Argya squamiceps,Shrubland,Generalist
Argya striata,Woodland,Generalist
Argya subrufa,Shrubland,Generalist
Arizelocichla chlorigula,Forest,Insessorial
Arizelocichla fusciceps,Forest,Insessorial
Arizelocichla masukuensis,Forest,Insessorial
Arizelocichla milanjensis,Forest,Insessorial
Arizelocichla montana,Forest,Insessorial
Arizelocichla neumanni,Forest,Insessorial
Arizelocichla nigriceps,Forest,Insessorial
Arizelocichla striifacies,Forest,Insessorial
Arizelocichla tephrolaema,Forest,Insessorial
Arremon abeillei,Woodland,Generalist
Arremon assimilis,Forest,Generalist
Arremon atricapillus,Forest,Generalist
Arremon aurantiirostris,Forest,Insessorial
Arremon axillaris,Forest,Insessorial
Arremon basilicus,Forest,Generalist
Arremon brunneinucha,Forest,Generalist
Arremon castaneiceps,Forest,Generalist
Arremon costaricensis,Forest,Generalist
Arremon crassirostris,Forest,Generalist
Arremon dorbignii,Forest,Insessorial
Arremon flavirostris,Forest,Insessorial
Arremon franciscanus,Shrubland,Insessorial
Arremon nigriceps,Woodland,Generalist
Arremon perijanus,Forest,Generalist
Arremon phaeopleurus,Forest,Generalist
Arremon phygas,Forest,Generalist
Arremon schlegeli,Woodland,Insessorial
Arremon semitorquatus,Forest,Insessorial
Arremon taciturnus,Forest,Insessorial
Arremon torquatus,Forest,Generalist
Arremon virenticeps,Forest,Generalist
Arremonops chloronotus,Forest,Generalist
Arremonops conirostris,Forest,Terrestrial
Arremonops rufivirgatus,Woodland,Generalist
Arremonops tocuyensis,Woodland,Generalist
Arses insularis,Forest,Insessorial
Arses kaupi,Forest,Insessorial
Arses lorealis,Forest,Insessorial
Arses telescophthalmus,Forest,Insessorial
Arses telescopthalmus,Forest,Insessorial
Artamella viridis,Forest,Insessorial
Artamus cinereus,Woodland,Aerial
Artamus cyanopterus,Woodland,Aerial
Artamus fuscus,Woodland,Aerial
Artamus insignis,Forest,Aerial
Artamus leucoryn,Woodland,Aerial
Artamus leucorynchus,Woodland,Aerial
Artamus maximus,Forest,Aerial
Artamus mentalis,Woodland,Aerial
Artamus minor,Woodland,Aerial
Artamus monachus,Forest,Aerial
Artamus personatus,Woodland,Aerial
Artamus superciliosus,Woodland,Aerial
Artemisiospiza belli,Shrubland,Terrestrial
Artemisiospiza nevadensis,Shrubland,Terrestrial
Artisornis metopias,Forest,Insessorial
Artisornis moreaui,Forest,Insessorial
Artisornis sousae,Forest,Insessorial
Arundinax aedon,Shrubland,Insessorial
Arundinicola leucocephala,Wetland,Insessorial
Asarcornis scutulata,Wetland,Aquatic
Asemospiza fuliginosa,Shrubland,Insessorial
Asemospiza obscura,Shrubland,Terrestrial
Ashbyia lovensis,Desert,Terrestrial
Asio abyssinicus,Forest,Aerial
Asio capensis,Grassland,Generalist
Asio clamator,Grassland,Aerial
Asio flammeus,Grassland,Aerial
Asio grammicus,Forest,Insessorial
Asio madagascariensis,Forest,Aerial
Asio otus,Forest,Aerial
Asio solomonensis,Forest,Insessorial
Asio stygius,Forest,Insessorial
Aspatha gularis,Forest,Insessorial
Asthenes anthoides,Grassland,Terrestrial
Asthenes arequipae,Shrubland,Terrestrial
Asthenes ayacuchensis,Grassland,Insessorial
Asthenes baeri,Shrubland,Insessorial
Asthenes berlepschi,Shrubland,Terrestrial
Asthenes cactorum,Shrubland,Terrestrial
Asthenes coryi,Grassland,Insessorial
Asthenes dorbignyi,Shrubland,Terrestrial
Asthenes flammulata,Grassland,Generalist
Asthenes fuliginosa,Grassland,Insessorial
Asthenes griseomurina,Grassland,Insessorial
Asthenes harterti,Grassland,Insessorial
Asthenes helleri,Grassland,Insessorial
Asthenes heterura,Shrubland,Terrestrial
Asthenes huancavelicae,Shrubland,Terrestrial
Asthenes hudsoni,Grassland,Generalist
Asthenes humicola,Shrubland,Generalist
Asthenes humilis,Grassland,Terrestrial
Asthenes luizae,Shrubland,Terrestrial
Asthenes maculicauda,Grassland,Generalist
Asthenes modesta,Grassland,Terrestrial
Asthenes moreirae,Shrubland,Insessorial
Asthenes ottonis,Shrubland,Generalist
Asthenes palpebralis,Grassland,Insessorial
Asthenes patagonica,Shrubland,Terrestrial
Asthenes perijana,Grassland,Insessorial
Asthenes pudibunda,Shrubland,Insessorial
Asthenes pyrrholeuca,Shrubland,Insessorial
Asthenes sclateri,Grassland,Generalist
Asthenes steinbachi,Shrubland,Terrestrial
Asthenes urubambensis,Grassland,Insessorial
Asthenes usheri,Shrubland,Terrestrial
Asthenes vilcabambae,Grassland,Insessorial
Asthenes virgata,Grassland,Generalist
Asthenes wyatti,Grassland,Generalist
Astrapia mayeri,Forest,Insessorial
Astrapia nigra,Forest,Insessorial
Astrapia rothschildi,Forest,Insessorial
Astrapia splendidissima,Forest,Insessorial
Astrapia stephaniae,Forest,Insessorial
Atalotriccus pilaris,Woodland,Insessorial
Atelornis crossleyi,Forest,Terrestrial
Atelornis pittoides,Forest,Terrestrial
Athene blewitti,Woodland,Insessorial
Athene brama,Human Modified,Insessorial
Athene cunicularia,Grassland,Generalist
Athene noctua,Human Modified,Insessorial
Athene superciliaris,Shrubland,Insessorial
Atimastillas flavicollis,Shrubland,Insessorial
Atimastillas flavigula,Shrubland,Insessorial
Atlantisia rogersi,Grassland,Terrestrial
Atlapetes albiceps,Woodland,Generalist
Atlapetes albinucha,Forest,Generalist
Atlapetes albofrenatus,Forest,Insessorial
Atlapetes blancae,Forest,Insessorial
Atlapetes canigenis,Forest,Insessorial
Atlapetes citrinellus,Forest,Insessorial
Atlapetes crassus,Forest,Insessorial
Atlapetes flaviceps,Forest,Insessorial
Atlapetes forbesi,Forest,Generalist
Atlapetes fulviceps,Forest,Insessorial
Atlapetes fuscoolivaceus,Forest,Insessorial
Atlapetes latinuchus,Forest,Insessorial
Atlapetes leucopis,Forest,Generalist
Atlapetes leucopterus,Shrubland,Generalist
Atlapetes luteoviridis,Forest,Generalist
Atlapetes melanocephalus,Forest,Generalist
Atlapetes melanolaemus,Shrubland,Generalist
Atlapetes melanopsis,Shrubland,Generalist
Atlapetes meridae,Forest,Insessorial
Atlapetes nationi,Shrubland,Generalist
Atlapetes nigrifrons,Forest,Insessorial
Atlapetes pallidiceps,Shrubland,Generalist
Atlapetes pallidinucha,Forest,Insessorial
Atlapetes paynteri,Shrubland,Generalist
Atlapetes personatus,Forest,Insessorial
Atlapetes pileatus,Forest,Generalist
Atlapetes rufigenis,Shrubland,Insessorial
Atlapetes rufinucha,Shrubland,Generalist
Atlapetes schistaceus,Forest,Insessorial
Atlapetes seebohmi,Woodland,Insessorial
Atlapetes semirufus,Forest,Generalist
Atlapetes taczanowskii,Forest,Insessorial
Atlapetes terborghi,Forest,Generalist
Atlapetes tibialis,Forest,Generalist
Atlapetes tricolor,Forest,Insessorial
Atrichornis clamosus,Shrubland,Terrestrial
Atrichornis rufescens,Forest,Terrestrial
Atronanus fuliginosus,Forest,Aerial
Attagis gayi,Grassland,Terrestrial
Attagis malouinus,Grassland,Terrestrial
Atthis ellioti,Forest,Aerial
Atthis heloisa,Forest,Aerial
Atticora fasciata,Riverine,Aerial
Atticora melanoleuca,Riverine,Aerial
Atticora pileata,Forest,Aerial
Atticora tibialis,Forest,Aerial
Attila bolivianus,Forest,Insessorial
Attila cinnamomeus,Forest,Insessorial
Attila citriniventris,Forest,Insessorial
Attila phoenicurus,Forest,Insessorial
Attila rufus,Forest,Insessorial
Attila spadiceus,Forest,Insessorial
Attila torridus,Forest,Insessorial
Augastes lumachella,Shrubland,Aerial
Augastes scutatus,Shrubland,Aerial
Aulacorhynchus albivitta,Forest,Insessorial
Aulacorhynchus atrogularis,Forest,Insessorial
Aulacorhynchus caeruleogularis,Forest,Insessorial
Aulacorhynchus calorhynchus,Forest,Insessorial
Aulacorhynchus coeruleicinctis,Forest,Insessorial
Aulacorhynchus cyanolaemus,Forest,Insessorial
Aulacorhynchus derbianus,Forest,Insessorial
Aulacorhynchus haematopygus,Forest,Insessorial
Aulacorhynchus huallagae,Forest,Insessorial
Aulacorhynchus prasinus,Forest,Insessorial
Aulacorhynchus sulcatus,Forest,Insessorial
Aulacorhynchus wagleri,Forest,Insessorial
Aulacorhynchus whitelianus,Forest,Insessorial
Auriparus flaviceps,Shrubland,Insessorial
Automolus exsertus,Forest,Insessorial
Automolus infuscatus,Forest,Insessorial
Automolus lammi,Forest,Insessorial
Automolus leucophthalmus,Forest,Insessorial
Automolus melanopezus,Forest,Insessorial
Automolus ochrolaemus,Forest,Insessorial
Automolus paraensis,Forest,Insessorial
Automolus rubiginosus,Forest,Insessorial
Automolus rufipileatus,Forest,Insessorial
Automolus subulatus,Forest,Insessorial
Automolus virgatus,Forest,Insessorial
Aviceda cuculoides,Forest,Insessorial
Aviceda jerdoni,Forest,Insessorial
Aviceda leuphotes,Forest,Insessorial
Aviceda madagascariensis,Forest,Insessorial
Aviceda subcristata,Forest,Insessorial
Avocettula recurvirostris,Forest,Aerial
Aythya affinis,Wetland,Aquatic
Aythya americana,Wetland,Aquatic
Aythya australis,Wetland,Aquatic
Aythya baeri,Wetland,Aquatic
Aythya collaris,Wetland,Aquatic
Aythya ferina,Wetland,Aquatic
Aythya fuligula,Wetland,Aquatic
Aythya innotata,Wetland,Aquatic
Aythya marila,Wetland,Aquatic
Aythya novaeseelandiae,Wetland,Aquatic
Aythya nyroca,Wetland,Aquatic
Aythya valisineria,Wetland,Aquatic
Babax koslowi,Forest,Insessorial
Babax lanceolatus,Forest,Generalist
Babax waddelli,Shrubland,Insessorial
Baeolophus atricristatus,Woodland,Insessorial
Baeolophus bicolor,Forest,Insessorial
Baeolophus inornatus,Shrubland,Insessorial
Baeolophus ridgwayi,Woodland,Insessorial
Baeolophus wollweberi,Forest,Insessorial
Baeopogon clamans,Forest,Insessorial
Baeopogon indicator,Forest,Insessorial
Balaeniceps rex,Wetland,Terrestrial
Balearica pavonina,Wetland,Terrestrial
Balearica regulorum,Wetland,Terrestrial
Bambusicola fytchii,Forest,Terrestrial
Bambusicola sonorivox,Forest,Terrestrial
Bambusicola thoracicus,Forest,Terrestrial
Bangsia arcaei,Forest,Insessorial
Bangsia aureocincta,Forest,Insessorial
Bangsia edwardsi,Forest,Insessorial
Bangsia flavovirens,Forest,Insessorial
Bangsia melanochlamys,Forest,Insessorial
Bangsia rothschildi,Forest,Insessorial
Barnardius zonarius,Forest,Insessorial
Bartramia longicauda,Grassland,Terrestrial
Baryphthengus martii,Forest,Insessorial
Baryphthengus ruficapillus,Forest,Insessorial
Basileuterus auricapilla,Forest,Insessorial
Basileuterus basilicus,Forest,Insessorial
Basileuterus belli,Forest,Insessorial
Basileuterus bivittatus,Forest,Insessorial
Basileuterus cabanisi,Forest,Insessorial
Basileuterus chlorophrys,Forest,Insessorial
Basileuterus chrysogaster,Forest,Insessorial
Basileuterus cinereicollis,Forest,Insessorial
Basileuterus conspicillatus,Forest,Insessorial
Basileuterus coronatus,Forest,Insessorial
Basileuterus culicivorus,Forest,Insessorial
Basileuterus delattrii,Shrubland,Insessorial
Basileuterus flaveolus,Woodland,Generalist
Basileuterus fraseri,Woodland,Insessorial
Basileuterus griseiceps,Forest,Insessorial
Basileuterus hypoleucus,Forest,Insessorial
Basileuterus ignotus,Forest,Insessorial
Basileuterus lachrymosus,Woodland,Generalist
Basileuterus leucoblepharus,Forest,Terrestrial
Basileuterus leucophrys,Forest,Terrestrial
Basileuterus luteoviridis,Forest,Insessorial
Basileuterus melanogenys,Forest,Insessorial
Basileuterus melanotis,Forest,Insessorial
Basileuterus nigrocristatus,Forest,Insessorial
Basileuterus rufifrons,Shrubland,Insessorial
Basileuterus signatus,Forest,Insessorial
Basileuterus tacarcunae,Forest,Insessorial
Basileuterus trifasciatus,Forest,Insessorial
Basileuterus tristriatus,Forest,Insessorial
Basilinna leucotis,Forest,Aerial
Basilinna xantusii,Shrubland,Aerial
Basilornis celebensis,Forest,Insessorial
Basilornis corythaix,Forest,Insessorial
Basilornis galeatus,Forest,Insessorial
Basilornis mirandus,Forest,Insessorial
Batara cinerea,Forest,Insessorial
Bathilda ruficauda,Wetland,Terrestrial
Bathmocercus cerviniventris,Forest,Insessorial
Bathmocercus rufus,Forest,Insessorial
Bathmocercus winifredae,Forest,Insessorial
Batis capensis,Forest,Insessorial
Batis crypta,Forest,Insessorial
Batis dimorpha,Forest,Insessorial
Batis diops,Forest,Insessorial
Batis erlangeri,Woodland,Insessorial
Batis fratrum,Forest,Insessorial
Batis ituriensis,Forest,Insessorial
Batis margaritae,Woodland,Insessorial
Batis minima,Forest,Insessorial
Batis minor,Woodland,Insessorial
Batis minulla,Woodland,Insessorial
Batis mixta,Forest,Insessorial
Batis molitor,Woodland,Insessorial
Batis occulta,Woodland,Insessorial
Batis orientalis,Shrubland,Insessorial
Batis perkeo,Woodland,Insessorial
Batis poensis,Forest,Insessorial
Batis pririt,Woodland,Insessorial
Batis reichenowi,Forest,Insessorial
Batis senegalensis,Shrubland,Insessorial
Batis soror,Woodland,Insessorial
Batrachostomus affinis,Forest,Insessorial
Batrachostomus auritus,Forest,Insessorial
Batrachostomus chaseni,Forest,Insessorial
Batrachostomus cornutus,Forest,Insessorial
Batrachostomus harterti,Forest,Insessorial
Batrachostomus hodgsoni,Forest,Insessorial
Batrachostomus javensis,Forest,Insessorial
Batrachostomus mixtus,Forest,Insessorial
Batrachostomus moniliger,Woodland,Insessorial
Batrachostomus poliolophus,Forest,Insessorial
Batrachostomus septimus,Forest,Insessorial
Batrachostomus stellatus,Forest,Insessorial
Belocercus longicaudus,Forest,Insessorial
Berenicornis comatus,Forest,Generalist
Berlepschia rikeri,Forest,Insessorial
Bernieria apperti,Woodland,Terrestrial
Bernieria cinereiceps,Forest,Insessorial
Bernieria madagascariensis,Forest,Insessorial
Bernieria tenebrosa,Forest,Terrestrial
Bernieria zosterops,Forest,Insessorial
Bias musicus,Forest,Insessorial
Biatas nigropectus,Forest,Insessorial
Biziura lobata,Wetland,Aquatic
Bleda canicapillus,Forest,Generalist
Bleda eximius,Forest,Generalist
Bleda notatus,Forest,Generalist
Bleda syndactylus,Forest,Insessorial
Bleda ugandae,Forest,Generalist
Blythipicus pyrrhotis,Forest,Insessorial
Blythipicus rubiginosus,Forest,Insessorial
Bocagia minuta,Wetland,Insessorial
Boissonneaua flavescens,Forest,Insessorial
Boissonneaua jardini,Forest,Aerial
Boissonneaua matthewsii,Forest,Aerial
Bolbopsittacus lunulatus,Forest,Insessorial
Bolborhynchus ferrugineifrons,Grassland,Insessorial
Bolborhynchus lineola,Forest,Insessorial
Bolborhynchus orbygnesius,Shrubland,Insessorial
Bolemoreus frenatus,Forest,Insessorial
Bolemoreus hindwoodi,Forest,Insessorial
Bombycilla cedrorum,Woodland,Insessorial
Bombycilla garrulus,Forest,Insessorial
Bombycilla japonica,Forest,Insessorial
Bonasa bonasia,Woodland,Generalist
Bonasa sewerzowi,Forest,Terrestrial
Bonasa umbellus,Shrubland,Generalist
Bostrychia bocagei,Forest,Terrestrial
Bostrychia carunculata,Wetland,Terrestrial
Bostrychia hagedash,Grassland,Terrestrial
Bostrychia olivacea,Forest,Terrestrial
Bostrychia rara,Wetland,Terrestrial
Botaurus lentiginosus,Wetland,Terrestrial
Botaurus pinnatus,Wetland,Terrestrial
Botaurus poiciloptilus,Wetland,Terrestrial
Botaurus stellaris,Wetland,Terrestrial
Bowdleria punctata,Shrubland,Generalist
Brachycope anomala,Riverine,Terrestrial
Brachygalba albogularis,Forest,Insessorial
Brachygalba goeringi,Forest,Insessorial
Brachygalba lugubris,Forest,Insessorial
Brachygalba salmoni,Forest,Insessorial
Brachypodius atriceps,Forest,Insessorial
Brachypodius eutilotus,Forest,Insessorial
Brachypodius fuscoflavescens,Forest,Insessorial
Brachypodius melanocephalos,Forest,Insessorial
Brachypodius melanoleucos,Forest,Insessorial
Brachypodius priocephalus,Forest,Insessorial
Brachypodius urostictus,Forest,Insessorial
Brachypteracias leptosomus,Forest,Insessorial
Brachypteracias squamiger,Forest,Terrestrial
Brachypteryx cruralis,Forest,Terrestrial
Brachypteryx erythrogyna,Forest,Terrestrial
Brachypteryx floris,Forest,Terrestrial
Brachypteryx goodfellowi,Forest,Terrestrial
Brachypteryx hyperythra,Forest,Terrestrial
Brachypteryx leucophris,Forest,Terrestrial
Brachypteryx leucophrys,Forest,Terrestrial
Brachypteryx montana,Forest,Terrestrial
Brachypteryx poliogyna,Forest,Terrestrial
Brachypteryx saturata,Forest,Terrestrial
Brachypteryx sinensis,Forest,Terrestrial
Brachypteryx stellata,Forest,Terrestrial
Brachyramphus brevirostris,Marine,Aquatic
Brachyramphus marmoratus,Marine,Aquatic
Brachyramphus perdix,Marine,Aquatic
Bradornis boehmi,Woodland,Insessorial
Bradornis comitatus,Forest,Insessorial
Bradornis fuliginosus,Forest,Insessorial
Bradornis infuscatus,Grassland,Insessorial
Bradornis mariquensis,Grassland,Insessorial
Bradornis microrhynchus,Shrubland,Insessorial
Bradornis pallidus,Woodland,Insessorial
Bradornis ussheri,Forest,Insessorial
Bradypterus accentor,Forest,Generalist
Bradypterus alfredi,Forest,Generalist
Bradypterus alishanensis,Grassland,Generalist
Bradypterus baboecala,Wetland,Insessorial
Bradypterus bangwaensis,Forest,Insessorial
Bradypterus barratti,Forest,Generalist
Bradypterus brunneus,Forest,Generalist
Bradypterus carpalis,Wetland,Insessorial
Bradypterus castaneus,Forest,Generalist
Bradypterus caudatus,Forest,Generalist
Bradypterus centralis,Wetland,Insessorial
Bradypterus cinnamomeus,Forest,Generalist
Bradypterus davidi,Shrubland,Generalist
Bradypterus grandis,Wetland,Insessorial
Bradypterus graueri,Wetland,Insessorial
Bradypterus lopezi,Forest,Generalist
Bradypterus luteoventris,Shrubland,Generalist
Bradypterus major,Shrubland,Generalist
Bradypterus mandelli,Shrubland,Generalist
Bradypterus montis,Shrubland,Generalist
Bradypterus palliseri,Forest,Insessorial
Bradypterus seebohmi,Shrubland,Insessorial
Bradypterus sylvaticus,Forest,Generalist
Bradypterus tacsanowskius,Shrubland,Generalist
Bradypterus thoracicus,Shrubland,Generalist
Bradypterus timorensis,Shrubland,Generalist
Bradypterus victorini,Shrubland,Terrestrial
Branta bernicla,Grassland,Terrestrial
Branta canadensis,Grassland,Terrestrial
Branta hutchinsii,Grassland,Terrestrial
Branta leucopsis,Grassland,Terrestrial
Branta ruficollis,Grassland,Terrestrial
Branta sandvicensis,Shrubland,Terrestrial
Brotogeris chiriri,Forest,Insessorial
Brotogeris chrysoptera,Forest,Insessorial
Brotogeris cyanoptera,Forest,Insessorial
Brotogeris jugularis,Woodland,Insessorial
Brotogeris pyrrhoptera,Forest,Insessorial
Brotogeris sanctithomae,Forest,Insessorial
Brotogeris tirica,Forest,Insessorial
Brotogeris versicolurus,Forest,Insessorial
Brunhilda charmosyna,Shrubland,Generalist
Brunhilda erythronotos,Shrubland,Generalist
Bubalornis albirostris,Woodland,Terrestrial
Bubalornis niger,Woodland,Terrestrial
Bubo africanus,Rock,Generalist
Bubo ascalaphus,Desert,Insessorial
Bubo bengalensis,Rock,Insessorial
Bubo blakistoni,Riverine,Insessorial
Bubo bubo,Rock,Insessorial
Bubo capensis,Shrubland,Insessorial
Bubo cinerascens,Rock,Insessorial
Bubo coromandus,Woodland,Insessorial
Bubo lacteus,Woodland,Insessorial
Bubo leucostictus,Forest,Insessorial
Bubo magellanicus,Forest,Insessorial
Bubo milesi,Rock,Generalist
Bubo nipalensis,Forest,Insessorial
Bubo philippensis,Forest,Insessorial
Bubo poensis,Forest,Insessorial
Bubo scandiaca,Grassland,Insessorial
Bubo scandiacus,Grassland,Insessorial
Bubo shelleyi,Forest,Insessorial
Bubo sumatranus,Forest,Insessorial
Bubo virginianus,Forest,Insessorial
Bubo vosseleri,Forest,Insessorial
Bubulcus ibis,Human Modified,Terrestrial
Bucanetes githagineus,Desert,Terrestrial
Bucanetes mongolicus,Desert,Terrestrial
Buccanodon dowsetti,Forest,Insessorial
Buccanodon duchaillui,Forest,Insessorial
Bucco capensis,Forest,Insessorial
Bucco macrodactylus,Forest,Insessorial
Bucco noanamae,Forest,Insessorial
Bucco tamatia,Forest,Insessorial
Bucephala albeola,Wetland,Aquatic
Bucephala clangula,Wetland,Aquatic
Bucephala islandica,Wetland,Aquatic
Buceros bicornis,Forest,Insessorial
Buceros hydrocorax,Forest,Insessorial
Buceros mindanensis,Forest,Insessorial
Buceros rhinoceros,Forest,Insessorial
Buceros vigil,Forest,Insessorial
Bucorvus abyssinicus,Grassland,Terrestrial
Bucorvus cafer,Grassland,Terrestrial
Bucorvus leadbeateri,Grassland,Terrestrial
Buettikoferella bivittata,Forest,Generalist
Bugeranus carunculatus,Wetland,Terrestrial
Bulweria bulwerii,Marine,Aquatic
Bulweria fallax,Marine,Aquatic
Buphagus africanus,Woodland,Insessorial
Buphagus erythrorhynchus,Woodland,Insessorial
Buphagus erythrorynchus,Woodland,Insessorial
Burhinus bistriatus,Grassland,Terrestrial
Burhinus capensis,Shrubland,Terrestrial
Burhinus grallarius,Woodland,Terrestrial
Burhinus indicus,Grassland,Terrestrial
Burhinus oedicnemus,Grassland,Terrestrial
Burhinus senegalensis,Wetland,Terrestrial
Burhinus superciliaris,Grassland,Terrestrial
Burhinus vermiculatus,Wetland,Terrestrial
Busarellus nigricollis,Forest,Insessorial
Butastur indicus,Woodland,Insessorial
Butastur liventer,Woodland,Insessorial
Butastur rufipennis,Woodland,Insessorial
Butastur teesa,Woodland,Insessorial
Buteo albicaudatus,Grassland,Generalist
Buteo albigula,Forest,Generalist
Buteo albonotatus,Forest,Aerial
Buteo archeri,Woodland,Insessorial
Buteo augur,Woodland,Insessorial
Buteo auguralis,Forest,Insessorial
Buteo bannermani,Grassland,Insessorial
Buteo brachypterus,Forest,Insessorial
Buteo brachyurus,Forest,Aerial
Buteo buteo,Grassland,Insessorial
Buteo galapagoensis,Woodland,Aerial
Buteo hemilasius,Grassland,Generalist
Buteo jamaicensis,Woodland,Insessorial
Buteo japonicus,Grassland,Insessorial
Buteo lagopus,Grassland,Insessorial
Buteo leucorrhous,Forest,Insessorial
Buteo lineatus,Woodland,Aerial
Buteo magnirostris,Forest,Insessorial
Buteo nitidus,Forest,Insessorial
Buteo oreophilus,Forest,Insessorial
Buteo plagiatus,Forest,Insessorial
Buteo platypterus,Forest,Insessorial
Buteo polyosoma,Shrubland,Aerial
Buteo refectus,Grassland,Insessorial
Buteo regalis,Grassland,Generalist
Buteo ridgwayi,Forest,Insessorial
Buteo rufinus,Grassland,Generalist
Buteo rufofuscus,Grassland,Generalist
Buteo socotraensis,Grassland,Insessorial
Buteo solitarius,Forest,Insessorial
Buteo swainsoni,Grassland,Insessorial
Buteo trizonatus,Forest,Insessorial
Buteo ventralis,Forest,Insessorial
Buteogallus aequinoctialis,Woodland,Insessorial
Buteogallus anthracinus,Woodland,Insessorial
Buteogallus coronatus,Shrubland,Insessorial
Buteogallus gundlachii,Woodland,Insessorial
Buteogallus lacernulatus,Forest,Insessorial
Buteogallus meridionalis,Grassland,Insessorial
Buteogallus schistaceus,Forest,Insessorial
Buteogallus solitarius,Forest,Insessorial
Buteogallus urubitinga,Woodland,Insessorial
Buthraupis aureodorsalis,Forest,Insessorial
Buthraupis eximia,Forest,Insessorial
Buthraupis montana,Forest,Insessorial
Buthraupis wetmorei,Forest,Insessorial
Butorides striata,Wetland,Terrestrial
Butorides virescens,Wetland,Terrestrial
Bycanistes albotibialis,Forest,Insessorial
Bycanistes brevis,Forest,Insessorial
Bycanistes bucinator,Forest,Insessorial
Bycanistes cylindricus,Forest,Insessorial
Bycanistes fistulator,Forest,Insessorial
Bycanistes sharpii,Forest,Insessorial
Bycanistes subcylindricus,Forest,Insessorial
Cacatua alba,Forest,Insessorial
Cacatua ducorpsii,Forest,Insessorial
Cacatua galerita,Forest,Insessorial
Cacatua goffiniana,Forest,Insessorial
Cacatua haematuropygia,Forest,Insessorial
Cacatua leadbeateri,Shrubland,Insessorial
Cacatua moluccensis,Forest,Insessorial
Cacatua ophthalmica,Forest,Insessorial
Cacatua pastinator,Woodland,Terrestrial
Cacatua roseicapilla,Woodland,Terrestrial
Cacatua sanguinea,Woodland,Terrestrial
Cacatua sulphurea,Forest,Insessorial
Cacatua tenuirostris,Woodland,Terrestrial
Cacicus cela,Forest,Insessorial
Cacicus chrysonotus,Forest,Insessorial
Cacicus chrysopterus,Forest,Insessorial
Cacicus flavicrissus,Forest,Insessorial
Cacicus haemorrhous,Forest,Insessorial
Cacicus koepckeae,Forest,Insessorial
Cacicus latirostris,Forest,Insessorial
Cacicus leucoramphus,Forest,Insessorial
Cacicus melanicterus,Shrubland,Insessorial
Cacicus microrhynchus,Forest,Insessorial
Cacicus oseryi,Forest,Insessorial
Cacicus pacificus,Forest,Insessorial
Cacicus sclateri,Forest,Insessorial
Cacicus solitarius,Forest,Insessorial
Cacicus uropygialis,Forest,Insessorial
Cacomantis aeruginosus,Forest,Insessorial
Cacomantis castaneiventris,Forest,Insessorial
Cacomantis flabelliformis,Forest,Insessorial
Cacomantis heinrichi,Forest,Insessorial
Cacomantis leucolophus,Forest,Insessorial
Cacomantis merulinus,Woodland,Insessorial
Cacomantis pallidus,Forest,Insessorial
Cacomantis passerinus,Woodland,Insessorial
Cacomantis sepulcralis,Forest,Insessorial
Cacomantis sonneratii,Forest,Insessorial
Cacomantis variolosus,Forest,Insessorial
Cairina moschata,Wetland,Generalist
Cairina scutulata,Wetland,Aquatic
Calamanthus campestris,Shrubland,Terrestrial
Calamanthus cautus,Shrubland,Terrestrial
Calamanthus fuliginosus,Shrubland,Terrestrial
Calamanthus montanellus,Shrubland,Terrestrial
Calamanthus pyrrhopygius,Shrubland,Terrestrial
Calamonastes fasciolatus,Woodland,Insessorial
Calamonastes simplex,Woodland,Insessorial
Calamonastes stierlingi,Woodland,Insessorial
Calamonastes undosus,Woodland,Insessorial
Calamonastides bensoni,Wetland,Insessorial
Calamonastides gracilirostris,Wetland,Insessorial
Calamornis heudei,Wetland,Insessorial
Calamospiza melanocorys,Grassland,Generalist
Calandrella acutirostris,Grassland,Terrestrial
Calandrella blanfordi,Grassland,Terrestrial
Calandrella brachydactyla,Grassland,Terrestrial
Calandrella cheleensis,Grassland,Terrestrial
Calandrella cinerea,Grassland,Terrestrial
Calandrella dukhunensis,Grassland,Terrestrial
Calandrella eremica,Grassland,Terrestrial
Calandrella raytal,Desert,Terrestrial
Calandrella rufescens,Grassland,Terrestrial
Calandrella somalica,Desert,Terrestrial
Calcarius lapponicus,Grassland,Terrestrial
Calcarius mccownii,Grassland,Terrestrial
Calcarius ornatus,Grassland,Terrestrial
Calcarius pictus,Grassland,Terrestrial
Calendulauda africanoides,Grassland,Terrestrial
Calendulauda albescens,Desert,Terrestrial
Calendulauda alopex,Grassland,Terrestrial
Calendulauda barlowi,Desert,Terrestrial
Calendulauda burra,Grassland,Terrestrial
Calendulauda erythrochlamys,Desert,Terrestrial
Calendulauda poecilosterna,Grassland,Terrestrial
Calendulauda sabota,Grassland,Terrestrial
Calherodius leuconotus,Wetland,Terrestrial
Calicalicus madagascariensis,Forest,Insessorial
Calicalicus rufocarpalis,Shrubland,Insessorial
Calidris acuminata,Wetland,Terrestrial
Calidris alba,Coastal,Terrestrial
Calidris alpina,Wetland,Terrestrial
Calidris bairdii,Grassland,Terrestrial
Calidris canutus,Coastal,Terrestrial
Calidris falcinellus,Wetland,Terrestrial
Calidris ferruginea,Coastal,Terrestrial
Calidris fuscicollis,Wetland,Terrestrial
Calidris himantopus,Wetland,Terrestrial
Calidris maritima,Grassland,Terrestrial
Calidris mauri,Shrubland,Terrestrial
Calidris melanotos,Wetland,Terrestrial
Calidris minuta,Grassland,Terrestrial
Calidris minutilla,Wetland,Terrestrial
Calidris ptilocnemis,Grassland,Terrestrial
Calidris pugnax,Wetland,Terrestrial
Calidris pusilla,Grassland,Terrestrial
Calidris pygmaea,Coastal,Terrestrial
Calidris ruficollis,Grassland,Terrestrial
Calidris subminuta,Wetland,Terrestrial
Calidris subruficollis,Grassland,Terrestrial
Calidris temminckii,Grassland,Terrestrial
Calidris tenuirostris,Grassland,Terrestrial
Calidris virgata,Coastal,Terrestrial
Caliechthrus leucolophus,Forest,Insessorial
Caligavis chrysops,Forest,Insessorial
Caligavis obscura,Forest,Insessorial
Caligavis subfrenata,Forest,Insessorial
Callacanthis burtoni,Forest,Terrestrial
Callaeas cinereus,Forest,Insessorial
Callaeas wilsoni,Forest,Insessorial
Calliope calliope,Shrubland,Terrestrial
Calliope obscura,Forest,Generalist
Calliope pectardens,Forest,Terrestrial
Calliope pectoralis,Grassland,Terrestrial
Calliope tschebaiewi,Grassland,Terrestrial
Callipepla californica,Shrubland,Terrestrial
Callipepla douglasii,Shrubland,Terrestrial
Callipepla gambelii,Shrubland,Terrestrial
Callipepla squamata,Shrubland,Terrestrial
Calliphlox amethystina,Forest,Aerial
Calliphlox bryantae,Forest,Aerial
Calliphlox evelynae,Human Modified,Aerial
Calliphlox mitchellii,Forest,Aerial
Callocephalon fimbriatum,Woodland,Insessorial
Callonetta leucophrys,Wetland,Aquatic
Calochaetes coccineus,Forest,Insessorial
Calocitta colliei,Woodland,Insessorial
Calocitta formosa,Woodland,Insessorial
Caloenas nicobarica,Forest,Terrestrial
Calonectris borealis,Marine,Generalist
Calonectris diomedea,Marine,Generalist
Calonectris edwardsii,Marine,Aerial
Calonectris leucomelas,Marine,Generalist
Caloperdix oculeus,Forest,Terrestrial
Caloramphus fuliginosus,Forest,Insessorial
Caloramphus hayii,Forest,Insessorial
Calorhamphus fuliginosus,Forest,Insessorial
Calothorax lucifer,Shrubland,Aerial
Calothorax pulcher,Shrubland,Aerial
Calypte anna,Woodland,Aerial
Calypte costae,Shrubland,Aerial
Calyptocichla serina,Forest,Insessorial
Calyptocichla serinus,Forest,Insessorial
Calyptomena hosii,Forest,Insessorial
Calyptomena viridis,Forest,Insessorial
Calyptomena whiteheadi,Forest,Insessorial
Calyptophilus frugivorus,Forest,Terrestrial
Calyptophilus tertius,Forest,Terrestrial
Calyptorhynchus banksii,Forest,Insessorial
Calyptorhynchus baudinii,Forest,Insessorial
Calyptorhynchus funereus,Woodland,Insessorial
Calyptorhynchus lathami,Forest,Insessorial
Calyptorhynchus latirostris,Shrubland,Insessorial
Calyptura cristata,,Insessorial
Camarhynchus heliobates,Woodland,Insessorial
Camarhynchus pallidus,Shrubland,Insessorial
Camarhynchus parvulus,Woodland,Insessorial
Camarhynchus pauper,Forest,Insessorial
Camarhynchus psittacula,Forest,Insessorial
Camaroptera brachyura,Forest,Insessorial
Camaroptera chloronota,Forest,Insessorial
Camaroptera fasciolata,Woodland,Insessorial
Camaroptera harterti,Forest,Insessorial
Camaroptera simplex,Woodland,Insessorial
Camaroptera superciliaris,Forest,Insessorial
Camaroptera toroensis,Forest,Insessorial
Camaroptera undosa,Woodland,Insessorial
Campephaga flava,Shrubland,Insessorial
Campephaga lobata,Forest,Insessorial
Campephaga oriolina,Forest,Insessorial
Campephaga petiti,Forest,Insessorial
Campephaga phoenicea,Woodland,Insessorial
Campephaga quiscalina,Forest,Insessorial
Campephilus gayaquilensis,Woodland,Insessorial
Campephilus guatemalensis,Forest,Insessorial
Campephilus haematogaster,Forest,Insessorial
Campephilus imperialis,Forest,Insessorial
Campephilus leucopogon,Woodland,Insessorial
Campephilus magellanicus,Woodland,Insessorial
Campephilus melanoleucos,Forest,Insessorial
Campephilus pollens,Forest,Insessorial
Campephilus principalis,Forest,Insessorial
Campephilus robustus,Forest,Insessorial
Campephilus rubricollis,Forest,Insessorial
Campephilus splendens,Forest,Insessorial
Campethera abingoni,Shrubland,Insessorial
Campethera bennettii,Woodland,Terrestrial
Campethera cailliautii,Forest,Insessorial
Campethera caroli,Forest,Insessorial
Campethera maculosa,Forest,Insessorial
Campethera mombassica,Forest,Insessorial
Campethera nivosa,Forest,Insessorial
Campethera notata,Forest,Insessorial
Campethera nubica,Shrubland,Insessorial
Campethera punctuligera,Woodland,Insessorial
Campethera scriptoricauda,Woodland,Terrestrial
Campethera taeniolaema,Forest,Insessorial
Campethera tullbergi,Forest,Insessorial
Campicoloides bifasciatus,Rock,Insessorial
Campochaera sloetii,Forest,Insessorial
Campocolinus albogularis,Grassland,Terrestrial
Campocolinus coqui,Grassland,Terrestrial
Campocolinus schlegelii,Woodland,Terrestrial
Camptostoma imberbe,Forest,Insessorial
Camptostoma obsoletum,Shrubland,Insessorial
Campylopterus calcirupicola,Forest,Aerial
Campylopterus curvipennis,Forest,Aerial
Campylopterus cuvierii,Human Modified,Aerial
Campylopterus diamantinensis,Forest,Aerial
Campylopterus duidae,Forest,Aerial
Campylopterus ensipennis,Forest,Aerial
Campylopterus excellens,Forest,Aerial
Campylopterus falcatus,Forest,Aerial
Campylopterus hemileucurus,Forest,Aerial
Campylopterus hyperythrus,Forest,Aerial
Campylopterus largipennis,Forest,Aerial
Campylopterus phainopeplus,Grassland,Aerial
Campylopterus rufus,Forest,Aerial
Campylopterus villaviscensio,Forest,Aerial
Campylorhamphus falcularius,Forest,Insessorial
Campylorhamphus multostriatus,Forest,Insessorial
Campylorhamphus probatus,Forest,Insessorial
Campylorhamphus procurvoides,Forest,Insessorial
Campylorhamphus pucherani,Forest,Insessorial
Campylorhamphus pusillus,Forest,Insessorial
Campylorhamphus trochilirostris,Forest,Insessorial
Campylorhynchus albobrunneus,Forest,Insessorial
Campylorhynchus brunneicapillus,Shrubland,Insessorial
Campylorhynchus capistratus,Shrubland,Insessorial
Campylorhynchus chiapensis,Forest,Terrestrial
Campylorhynchus fasciatus,Shrubland,Insessorial
Campylorhynchus griseus,Shrubland,Insessorial
Campylorhynchus gularis,Shrubland,Generalist
Campylorhynchus humilis,Shrubland,Insessorial
Campylorhynchus jocosus,Shrubland,Insessorial
Campylorhynchus megalopterus,Forest,Insessorial
Campylorhynchus nuchalis,Woodland,Insessorial
Campylorhynchus rufinucha,Shrubland,Insessorial
Campylorhynchus turdinus,Forest,Insessorial
Campylorhynchus yucatanicus,Shrubland,Generalist
Campylorhynchus zonatus,Forest,Insessorial
Canachites canadensis,Forest,Terrestrial
Canirallus kioloides,Forest,Terrestrial
Canirallus oculeus,Forest,Terrestrial
Cantorchilus elutus,Woodland,Insessorial
Cantorchilus griseus,Forest,Insessorial
Cantorchilus guarayanus,Shrubland,Insessorial
Cantorchilus leucopogon,Forest,Insessorial
Cantorchilus leucotis,Forest,Insessorial
Cantorchilus longirostris,Forest,Insessorial
Cantorchilus modestus,Woodland,Insessorial
Cantorchilus nigricapillus,Forest,Insessorial
Cantorchilus semibadius,Forest,Insessorial
Cantorchilus superciliaris,Shrubland,Insessorial
Cantorchilus thoracicus,Shrubland,Insessorial
Cantorchilus zeledoni,Woodland,Insessorial
Capito auratus,Forest,Insessorial
Capito aurovirens,Forest,Insessorial
Capito brunneipectus,Forest,Insessorial
Capito dayi,Forest,Insessorial
Capito fitzpatricki,,Insessorial
Capito hypoleucus,Forest,Insessorial
Capito maculicoronatus,Forest,Insessorial
Capito niger,Forest,Insessorial
Capito quinticolor,Forest,Insessorial
Capito squamatus,Forest,Insessorial
Capito wallacei,Forest,Insessorial
Caprimulgus aegyptius,Desert,Aerial
Caprimulgus affinis,Grassland,Aerial
Caprimulgus andamanicus,Woodland,Generalist
Caprimulgus anthonyi,Shrubland,Aerial
Caprimulgus asiaticus,Shrubland,Aerial
Caprimulgus atripennis,Forest,Aerial
Caprimulgus badius,Woodland,Aerial
Caprimulgus batesi,Forest,Aerial
Caprimulgus binotatus,Forest,Aerial
Caprimulgus carolinensis,Woodland,Aerial
Caprimulgus cayennensis,Grassland,Generalist
Caprimulgus celebensis,Forest,Aerial
Caprimulgus centralasicus,Shrubland,Aerial
Caprimulgus clarus,Shrubland,Aerial
Caprimulgus climacurus,Forest,Aerial
Caprimulgus concretus,Forest,Generalist
Caprimulgus cubanensis,Forest,Aerial
Caprimulgus donaldsoni,Shrubland,Aerial
Caprimulgus ekmani,,Aerial
Caprimulgus enarratus,Forest,Aerial
Caprimulgus europaeus,Shrubland,Aerial
Caprimulgus eximius,Desert,Aerial
Caprimulgus fossii,Forest,Aerial
Caprimulgus fraenatus,Shrubland,Aerial
Caprimulgus heterurus,Forest,Insessorial
Caprimulgus hirundinaceus,Woodland,Aerial
Caprimulgus indicus,Forest,Generalist
Caprimulgus inornatus,Grassland,Generalist
Caprimulgus jotaka,Forest,Generalist
Caprimulgus longipennis,Grassland,Aerial
Caprimulgus longirostris,Shrubland,Insessorial
Caprimulgus macrurus,Woodland,Generalist
Caprimulgus maculicaudus,Grassland,Insessorial
Caprimulgus maculosus,Forest,Aerial
Caprimulgus madagascariensis,Woodland,Aerial
Caprimulgus mahrattensis,Shrubland,Aerial
Caprimulgus manillensis,Forest,Aerial
Caprimulgus meesi,,Aerial
Caprimulgus natalensis,Forest,Aerial
Caprimulgus nigrescens,Rock,Aerial
Caprimulgus nigriscapularis,Woodland,Generalist
Caprimulgus noctitherus,Woodland,Generalist
Caprimulgus nubicus,Shrubland,Aerial
Caprimulgus parvulus,Forest,Aerial
Caprimulgus pectoralis,Woodland,Generalist
Caprimulgus phalaena,Forest,Generalist
Caprimulgus poliocephalus,Forest,Aerial
Caprimulgus prigoginei,,Aerial
Caprimulgus pulchellus,Forest,Aerial
Caprimulgus ridgwayi,Rock,Generalist
Caprimulgus ruficollis,Forest,Aerial
Caprimulgus rufigena,Woodland,Aerial
Caprimulgus rufus,Woodland,Generalist
Caprimulgus ruwenzorii,Forest,Aerial
Caprimulgus salvini,Woodland,Insessorial
Caprimulgus saturatus,Forest,Insessorial
Caprimulgus sericocaudatus,Forest,Aerial
Caprimulgus solala,Grassland,Aerial
Caprimulgus stellatus,Grassland,Aerial
Caprimulgus tristigma,Rock,Aerial
Caprimulgus vexillarius,Woodland,Aerial
Caprimulgus vociferus,Forest,Generalist
Caprimulgus whitelyi,Forest,Aerial
Capsiempis flaveola,Forest,Insessorial
Caracara cheriway,Shrubland,Terrestrial
Caracara plancus,Shrubland,Terrestrial
Cardellina canadensis,Forest,Insessorial
Cardellina pusilla,Forest,Insessorial
Cardellina rubra,Forest,Insessorial
Cardellina rubrifrons,Forest,Insessorial
Cardellina versicolor,Forest,Insessorial
Cardinalis cardinalis,Shrubland,Insessorial
Cardinalis phoeniceus,Shrubland,Insessorial
Cardinalis sinuatus,Shrubland,Generalist
Carduelis ambigua,Woodland,Insessorial
Carduelis atrata,Grassland,Generalist
Carduelis atriceps,Forest,Generalist
Carduelis barbata,Forest,Generalist
Carduelis caniceps,Woodland,Insessorial
Carduelis cannabina,Shrubland,Terrestrial
Carduelis carduelis,Woodland,Insessorial
Carduelis chloris,Woodland,Generalist
Carduelis citrinella,Forest,Generalist
Carduelis corsicana,Shrubland,Generalist
Carduelis crassirostris,Shrubland,Insessorial
Carduelis cucullata,Forest,Insessorial
Carduelis dominicensis,Forest,Generalist
Carduelis flammea,Forest,Generalist
Carduelis flavirostris,Grassland,Insessorial
Carduelis hornemanni,Forest,Generalist
Carduelis johannis,Shrubland,Generalist
Carduelis lawrencei,Forest,Terrestrial
Carduelis magellanica,Shrubland,Insessorial
Carduelis monguilloti,Woodland,Insessorial
Carduelis notata,Forest,Insessorial
Carduelis olivacea,Forest,Insessorial
Carduelis pinus,Forest,Insessorial
Carduelis psaltria,Shrubland,Insessorial
Carduelis siemiradzkii,Shrubland,Generalist
Carduelis sinica,Shrubland,Generalist
Carduelis spinescens,Grassland,Generalist
Carduelis spinoides,Forest,Insessorial
Carduelis spinus,Forest,Insessorial
Carduelis tristis,Forest,Insessorial
Carduelis uropygialis,Shrubland,Generalist
Carduelis xanthogastra,Forest,Insessorial
Carduelis yarrellii,Forest,Insessorial
Carduelis yemenensis,Shrubland,Terrestrial
Cariama cristata,Shrubland,Terrestrial
Caridonax fulgidus,Forest,Insessorial
Carpococcyx radiatus,Forest,Terrestrial
Carpococcyx radiceus,Forest,Terrestrial
Carpococcyx renauldi,Forest,Terrestrial
Carpococcyx viridis,Forest,Terrestrial
Carpodacus cassinii,Forest,Insessorial
Carpodacus davidianus,Shrubland,Insessorial
Carpodacus dubius,Shrubland,Insessorial
Carpodacus edwardsii,Forest,Terrestrial
Carpodacus eos,Grassland,Terrestrial
Carpodacus erythrinus,Shrubland,Insessorial
Carpodacus formosanus,Forest,Insessorial
Carpodacus grandis,Forest,Insessorial
Carpodacus mexicanus,Shrubland,Insessorial
Carpodacus nipalensis,Forest,Generalist
Carpodacus pulcherrimus,Shrubland,Insessorial
Carpodacus puniceus,Grassland,Terrestrial
Carpodacus purpureus,Forest,Insessorial
Carpodacus rhodochlamys,Forest,Insessorial
Carpodacus roborowskii,Grassland,Terrestrial
Carpodacus rodochroa,Forest,Generalist
Carpodacus rodopeplus,Shrubland,Generalist
Carpodacus roseus,Forest,Insessorial
Carpodacus rubescens,Forest,Terrestrial
Carpodacus rubicilla,Rock,Terrestrial
Carpodacus rubicilloides,Shrubland,Generalist
Carpodacus sibiricus,Shrubland,Insessorial
Carpodacus sillemi,Rock,Terrestrial
Carpodacus sipahi,Forest,Insessorial
Carpodacus stoliczkae,Desert,Generalist
Carpodacus subhimachalus,Shrubland,Insessorial
Carpodacus synoicus,Desert,Generalist
Carpodacus thura,Shrubland,Insessorial
Carpodacus trifasciatus,Forest,Insessorial
Carpodacus verreauxii,Shrubland,Generalist
Carpodacus vinaceus,Forest,Insessorial
Carpodacus waltoni,Grassland,Terrestrial
Carpodectes antoniae,Woodland,Insessorial
Carpodectes hopkei,Forest,Insessorial
Carpodectes nitidus,Forest,Insessorial
Carpornis cucullata,Forest,Insessorial
Carpornis melanocephala,Forest,Insessorial
Carpospiza brachydactyla,Rock,Terrestrial
Carterornis castus,,Insessorial
Carterornis chrysomela,Forest,Insessorial
Carterornis leucotis,Shrubland,Insessorial
Carterornis pileatus,Forest,Insessorial
Caryothraustes canadensis,Shrubland,Insessorial
Caryothraustes celaeno,Woodland,Insessorial
Caryothraustes erythromelas,Forest,Insessorial
Caryothraustes poliogaster,Forest,Insessorial
Casiornis fuscus,Woodland,Insessorial
Casiornis rufus,Woodland,Insessorial
Casmerodius albus,Wetland,Terrestrial
Cassiculus melanicterus,Shrubland,Insessorial
Castanozoster thoracicus,Forest,Insessorial
Casuarius bennetti,Forest,Terrestrial
Casuarius casuarius,Forest,Terrestrial
Casuarius unappendiculatus,Forest,Terrestrial
Catamblyrhynchus diadema,Forest,Insessorial
Catamenia analis,Shrubland,Generalist
Catamenia homochroa,Shrubland,Terrestrial
Catamenia inornata,Shrubland,Terrestrial
Cataponera turdoides,Forest,Insessorial
Catharacta antarctica,Marine,Aerial
Catharacta chilensis,Marine,Aerial
Catharacta lonnbergi,Marine,Aerial
Catharacta maccormicki,Marine,Aerial
Catharacta skua,Marine,Aerial
Catharopeza bishopi,Forest,Insessorial
Cathartes aura,Human Modified,Terrestrial
Cathartes burrovianus,Grassland,Terrestrial
Cathartes melambrotus,Forest,Terrestrial
Catharus aurantiirostris,Forest,Generalist
Catharus bicknelli,Forest,Generalist
Catharus dryas,Forest,Generalist
Catharus frantzii,Forest,Generalist
Catharus fuscater,Forest,Generalist
Catharus fuscescens,Forest,Terrestrial
Catharus gracilirostris,Forest,Insessorial
Catharus guttatus,Forest,Generalist
Catharus maculatus,Forest,Generalist
Catharus mexicanus,Forest,Generalist
Catharus minimus,Forest,Terrestrial
Catharus occidentalis,Forest,Generalist
Catharus swainsoni,Forest,Insessorial
Catharus ustulatus,Forest,Insessorial
Catherpes mexicanus,Rock,Insessorial
Catoptrophorus semipalmatus,Coastal,Terrestrial
Catreus wallichi,Grassland,Terrestrial
Catreus wallichii,Grassland,Terrestrial
Catriscus brevirostris,Grassland,Terrestrial
Ceblepyris caesius,Forest,Insessorial
Ceblepyris cinereus,Forest,Insessorial
Ceblepyris cucullatus,Forest,Insessorial
Ceblepyris graueri,Forest,Insessorial
Ceblepyris pectoralis,Woodland,Insessorial
Cecropis abyssinica,Grassland,Aerial
Cecropis badia,Grassland,Aerial
Cecropis cucullata,Grassland,Aerial
Cecropis daurica,Grassland,Aerial
Cecropis hyperythra,Grassland,Aerial
Cecropis semirufa,Grassland,Aerial
Cecropis senegalensis,Grassland,Aerial
Cecropis striolata,Grassland,Aerial
Celebesia abbotti,Forest,Insessorial
Celebesia parvula,Forest,Insessorial
Celebesica abbotti,Forest,Insessorial
Celeus brachyurus,Forest,Insessorial
Celeus castaneus,Forest,Insessorial
Celeus elegans,Forest,Insessorial
Celeus flavescens,Forest,Insessorial
Celeus flavus,Forest,Insessorial
Celeus galeatus,Forest,Insessorial
Celeus grammicus,Forest,Insessorial
Celeus loricatus,Forest,Insessorial
Celeus lugubris,Woodland,Insessorial
Celeus obrieni,Forest,Insessorial
Celeus occidentalis,Forest,Insessorial
Celeus ochraceus,Forest,Insessorial
Celeus spectabilis,Forest,Insessorial
Celeus tinnunculus,Forest,Insessorial
Celeus torquatus,Forest,Insessorial
Celeus undatus,Forest,Insessorial
Centrocercus minimus,Shrubland,Terrestrial
Centrocercus urophasianus,Shrubland,Terrestrial
Centronyx bairdii,Grassland,Generalist
Centronyx henslowii,Grassland,Generalist
Centropus andamanensis,Forest,Terrestrial
Centropus anselli,Forest,Terrestrial
Centropus ateralbus,Forest,Generalist
Centropus bengalensis,Grassland,Terrestrial
Centropus bernsteini,Shrubland,Terrestrial
Centropus celebensis,Forest,Generalist
Centropus chalybeus,Forest,Terrestrial
Centropus chlororhynchos,Forest,Generalist
Centropus chlororhynchus,Forest,Generalist
Centropus cupreicaudus,Wetland,Terrestrial
Centropus goliath,Forest,Generalist
Centropus grillii,Grassland,Terrestrial
Centropus leucogaster,Forest,Terrestrial
Centropus melanops,Forest,Terrestrial
Centropus menbeki,Forest,Terrestrial
Centropus milo,Forest,Terrestrial
Centropus monachus,Wetland,Terrestrial
Centropus nigrorufus,Wetland,Generalist
Centropus phasianinus,Shrubland,Terrestrial
Centropus rectunguis,Forest,Terrestrial
Centropus senegalensis,Shrubland,Terrestrial
Centropus sinensis,Woodland,Terrestrial
Centropus spilopterus,Forest,Terrestrial
Centropus steerii,Forest,Terrestrial
Centropus superciliosus,Wetland,Terrestrial
Centropus toulou,Forest,Terrestrial
Centropus unirufus,Forest,Terrestrial
Centropus violaceus,Forest,Terrestrial
Centropus viridis,Grassland,Terrestrial
Cephalopterus glabricollis,Forest,Insessorial
Cephalopterus ornatus,Forest,Insessorial
Cephalopterus penduliger,Forest,Insessorial
Cephalopyrus flammiceps,Forest,Insessorial
Cepphus carbo,Marine,Aquatic
Cepphus columba,Marine,Aquatic
Cepphus grylle,Marine,Aquatic
Ceratogymna atrata,Forest,Insessorial
Ceratogymna elata,Forest,Insessorial
Ceratopipra chloromeros,Forest,Insessorial
Ceratopipra cornuta,Forest,Insessorial
Ceratopipra erythrocephala,Forest,Insessorial
Ceratopipra mentalis,Forest,Insessorial
Ceratopipra rubrocapilla,Forest,Insessorial
Cercibis oxycerca,Grassland,Terrestrial
Cercococcyx lemaireae,Forest,Insessorial
Cercococcyx mechowi,Forest,Insessorial
Cercococcyx montanus,Forest,Insessorial
Cercococcyx olivinus,Forest,Insessorial
Cercomacra brasiliana,Woodland,Insessorial
Cercomacra carbonaria,Forest,Insessorial
Cercomacra cinerascens,Forest,Insessorial
Cercomacra ferdinandi,Shrubland,Insessorial
Cercomacra laeta,Forest,Insessorial
Cercomacra manu,Forest,Insessorial
Cercomacra melanaria,Shrubland,Insessorial
Cercomacra nigrescens,Forest,Insessorial
Cercomacra nigricans,Forest,Insessorial
Cercomacra parkeri,Forest,Insessorial
Cercomacra serva,Forest,Insessorial
Cercomacra tyrannina,Forest,Insessorial
Cercomacroides fuscicauda,Forest,Insessorial
Cercomacroides laeta,Forest,Insessorial
Cercomacroides nigrescens,Forest,Insessorial
Cercomacroides parkeri,Forest,Insessorial
Cercomacroides serva,Forest,Insessorial
Cercomacroides tyrannina,Forest,Insessorial
Cercomela dubia,Shrubland,Insessorial
Cercomela familiaris,Shrubland,Insessorial
Cercomela fusca,Rock,Insessorial
Cercomela melanura,Rock,Insessorial
Cercomela schlegelii,Shrubland,Generalist
Cercomela scotocerca,Rock,Generalist
Cercomela sinuata,Shrubland,Insessorial
Cercomela sordida,Grassland,Insessorial
Cercomela tractrac,Shrubland,Insessorial
Cercotrichas barbata,Woodland,Terrestrial
Cercotrichas coryphoeus,Shrubland,Terrestrial
Cercotrichas galactotes,Shrubland,Generalist
Cercotrichas hartlaubi,Shrubland,Terrestrial
Cercotrichas leucophrys,Shrubland,Terrestrial
Cercotrichas leucosticta,Forest,Terrestrial
Cercotrichas paena,Shrubland,Generalist
Cercotrichas podobe,Shrubland,Terrestrial
Cercotrichas quadrivirgata,Shrubland,Terrestrial
Cercotrichas signata,Woodland,Terrestrial
Cereopsis novaehollandiae,Shrubland,Terrestrial
Cerorhinca monocerata,Marine,Aquatic
Certhia americana,Forest,Insessorial
Certhia brachydactyla,Forest,Insessorial
Certhia discolor,Forest,Insessorial
Certhia familiaris,Forest,Insessorial
Certhia himalayana,Forest,Insessorial
Certhia hodgsoni,Forest,Insessorial
Certhia manipurensis,Forest,Insessorial
Certhia nipalensis,Forest,Insessorial
Certhia tianquanensis,Forest,Insessorial
Certhiasomus stictolaemus,Forest,Insessorial
Certhiaxis cinnamomeus,Wetland,Insessorial
Certhiaxis mustelinus,Wetland,Insessorial
Certhidea fusca,Shrubland,Insessorial
Certhidea olivacea,Shrubland,Insessorial
Certhilauda albescens,Desert,Terrestrial
Certhilauda barlowi,Desert,Terrestrial
Certhilauda benguelensis,Shrubland,Terrestrial
Certhilauda brevirostris,Grassland,Terrestrial
Certhilauda burra,Grassland,Terrestrial
Certhilauda chuana,Grassland,Terrestrial
Certhilauda curvirostris,Grassland,Terrestrial
Certhilauda erythrochlamys,Desert,Terrestrial
Certhilauda semitorquata,Grassland,Terrestrial
Certhilauda subcoronata,Shrubland,Terrestrial
Certhionyx niger,Shrubland,Insessorial
Certhionyx pectoralis,Grassland,Insessorial
Certhionyx variegatus,Shrubland,Insessorial
Ceryle rudis,Wetland,Insessorial
Cettia acanthizoides,Shrubland,Generalist
Cettia annae,Forest,Generalist
Cettia brunnescens,Shrubland,Generalist
Cettia brunnifrons,Shrubland,Generalist
Cettia canturians,Shrubland,Generalist
Cettia carolinae,Forest,Generalist
Cettia castaneocoronata,Forest,Terrestrial
Cettia cetti,Shrubland,Generalist
Cettia diphone,Shrubland,Generalist
Cettia flavolivacea,Shrubland,Generalist
Cettia fortipes,Forest,Generalist
Cettia haddeni,Forest,Generalist
Cettia major,Forest,Generalist
Cettia pallidipes,Shrubland,Generalist
Cettia parens,Forest,Generalist
Cettia ruficapilla,Forest,Generalist
Cettia seebohmi,Forest,Generalist
Cettia vulcania,Shrubland,Generalist
Ceuthmochares aereus,Forest,Insessorial
Ceuthmochares australis,Forest,Insessorial
Ceyx argentatus,Riverine,Insessorial
Ceyx azureus,Riverine,Insessorial
Ceyx cajeli,Forest,Insessorial
Ceyx collectoris,Forest,Insessorial
Ceyx cyanopectus,Riverine,Insessorial
Ceyx dispar,Forest,Insessorial
Ceyx erithaca,Forest,Insessorial
Ceyx fallax,Woodland,Insessorial
Ceyx flumenicola,Riverine,Insessorial
Ceyx gentianus,Forest,Insessorial
Ceyx lecontei,Forest,Insessorial
Ceyx lepidus,Forest,Insessorial
Ceyx madagascariensis,Shrubland,Insessorial
Ceyx malaitae,Forest,Insessorial
Ceyx margarethae,Forest,Insessorial
Ceyx meeki,Forest,Insessorial
Ceyx melanurus,Forest,Insessorial
Ceyx mindanensis,Forest,Insessorial
Ceyx mulcatus,Forest,Insessorial
Ceyx nigrirostris,Riverine,Insessorial
Ceyx nigromaxilla,Forest,Insessorial
Ceyx pallidus,Forest,Insessorial
Ceyx pictus,Forest,Insessorial
Ceyx pusillus,Forest,Insessorial
Ceyx rufidorsa,Forest,Insessorial
Ceyx sacerdotis,Forest,Insessorial
Ceyx sangirensis,Woodland,Insessorial
Ceyx solitarius,Forest,Insessorial
Ceyx uropygialis,Forest,Insessorial
Ceyx wallacii,Forest,Insessorial
Ceyx websteri,Riverine,Insessorial
Chaetocercus astreans,Forest,Aerial
Chaetocercus berlepschi,Forest,Aerial
Chaetocercus bombus,Forest,Aerial
Chaetocercus heliodor,Forest,Aerial
Chaetocercus jourdanii,Shrubland,Aerial
Chaetocercus mulsant,Forest,Aerial
Chaetops aurantius,Shrubland,Terrestrial
Chaetops frenatus,Rock,Terrestrial
Chaetorhynchus papuensis,Forest,Insessorial
Chaetornis striata,Grassland,Generalist
Chaetura andrei,Forest,Aerial
Chaetura brachyura,Human Modified,Aerial
Chaetura chapmani,Forest,Aerial
Chaetura cinereiventris,Forest,Aerial
Chaetura egregia,Forest,Aerial
Chaetura fumosa,Forest,Aerial
Chaetura martinica,Forest,Aerial
Chaetura meridionalis,Forest,Aerial
Chaetura pelagica,Human Modified,Aerial
Chaetura spinicaudus,Forest,Aerial
Chaetura vauxi,Forest,Aerial
Chaetura viridipennis,Forest,Aerial
Chaimarrornis leucocephalus,Riverine,Terrestrial
Chalcites basalis,Woodland,Generalist
Chalcites crassirostris,,Insessorial
Chalcites lucidus,Forest,Insessorial
Chalcites megarhynchus,Forest,Insessorial
Chalcites meyerii,Forest,Insessorial
Chalcites minutillus,Forest,Insessorial
Chalcites osculans,Shrubland,Insessorial
Chalcites ruficollis,Forest,Insessorial
Chalcomitra adelberti,Forest,Insessorial
Chalcomitra amethystina,Woodland,Insessorial
Chalcomitra balfouri,Shrubland,Insessorial
Chalcomitra fuliginosa,Woodland,Insessorial
Chalcomitra hunteri,Shrubland,Insessorial
Chalcomitra rubescens,Forest,Insessorial
Chalcomitra senegalensis,Shrubland,Insessorial
Chalcoparia singalensis,Forest,Insessorial
Chalcophaps indica,Forest,Generalist
Chalcophaps longirostris,Forest,Generalist
Chalcophaps stephani,Forest,Generalist
Chalcopsitta atra,Woodland,Insessorial
Chalcopsitta cardinalis,Forest,Insessorial
Chalcopsitta duivenbodei,Forest,Insessorial
Chalcopsitta scintillata,Forest,Insessorial
Chalcopsitta sintillata,Forest,Insessorial
Chalcostigma herrani,Grassland,Aerial
Chalcostigma heteropogon,Grassland,Aerial
Chalcostigma olivaceum,Grassland,Aerial
Chalcostigma ruficeps,Forest,Aerial
Chalcostigma stanleyi,Grassland,Aerial
Chalcothraupis ruficervix,Forest,Insessorial
Chalybura buffonii,Forest,Aerial
Chalybura urochrysia,Forest,Aerial
Chamaea fasciata,Shrubland,Insessorial
Chamaepetes goudotii,Forest,Insessorial
Chamaepetes unicolor,Forest,Insessorial
Chamaetylas choloensis,Forest,Terrestrial
Chamaetylas fuelleborni,Forest,Terrestrial
Chamaetylas poliocephala,Forest,Terrestrial
Chamaetylas poliophrys,Forest,Terrestrial
Chamaeza campanisona,Forest,Terrestrial
Chamaeza meruloides,Forest,Terrestrial
Chamaeza mollissima,Forest,Terrestrial
Chamaeza nobilis,Forest,Terrestrial
Chamaeza ruficauda,Forest,Terrestrial
Chamaeza turdina,Forest,Terrestrial
Charadrius alexandrinus,Coastal,Terrestrial
Charadrius alticola,Wetland,Terrestrial
Charadrius aquilonius,Coastal,Terrestrial
Charadrius asiaticus,Desert,Terrestrial
Charadrius australis,Grassland,Terrestrial
Charadrius bicinctus,Riverine,Terrestrial
Charadrius bifrontatus,Wetland,Terrestrial
Charadrius collaris,Riverine,Terrestrial
Charadrius dealbatus,Coastal,Terrestrial
Charadrius dubius,Wetland,Terrestrial
Charadrius falklandicus,Wetland,Terrestrial
Charadrius forbesi,Wetland,Terrestrial
Charadrius hiaticula,Coastal,Terrestrial
Charadrius javanicus,Coastal,Terrestrial
Charadrius leschenaultii,Grassland,Terrestrial
Charadrius marginatus,Coastal,Terrestrial
Charadrius melodus,Coastal,Terrestrial
Charadrius modestus,Grassland,Terrestrial
Charadrius mongolus,Wetland,Terrestrial
Charadrius montanus,Grassland,Terrestrial
Charadrius morinellus,Grassland,Terrestrial
Charadrius nivosus,Coastal,Terrestrial
Charadrius obscurus,Coastal,Terrestrial
Charadrius pallidus,Wetland,Terrestrial
Charadrius pecuarius,Wetland,Terrestrial
Charadrius peronii,Coastal,Terrestrial
Charadrius placidus,Riverine,Terrestrial
Charadrius ruficapillus,Coastal,Terrestrial
Charadrius sanctaehelenae,Grassland,Terrestrial
Charadrius semipalmatus,Wetland,Terrestrial
Charadrius thoracicus,Coastal,Terrestrial
Charadrius tricollaris,Wetland,Terrestrial
Charadrius veredus,Wetland,Terrestrial
Charadrius vociferus,Wetland,Terrestrial
Charadrius wilsonia,Coastal,Terrestrial
Charitospiza eucosma,Shrubland,Terrestrial
Charminetta wilhelminae,Forest,Insessorial
Charmosyna amabilis,Forest,Insessorial
Charmosyna diadema,,Insessorial
Charmosyna josefinae,Forest,Insessorial
Charmosyna margarethae,Forest,Insessorial
Charmosyna meeki,Forest,Insessorial
Charmosyna multistriata,Forest,Insessorial
Charmosyna palmarum,Forest,Insessorial
Charmosyna papou,Forest,Insessorial
Charmosyna placentis,Forest,Insessorial
Charmosyna pulchella,Forest,Insessorial
Charmosyna rubrigularis,Forest,Insessorial
Charmosyna rubronotata,Forest,Insessorial
Charmosyna stellae,Forest,Insessorial
Charmosyna toxopei,Forest,Insessorial
Charmosyna wilhelminae,Forest,Insessorial
Charmosynoides margarethae,Forest,Insessorial
Charmosynopsis pulchella,Forest,Insessorial
Charmosynopsis toxopei,Forest,Insessorial
Chasiempis ibidis,Forest,Insessorial
Chasiempis sandwichensis,Forest,Insessorial
Chasiempis sclateri,Forest,Insessorial
Chatarrhaea gularis,Shrubland,Terrestrial
Chatarrhaea longirostris,Grassland,Terrestrial
Chauna chavaria,Wetland,Terrestrial
Chauna torquata,Wetland,Terrestrial
Chelictinia riocourii,Shrubland,Aerial
Chelidoptera tenebrosa,Shrubland,Insessorial
Chelidorhynx hypoxantha,Forest,Insessorial
Chelidorhynx hypoxanthus,Forest,Insessorial
Chen caerulescens,Grassland,Terrestrial
Chen canagica,Coastal,Terrestrial
Chen rossii,Wetland,Terrestrial
Chenonetta jubata,Wetland,Terrestrial
Chenorhamphus campbelli,Forest,Insessorial
Chenorhamphus grayi,Forest,Insessorial
Cheramoeca leucosterna,Riverine,Aerial
Chersomanes albofasciata,Grassland,Terrestrial
Chersomanes beesleyi,Grassland,Terrestrial
Chersophilus duponti,Grassland,Terrestrial
Chionis albus,Marine,Terrestrial
Chionis minor,Marine,Terrestrial
Chionodacryon speculiferum,Grassland,Terrestrial
Chionomesa fimbriata,Forest,Aerial
Chionomesa lactea,Forest,Aerial
Chiroxiphia boliviana,Forest,Insessorial
Chiroxiphia caudata,Forest,Insessorial
Chiroxiphia lanceolata,Woodland,Insessorial
Chiroxiphia linearis,Woodland,Insessorial
Chiroxiphia pareola,Forest,Insessorial
Chlamydera cerviniventris,Shrubland,Insessorial
Chlamydera guttata,Shrubland,Insessorial
Chlamydera lauterbachi,Shrubland,Insessorial
Chlamydera maculata,Shrubland,Insessorial
Chlamydera nuchalis,Shrubland,Insessorial
Chlamydochaera jefferyi,Forest,Insessorial
Chlamydotis macqueenii,Desert,Terrestrial
Chlamydotis undulata,Desert,Terrestrial
Chleuasicus atrosuperciliaris,Forest,Insessorial
Chlidonias albostriatus,Coastal,Aerial
Chlidonias hybrida,Wetland,Aerial
Chlidonias leucopterus,Wetland,Aerial
Chlidonias niger,Wetland,Aerial
Chloebia gouldiae,Woodland,Generalist
Chloephaga hybrida,Marine,Terrestrial
Chloephaga melanoptera,Wetland,Terrestrial
Chloephaga picta,Grassland,Terrestrial
Chloephaga poliocephala,Grassland,Terrestrial
Chloephaga rubidiceps,Grassland,Terrestrial
Chlorestes candida,Forest,Aerial
Chlorestes cyanus,Forest,Aerial
Chlorestes eliciae,Forest,Aerial
Chlorestes julie,Forest,Aerial
Chlorestes notata,Forest,Aerial
Chloris ambigua,Woodland,Insessorial
Chloris chloris,Woodland,Generalist
Chloris monguilloti,Woodland,Insessorial
Chloris sinica,Shrubland,Generalist
Chloris spinoides,Forest,Insessorial
Chloroceryle aenea,Riverine,Insessorial
Chloroceryle amazona,Riverine,Insessorial
Chloroceryle americana,Riverine,Insessorial
Chloroceryle inda,Riverine,Insessorial
Chlorocharis emiliae,Forest,Insessorial
Chlorochrysa calliparaea,Forest,Insessorial
Chlorochrysa fulgentissima,Forest,Insessorial
Chlorochrysa nitidissima,Forest,Insessorial
Chlorochrysa phoenicotis,Forest,Insessorial
Chlorocichla falkensteini,Shrubland,Insessorial
Chlorocichla flavicollis,Shrubland,Insessorial
Chlorocichla flaviventris,Forest,Insessorial
Chlorocichla laetissima,Forest,Insessorial
Chlorocichla prigoginei,Forest,Insessorial
Chlorocichla simplex,Shrubland,Insessorial
Chlorodrepanis flava,Forest,Insessorial
Chlorodrepanis stejnegeri,Forest,Insessorial
Chlorodrepanis virens,Forest,Insessorial
Chloropeta gracilirostris,Wetland,Insessorial
Chloropeta natalensis,Shrubland,Insessorial
Chloropeta similis,Forest,Insessorial
Chlorophanes spiza,Forest,Insessorial
Chlorophoneus bocagei,Forest,Insessorial
Chlorophoneus kupeensis,Forest,Insessorial
Chlorophoneus multicolor,Forest,Insessorial
Chlorophoneus nigrifrons,Forest,Insessorial
Chlorophoneus olivaceus,Forest,Insessorial
Chlorophoneus sulfureopectus,Woodland,Insessorial
Chlorophonia callophrys,Forest,Insessorial
Chlorophonia cyanea,Forest,Insessorial
Chlorophonia cyanocephala,Forest,Insessorial
Chlorophonia elegantissima,Forest,Insessorial
Chlorophonia flavirostris,Forest,Insessorial
Chlorophonia musica,Forest,Insessorial
Chlorophonia occipitalis,Forest,Insessorial
Chlorophonia pyrrhophrys,Forest,Insessorial
Chloropicus abyssinicus,Woodland,Insessorial
Chloropicus elachus,Shrubland,Insessorial
Chloropicus elliotii,Forest,Insessorial
Chloropicus fuscescens,Shrubland,Insessorial
Chloropicus gabonensis,Forest,Insessorial
Chloropicus goertae,Woodland,Insessorial
Chloropicus griseocephalus,Forest,Insessorial
Chloropicus lugubris,,Insessorial
Chloropicus namaquus,Shrubland,Insessorial
Chloropicus obsoletus,Woodland,Insessorial
Chloropicus poecilolaemus,Forest,Insessorial
Chloropicus pyrrhogaster,Forest,Insessorial
Chloropicus spodocephalus,,Insessorial
Chloropicus stierlingi,Woodland,Insessorial
Chloropicus xantholophus,Forest,Insessorial
Chloropipo flavicapilla,Forest,Insessorial
Chloropipo unicolor,Forest,Insessorial
Chloropsis aurifrons,Forest,Insessorial
Chloropsis cochinchinensis,Forest,Insessorial
Chloropsis cyanopogon,Forest,Insessorial
Chloropsis flavipennis,Forest,Insessorial
Chloropsis hardwickii,Shrubland,Insessorial
Chloropsis jerdoni,Forest,Insessorial
Chloropsis kinabaluensis,Forest,Insessorial
Chloropsis lazulina,Shrubland,Insessorial
Chloropsis media,Forest,Insessorial
Chloropsis moluccensis,Forest,Insessorial
Chloropsis palawanensis,Forest,Insessorial
Chloropsis sonnerati,Forest,Insessorial
Chloropsis venusta,Forest,Insessorial
Chlorornis riefferii,Forest,Insessorial
Chlorospingus canigularis,Forest,Insessorial
Chlorospingus flavigularis,Forest,Insessorial
Chlorospingus flavopectus,Forest,Insessorial
Chlorospingus flavovirens,Forest,Insessorial
Chlorospingus hypophaeus,Forest,Insessorial
Chlorospingus inornatus,Forest,Insessorial
Chlorospingus ophthalmicus,Forest,Insessorial
Chlorospingus parvirostris,Forest,Insessorial
Chlorospingus pileatus,Forest,Insessorial
Chlorospingus semifuscus,Forest,Insessorial
Chlorospingus tacarcunae,Forest,Insessorial
Chlorostilbon alice,Forest,Aerial
Chlorostilbon assimilis,Forest,Aerial
Chlorostilbon auriceps,Shrubland,Aerial
Chlorostilbon canivetii,Forest,Aerial
Chlorostilbon forficatus,Forest,Aerial
Chlorostilbon gibsoni,Woodland,Aerial
Chlorostilbon lucidus,Shrubland,Aerial
Chlorostilbon maugaeus,Forest,Aerial
Chlorostilbon melanorhynchus,Forest,Aerial
Chlorostilbon mellisugus,Forest,Aerial
Chlorostilbon notatus,Forest,Aerial
Chlorostilbon olivaresi,Shrubland,Aerial
Chlorostilbon poortmani,Forest,Aerial
Chlorostilbon ricordii,Forest,Aerial
Chlorostilbon russatus,Forest,Aerial
Chlorostilbon stenurus,Forest,Aerial
Chlorostilbon swainsonii,Forest,Aerial
Chlorothraupis carmioli,Forest,Insessorial
Chlorothraupis frenata,Forest,Insessorial
Chlorothraupis olivacea,Forest,Insessorial
Chlorothraupis stolzmanni,Forest,Insessorial
Cholornis paradoxus,Forest,Insessorial
Cholornis unicolor,Shrubland,Insessorial
Chondestes grammacus,Shrubland,Generalist
Chondrohierax uncinatus,Forest,Insessorial
Chondrohierax wilsonii,Forest,Insessorial
Chordeiles acutipennis,Shrubland,Aerial
Chordeiles gundlachii,Shrubland,Aerial
Chordeiles minor,Grassland,Aerial
Chordeiles nacunda,Grassland,Aerial
Chordeiles pusillus,Grassland,Aerial
Chordeiles rupestris,Riverine,Aerial
Chroicocephalus brunnicephalus,Wetland,Generalist
Chroicocephalus bulleri,Riverine,Generalist
Chroicocephalus cirrocephalus,Wetland,Aerial
Chroicocephalus genei,Coastal,Generalist
Chroicocephalus hartlaubii,Coastal,Generalist
Chroicocephalus maculipennis,Wetland,Generalist
Chroicocephalus novaehollandiae,Coastal,Generalist
Chroicocephalus philadelphia,Wetland,Aerial
Chroicocephalus ridibundus,Wetland,Generalist
Chroicocephalus serranus,Wetland,Generalist
Chrysococcyx basalis,Woodland,Generalist
Chrysococcyx caprius,Shrubland,Insessorial
Chrysococcyx crassirostris,,Insessorial
Chrysococcyx cupreus,Forest,Insessorial
Chrysococcyx flavigularis,Forest,Insessorial
Chrysococcyx klaas,Shrubland,Insessorial
Chrysococcyx lucidus,Forest,Insessorial
Chrysococcyx maculatus,Forest,Insessorial
Chrysococcyx megarhynchus,Forest,Insessorial
Chrysococcyx meyeri,Forest,Insessorial
Chrysococcyx meyerii,Forest,Insessorial
Chrysococcyx minutillus,Forest,Insessorial
Chrysococcyx osculans,Shrubland,Insessorial
Chrysococcyx ruficollis,Forest,Insessorial
Chrysococcyx russatus,Forest,Insessorial
Chrysococcyx xanthorhynchus,Forest,Insessorial
Chrysocolaptes erythrocephalus,Woodland,Insessorial
Chrysocolaptes festivus,Woodland,Insessorial
Chrysocolaptes guttacristatus,Woodland,Insessorial
Chrysocolaptes haematribon,Woodland,Insessorial
Chrysocolaptes lucidus,Woodland,Insessorial
Chrysocolaptes stricklandi,Woodland,Insessorial
Chrysocolaptes strictus,Woodland,Insessorial
Chrysocolaptes validus,Forest,Insessorial
Chrysocolaptes xanthocephalus,Woodland,Insessorial
Chrysocorypha delatrii,Forest,Insessorial
Chrysocorythus estherae,Grassland,Insessorial
Chrysocorythus mindanensis,Grassland,Insessorial
Chrysoena luteovirens,Forest,Insessorial
Chrysoena victor,Woodland,Insessorial
Chrysoena viridis,Forest,Insessorial
Chrysolampis mosquitus,Forest,Aerial
Chrysolophus amherstiae,Forest,Terrestrial
Chrysolophus pictus,Forest,Terrestrial
Chrysominla strigula,Forest,Insessorial
Chrysomma altirostre,Shrubland,Insessorial
Chrysomma poecilotis,Grassland,Insessorial
Chrysomma sinense,Shrubland,Insessorial
Chrysomus icterocephalus,Wetland,Insessorial
Chrysomus ruficapillus,Wetland,Insessorial
Chrysophlegma flavinucha,Forest,Insessorial
Chrysophlegma humii,Forest,Insessorial
Chrysophlegma mentale,Forest,Insessorial
Chrysophlegma miniaceum,Forest,Insessorial
Chrysothlypis chrysomelas,Forest,Insessorial
Chrysothlypis salmoni,Human Modified,Insessorial
Chrysuronia brevirostris,Forest,Aerial
Chrysuronia coeruleogularis,Shrubland,Aerial
Chrysuronia goudoti,Shrubland,Aerial
Chrysuronia grayi,Shrubland,Aerial
Chrysuronia humboldtii,Shrubland,Aerial
Chrysuronia leucogaster,Woodland,Aerial
Chrysuronia lilliae,Forest,Aerial
Chrysuronia oenone,Forest,Aerial
Chrysuronia versicolor,Forest,Aerial
Chthonicola sagittatus,Woodland,Terrestrial
Chunga burmeisteri,Woodland,Terrestrial
Ciccaba albitarsis,Forest,Insessorial
Ciccaba huhula,Forest,Insessorial
Ciccaba nigrolineata,Forest,Insessorial
Ciccaba virgata,Forest,Insessorial
Cichladusa arquata,Shrubland,Terrestrial
Cichladusa guttata,Shrubland,Terrestrial
Cichladusa ruficauda,Shrubland,Generalist
Cichlocolaptes holti,Forest,Insessorial
Cichlocolaptes leucophrus,Forest,Insessorial
Cichlopsis chubbi,Forest,Insessorial
Cichlopsis gularis,Forest,Insessorial
Cichlopsis leucogenys,Forest,Insessorial
Cichlopsis peruviana,Forest,Insessorial
Cicinnurus magnificus,Forest,Insessorial
Cicinnurus regius,Forest,Insessorial
Cicinnurus respublica,Forest,Insessorial
Ciconia abdimii,Grassland,Terrestrial
Ciconia boyciana,Wetland,Terrestrial
Ciconia ciconia,Grassland,Terrestrial
Ciconia episcopus,Wetland,Terrestrial
Ciconia maguari,Grassland,Terrestrial
Ciconia microscelis,Wetland,Terrestrial
Ciconia nigra,Woodland,Terrestrial
Ciconia stormi,Wetland,Terrestrial
Cinclidium diana,Forest,Generalist
Cinclidium frontale,Forest,Generalist
Cinclidium leucurum,Forest,Generalist
Cinclocerthia gutturalis,Forest,Insessorial
Cinclocerthia ruficauda,Forest,Insessorial
Cinclodes albidiventris,Grassland,Terrestrial
Cinclodes albiventris,Grassland,Terrestrial
Cinclodes antarcticus,Coastal,Terrestrial
Cinclodes aricomae,Forest,Terrestrial
Cinclodes atacamensis,Grassland,Terrestrial
Cinclodes comechingonus,Grassland,Terrestrial
Cinclodes excelsior,Grassland,Terrestrial
Cinclodes fuscus,Grassland,Terrestrial
Cinclodes maculirostris,Coastal,Terrestrial
Cinclodes nigrofumosus,Rock,Terrestrial
Cinclodes olrogi,Shrubland,Terrestrial
Cinclodes oustaleti,Shrubland,Terrestrial
Cinclodes pabsti,Grassland,Terrestrial
Cinclodes palliatus,Grassland,Terrestrial
Cinclodes patagonicus,Riverine,Terrestrial
Cinclodes taczanowskii,Rock,Terrestrial
Cincloramphus bivittatus,Forest,Generalist
Cincloramphus cruralis,Grassland,Terrestrial
Cincloramphus grosvenori,,Terrestrial
Cincloramphus llaneae,Forest,Terrestrial
Cincloramphus macrurus,Wetland,Generalist
Cincloramphus mariei,Shrubland,Terrestrial
Cincloramphus mathewsi,Grassland,Terrestrial
Cincloramphus rubiginosus,Forest,Terrestrial
Cincloramphus rufus,Forest,Terrestrial
Cincloramphus timoriensis,Wetland,Generalist
Cincloramphus whitneyi,Forest,Terrestrial
Cinclosoma ajax,Forest,Terrestrial
Cinclosoma alisteri,Shrubland,Terrestrial
Cinclosoma castaneothorax,Shrubland,Terrestrial
Cinclosoma castanotum,Woodland,Terrestrial
Cinclosoma cinnamomeum,Shrubland,Terrestrial
Cinclosoma clarum,Woodland,Terrestrial
Cinclosoma marginatum,Shrubland,Terrestrial
Cinclosoma punctatum,Forest,Terrestrial
Cinclus cinclus,Riverine,Generalist
Cinclus leucocephalus,Riverine,Generalist
Cinclus mexicanus,Riverine,Generalist
Cinclus pallasii,Riverine,Generalist
Cinclus schulzi,Riverine,Generalist
Cinclus schulzii,Riverine,Generalist
Cinnycerthia fulva,Forest,Generalist
Cinnycerthia olivascens,Forest,Generalist
Cinnycerthia peruana,Forest,Generalist
Cinnycerthia unirufa,Forest,Generalist
Cinnyricinclus femoralis,Forest,Insessorial
Cinnyricinclus leucogaster,Forest,Insessorial
Cinnyricinclus sharpii,Forest,Insessorial
Cinnyris afer,Shrubland,Insessorial
Cinnyris asiaticus,Shrubland,Insessorial
Cinnyris batesi,Forest,Insessorial
Cinnyris bifasciatus,Shrubland,Insessorial
Cinnyris bouvieri,Grassland,Insessorial
Cinnyris buettikoferi,Forest,Insessorial
Cinnyris chalcomelas,Shrubland,Insessorial
Cinnyris chalybeus,Shrubland,Insessorial
Cinnyris chloropygius,Shrubland,Insessorial
Cinnyris coccinigastrus,Shrubland,Insessorial
Cinnyris comorensis,Forest,Insessorial
Cinnyris congensis,Forest,Insessorial
Cinnyris coquerellii,Shrubland,Insessorial
Cinnyris cupreus,Shrubland,Insessorial
Cinnyris dussumieri,Forest,Insessorial
Cinnyris erythrocercus,Wetland,Insessorial
Cinnyris fuelleborni,Forest,Insessorial
Cinnyris fuscus,Desert,Insessorial
Cinnyris gertrudis,Woodland,Insessorial
Cinnyris habessinicus,Shrubland,Insessorial
Cinnyris hellmayri,Shrubland,Insessorial
Cinnyris humbloti,Forest,Insessorial
Cinnyris idenburgi,Shrubland,Insessorial
Cinnyris johannae,Forest,Insessorial
Cinnyris jugularis,Shrubland,Insessorial
Cinnyris lotenius,Forest,Insessorial
Cinnyris loveridgei,Forest,Insessorial
Cinnyris ludovicensis,Forest,Insessorial
Cinnyris manoensis,Woodland,Insessorial
Cinnyris mariquensis,Woodland,Insessorial
Cinnyris mediocris,Forest,Insessorial
Cinnyris melanogastrus,Woodland,Insessorial
Cinnyris minullus,Forest,Insessorial
Cinnyris moebii,Forest,Insessorial
Cinnyris moreaui,Forest,Insessorial
Cinnyris nectarinioides,Shrubland,Insessorial
Cinnyris neergaardi,Shrubland,Insessorial
Cinnyris notatus,Forest,Insessorial
Cinnyris osea,Shrubland,Insessorial
Cinnyris oustaleti,Shrubland,Insessorial
Cinnyris pembae,Forest,Insessorial
Cinnyris prigoginei,Shrubland,Insessorial
Cinnyris pulchellus,Woodland,Insessorial
Cinnyris regius,Forest,Insessorial
Cinnyris reichenowi,Forest,Insessorial
Cinnyris rockefelleri,Forest,Insessorial
Cinnyris rufipennis,Forest,Insessorial
Cinnyris shelleyi,Shrubland,Insessorial
Cinnyris solaris,Forest,Insessorial
Cinnyris sovimanga,Forest,Insessorial
Cinnyris stuhlmanni,Shrubland,Insessorial
Cinnyris superbus,Forest,Insessorial
Cinnyris talatala,Woodland,Insessorial
Cinnyris tsavoensis,Shrubland,Insessorial
Cinnyris ursulae,Forest,Insessorial
Cinnyris usambaricus,Forest,Insessorial
Cinnyris venustus,Woodland,Insessorial
Cinnyris voeltzkowi,Forest,Insessorial
Circaetus beaudouini,Woodland,Insessorial
Circaetus cinerascens,Forest,Insessorial
Circaetus cinereus,Shrubland,Insessorial
Circaetus fasciolatus,Woodland,Insessorial
Circaetus gallicus,Woodland,Aerial
Circaetus pectoralis,Woodland,Generalist
Circus aeruginosus,Wetland,Aerial
Circus approximans,Wetland,Aerial
Circus assimilis,Grassland,Aerial
Circus buffoni,Grassland,Aerial
Circus cinereus,Grassland,Aerial
Circus cyaneus,Grassland,Aerial
Circus hudsonius,Grassland,Aerial
Circus macrosceles,Grassland,Aerial
Circus macrourus,Grassland,Aerial
Circus maillardi,Forest,Aerial
Circus maurus,Shrubland,Aerial
Circus melanoleucos,Grassland,Aerial
Circus pygargus,Grassland,Aerial
Circus ranivorus,Wetland,Aerial
Circus spilonotus,Wetland,Aerial
Circus spilothorax,Wetland,Aerial
Cissa chinensis,Forest,Generalist
Cissa hypoleuca,Forest,Generalist
Cissa jefferyi,Forest,Generalist
Cissa thalassina,Forest,Generalist
Cissomela pectoralis,Grassland,Insessorial
Cissopis leverianus,Woodland,Insessorial
Cisticola aberdare,Grassland,Generalist
Cisticola aberrans,Rock,Generalist
Cisticola anderseni,Wetland,Insessorial
Cisticola angusticauda,Woodland,Generalist
Cisticola anonymus,Woodland,Generalist
Cisticola aridulus,Grassland,Insessorial
Cisticola ayresii,Grassland,Insessorial
Cisticola bailunduensis,Rock,Generalist
Cisticola bakerorum,Shrubland,Insessorial
Cisticola bodessa,Shrubland,Insessorial
Cisticola brachypterus,Woodland,Insessorial
Cisticola brunnescens,Grassland,Terrestrial
Cisticola bulliens,Grassland,Insessorial
Cisticola cantans,Shrubland,Insessorial
Cisticola carruthersi,Wetland,Insessorial
Cisticola cherina,Shrubland,Insessorial
Cisticola chiniana,Shrubland,Insessorial
Cisticola chubbi,Shrubland,Insessorial
Cisticola cinereolus,Desert,Terrestrial
Cisticola cinnamomeus,Grassland,Terrestrial
Cisticola dambo,Grassland,Generalist
Cisticola discolor,Shrubland,Insessorial
Cisticola erythrops,Grassland,Insessorial
Cisticola exilis,Grassland,Terrestrial
Cisticola eximius,Grassland,Terrestrial
Cisticola fulvicapilla,Grassland,Generalist
Cisticola galactotes,Wetland,Insessorial
Cisticola guinea,Woodland,Insessorial
Cisticola haematocephalus,Wetland,Insessorial
Cisticola haesitatus,Shrubland,Insessorial
Cisticola hunteri,Shrubland,Generalist
Cisticola juncidis,Grassland,Generalist
Cisticola lais,Grassland,Insessorial
Cisticola lateralis,Shrubland,Generalist
Cisticola luapula,Wetland,Insessorial
Cisticola lugubris,Wetland,Insessorial
Cisticola marginatus,Wetland,Insessorial
Cisticola melanurus,Woodland,Insessorial
Cisticola nana,Grassland,Generalist
Cisticola nanus,Grassland,Generalist
Cisticola natalensis,Grassland,Generalist
Cisticola nigriloris,Shrubland,Insessorial
Cisticola njombe,Grassland,Generalist
Cisticola pipiens,Wetland,Insessorial
Cisticola restrictus,Shrubland,Generalist
Cisticola robustus,Grassland,Generalist
Cisticola ruficeps,Grassland,Insessorial
Cisticola rufilatus,Woodland,Generalist
Cisticola rufus,Shrubland,Generalist
Cisticola subruficapilla,Shrubland,Insessorial
Cisticola textrix,Grassland,Terrestrial
Cisticola tinniens,Wetland,Insessorial
Cisticola troglodytes,Shrubland,Generalist
Cisticola woosnami,Grassland,Generalist
Cistothorus apolinari,Grassland,Insessorial
Cistothorus meridae,Grassland,Insessorial
Cistothorus palustris,Wetland,Insessorial
Cistothorus platensis,Grassland,Insessorial
Cistothorus stellaris,Grassland,Insessorial
Cittura cyanotis,Forest,Insessorial
Cittura sanghirensis,Forest,Insessorial
Cladorhynchus leucocephalus,Wetland,Terrestrial
Clamator coromandus,Woodland,Insessorial
Clamator glandarius,Shrubland,Insessorial
Clamator jacobinus,Grassland,Insessorial
Clamator levaillantii,Grassland,Insessorial
Clanga clanga,Wetland,Generalist
Clanga hastata,Woodland,Generalist
Clanga pomarina,Forest,Generalist
Clangula hyemalis,Wetland,Aquatic
Claravis godefrida,Forest,Terrestrial
Claravis mondetoura,Forest,Terrestrial
Claravis pretiosa,Forest,Generalist
Cleptornis marchei,Forest,Insessorial
Clibanornis dendrocolaptoides,Forest,Terrestrial
Clibanornis erythrocephalus,Woodland,Terrestrial
Clibanornis rectirostris,Forest,Terrestrial
Clibanornis rubiginosus,Forest,Insessorial
Clibanornis rufipectus,Forest,Insessorial
Climacteris affinis,Shrubland,Insessorial
Climacteris erythrops,Forest,Insessorial
Climacteris melanurus,Forest,Insessorial
Climacteris picumnus,Forest,Insessorial
Climacteris rufus,Woodland,Insessorial
Clypicterus oseryi,Forest,Insessorial
Clytoceyx rex,Forest,Terrestrial
Clytoctantes alixii,Forest,Insessorial
Clytoctantes atrogularis,Forest,Insessorial
Clytolaema rubricauda,Forest,Aerial
Clytomyias insignis,Forest,Insessorial
Clytorhynchus hamlini,Forest,Insessorial
Clytorhynchus nigrogularis,Forest,Insessorial
Clytorhynchus pachycephaloides,Forest,Insessorial
Clytorhynchus sanctaecrucis,Forest,Insessorial
Clytorhynchus vitiensis,Forest,Insessorial
Clytospiza monteiri,Shrubland,Terrestrial
Cnemarchus erythropygius,Shrubland,Insessorial
Cnemarchus rufipennis,Forest,Insessorial
Cnemathraupis aureodorsalis,Forest,Insessorial
Cnemathraupis eximia,Forest,Insessorial
Cnemophilus loriae,Forest,Insessorial
Cnemophilus macgregorii,Forest,Insessorial
Cnemophilus sanguineus,Forest,Insessorial
Cnemoscopus chrysogaster,Forest,Insessorial
Cnemoscopus rubrirostris,Forest,Insessorial
Cnemotriccus fuscatus,Forest,Insessorial
Cnipodectes subbrunneus,Forest,Insessorial
Cnipodectes superrufus,Forest,Insessorial
Coccopygia bocagei,Shrubland,Generalist
Coccopygia melanotis,Shrubland,Generalist
Coccopygia quartinia,Shrubland,Generalist
Coccothraustes abeillei,Forest,Insessorial
Coccothraustes coccothraustes,Forest,Insessorial
Coccothraustes vespertinus,Forest,Insessorial
Coccycolius iris,Woodland,Insessorial
Coccycua cinerea,Shrubland,Insessorial
Coccycua minuta,Forest,Insessorial
Coccycua pumila,Woodland,Insessorial
Coccyzus americanus,Forest,Insessorial
Coccyzus bahamensis,Forest,Insessorial
Coccyzus erythropthalmus,Forest,Insessorial
Coccyzus euleri,Forest,Insessorial
Coccyzus ferrugineus,Forest,Insessorial
Coccyzus lansbergi,Woodland,Insessorial
Coccyzus longirostris,Woodland,Insessorial
Coccyzus melacoryphus,Woodland,Insessorial
Coccyzus merlini,Forest,Insessorial
Coccyzus minor,Woodland,Insessorial
Coccyzus pluvialis,Forest,Insessorial
Coccyzus rufigularis,Forest,Insessorial
Coccyzus vetula,Forest,Insessorial
Coccyzus vieilloti,Woodland,Insessorial
Cochlearius cochlearius,Wetland,Terrestrial
Cochoa azurea,Forest,Insessorial
Cochoa beccarii,Forest,Insessorial
Cochoa purpurea,Forest,Insessorial
Cochoa viridis,Forest,Insessorial
Coeligena albicaudata,Forest,Aerial
Coeligena bonapartei,Forest,Aerial
Coeligena coeligena,Forest,Aerial
Coeligena conradii,Forest,Aerial
Coeligena consita,Forest,Aerial
Coeligena dichroura,Forest,Aerial
Coeligena eisenmanni,Forest,Aerial
Coeligena eos,Forest,Aerial
Coeligena helianthea,Forest,Aerial
Coeligena inca,Forest,Aerial
Coeligena iris,Forest,Aerial
Coeligena lutetiae,Forest,Aerial
Coeligena orina,Forest,Aerial
Coeligena osculans,Forest,Aerial
Coeligena phalerata,Forest,Aerial
Coeligena prunellei,Forest,Aerial
Coeligena torquata,Forest,Aerial
Coeligena violifer,Forest,Aerial
Coeligena wilsoni,Forest,Aerial
Coenocorypha aucklandica,Grassland,Terrestrial
Coenocorypha huegeli,Grassland,Terrestrial
Coenocorypha pusilla,Forest,Terrestrial
Coereba flaveola,Shrubland,Insessorial
Colaptes aeruginosus,Forest,Insessorial
Colaptes atriceps,Forest,Insessorial
Colaptes atricollis,Shrubland,Insessorial
Colaptes auratus,Shrubland,Generalist
Colaptes auricularis,Forest,Insessorial
Colaptes cafer,Shrubland,Generalist
Colaptes campestris,Grassland,Terrestrial
Colaptes campestroides,Grassland,Terrestrial
Colaptes chrysoides,Shrubland,Terrestrial
Colaptes cinereicapillus,Grassland,Terrestrial
Colaptes fernandinae,Woodland,Terrestrial
Colaptes melanochloros,Forest,Insessorial
Colaptes melanolaimus,Forest,Insessorial
Colaptes mexicanoides,Shrubland,Generalist
Colaptes pitius,Woodland,Terrestrial
Colaptes punctigula,Forest,Insessorial
Colaptes rivolii,Forest,Insessorial
Colaptes rubiginosus,Forest,Insessorial
Colaptes rupicola,Grassland,Terrestrial
Colibri coruscans,Human Modified,Aerial
Colibri cyanotus,Forest,Aerial
Colibri delphinae,Forest,Aerial
Colibri serrirostris,Shrubland,Aerial
Colibri thalassinus,Forest,Aerial
Colinus cristatus,Forest,Terrestrial
Colinus leucopogon,Forest,Terrestrial
Colinus nigrogularis,Shrubland,Terrestrial
Colinus virginianus,Human Modified,Terrestrial
Colius castanotus,Woodland,Insessorial
Colius colius,Shrubland,Insessorial
Colius leucocephalus,Shrubland,Insessorial
Colius striatus,Shrubland,Insessorial
Collocalia affinis,Forest,Aerial
Collocalia amelis,Forest,Aerial
Collocalia bartschi,Forest,Aerial
Collocalia brevirostris,Rock,Aerial
Collocalia dodgei,Forest,Aerial
Collocalia elaphra,Forest,Aerial
Collocalia esculenta,Forest,Aerial
Collocalia francica,Forest,Aerial
Collocalia fuciphaga,Forest,Aerial
Collocalia germani,Forest,Aerial
Collocalia hirundinacea,Forest,Aerial
Collocalia infuscata,Forest,Aerial
Collocalia inquieta,Forest,Aerial
Collocalia isonota,Forest,Aerial
Collocalia leucophaea,Forest,Aerial
Collocalia linchi,Forest,Aerial
Collocalia marginata,Forest,Aerial
Collocalia maxima,Forest,Aerial
Collocalia mearnsi,Forest,Aerial
Collocalia natalis,Forest,Aerial
Collocalia neglecta,Forest,Aerial
Collocalia nuditarsus,Forest,Aerial
Collocalia ocista,Forest,Aerial
Collocalia orientalis,Forest,Aerial
Collocalia palawanensis,Forest,Aerial
Collocalia papuensis,Rock,Aerial
Collocalia pelewensis,Forest,Aerial
Collocalia rogersi,Rock,Aerial
Collocalia salangana,Rock,Aerial
Collocalia sawtelli,Forest,Aerial
Collocalia spodiopygia,Forest,Aerial
Collocalia sumbawae,Forest,Aerial
Collocalia terraereginae,Grassland,Aerial
Collocalia troglodytes,Forest,Aerial
Collocalia unicolor,Rock,Aerial
Collocalia uropygialis,Forest,Aerial
Collocalia vanikorensis,Forest,Aerial
Collocalia vulcanorum,Rock,Aerial
Collocalia whiteheadi,Forest,Aerial
Colluricincla affinis,Forest,Insessorial
Colluricincla boweri,Forest,Insessorial
Colluricincla discolor,Forest,Insessorial
Colluricincla fortis,Forest,Insessorial
Colluricincla harmonica,Forest,Insessorial
Colluricincla megarhyncha,Forest,Insessorial
Colluricincla obscura,Forest,Insessorial
Colluricincla rufogaster,Forest,Insessorial
Colluricincla sanghirensis,Forest,Insessorial
Colluricincla tappenbecki,Forest,Insessorial
Colluricincla tenebrosa,Forest,Insessorial
Colluricincla umbrina,Forest,Insessorial
Colluricincla woodwardi,Rock,Terrestrial
Colonia colonus,Forest,Insessorial
Colorhamphus parvirostris,Forest,Insessorial
Columba albinucha,Forest,Insessorial
Columba albitorques,Grassland,Terrestrial
Columba argentina,Woodland,Insessorial
Columba arquatrix,Forest,Insessorial
Columba bollii,Forest,Insessorial
Columba delegorguei,Forest,Insessorial
Columba elphinstonii,Forest,Insessorial
Columba eversmanni,Desert,Terrestrial
Columba guinea,Shrubland,Terrestrial
Columba hodgsonii,Forest,Insessorial
Columba iriditorques,Forest,Insessorial
Columba janthina,Forest,Insessorial
Columba junoniae,Forest,Insessorial
Columba larvata,Forest,Terrestrial
Columba leucomela,Forest,Insessorial
Columba leuconota,Rock,Terrestrial
Columba livia,Human Modified,Terrestrial
Columba malherbii,Forest,Insessorial
Columba oenas,Woodland,Terrestrial
Columba oliviae,Grassland,Terrestrial
Columba pallidiceps,Forest,Insessorial
Columba palumboides,Forest,Insessorial
Columba palumbus,Woodland,Terrestrial
Columba pollenii,Forest,Insessorial
Columba pulchricollis,Forest,Insessorial
Columba punicea,Forest,Terrestrial
Columba rupestris,Rock,Terrestrial
Columba sjostedti,Forest,Insessorial
Columba thomensis,Forest,Insessorial
Columba torringtoniae,Forest,Insessorial
Columba trocaz,Forest,Generalist
Columba unicincta,Forest,Insessorial
Columba vitiensis,Forest,Insessorial
Columbina buckleyi,Woodland,Terrestrial
Columbina cruziana,Human Modified,Terrestrial
Columbina cyanopis,Grassland,Terrestrial
Columbina inca,Human Modified,Terrestrial
Columbina minuta,Shrubland,Terrestrial
Columbina passerina,Shrubland,Terrestrial
Columbina picui,Human Modified,Terrestrial
Columbina squammata,Human Modified,Terrestrial
Columbina talpacoti,Human Modified,Terrestrial
Compsospiza baeri,Shrubland,Generalist
Compsospiza garleppi,Shrubland,Insessorial
Compsothraupis loricata,Forest,Insessorial
Conioptilon mcilhennyi,Forest,Insessorial
Conirostrum albifrons,Forest,Insessorial
Conirostrum bicolor,Woodland,Insessorial
Conirostrum binghami,Forest,Insessorial
Conirostrum cinereum,Shrubland,Insessorial
Conirostrum ferrugineiventre,Forest,Insessorial
Conirostrum fraseri,Shrubland,Insessorial
Conirostrum leucogenys,Forest,Insessorial
Conirostrum margaritae,Forest,Insessorial
Conirostrum rufum,Shrubland,Insessorial
Conirostrum sitticolor,Forest,Insessorial
Conirostrum speciosum,Forest,Insessorial
Conirostrum tamarugense,Forest,Insessorial
Conopias albovittatus,Forest,Insessorial
Conopias cinchoneti,Forest,Insessorial
Conopias parvus,Forest,Insessorial
Conopias trivirgatus,Forest,Insessorial
Conopophaga ardesiaca,Forest,Insessorial
Conopophaga aurita,Forest,Insessorial
Conopophaga castaneiceps,Forest,Insessorial
Conopophaga cearae,Forest,Insessorial
Conopophaga lineata,Forest,Insessorial
Conopophaga melanogaster,Forest,Insessorial
Conopophaga melanops,Forest,Insessorial
Conopophaga peruviana,Forest,Insessorial
Conopophaga roberti,Forest,Insessorial
Conopophaga snethlageae,Forest,Insessorial
Conopophila albogularis,Forest,Insessorial
Conopophila rufogularis,Woodland,Insessorial
Conopophila whitei,Woodland,Insessorial
Conostoma aemodium,Shrubland,Insessorial
Conostoma oemodium,Shrubland,Insessorial
Conothraupis mesoleuca,,Insessorial
Conothraupis speculigera,Woodland,Insessorial
Contopus albogularis,Forest,Insessorial
Contopus bogotensis,Forest,Insessorial
Contopus caribaeus,Forest,Insessorial
Contopus cinereus,Forest,Insessorial
Contopus cooperi,Forest,Insessorial
Contopus fumigatus,Forest,Insessorial
Contopus hispaniolensis,Forest,Insessorial
Contopus latirostris,Forest,Insessorial
Contopus lugubris,Forest,Insessorial
Contopus nigrescens,Forest,Insessorial
Contopus ochraceus,Forest,Insessorial
Contopus pallidus,Forest,Insessorial
Contopus pertinax,Forest,Insessorial
Contopus punensis,Forest,Insessorial
Contopus sordidulus,Forest,Insessorial
Contopus virens,Forest,Insessorial
Copsychus albiventris,Forest,Insessorial
Copsychus albospecularis,Forest,Generalist
Copsychus cebuensis,Forest,Generalist
Copsychus fulicatus,Shrubland,Terrestrial
Copsychus luzoniensis,Forest,Generalist
Copsychus malabaricus,Forest,Insessorial
Copsychus mindanensis,Woodland,Terrestrial
Copsychus niger,Forest,Generalist
Copsychus pica,Forest,Generalist
Copsychus pyrropygus,Forest,Generalist
Copsychus saularis,Woodland,Terrestrial
Copsychus sechellarum,Forest,Terrestrial
Copsychus stricklandii,Forest,Insessorial
Copsychus superciliaris,Forest,Generalist
Coracias abyssinicus,Shrubland,Insessorial
Coracias affinis,Human Modified,Insessorial
Coracias benghalensis,Human Modified,Insessorial
Coracias caudatus,Shrubland,Insessorial
Coracias cyanogaster,Woodland,Insessorial
Coracias garrulus,Woodland,Insessorial
Coracias naevia,Shrubland,Insessorial
Coracias naevius,Shrubland,Insessorial
Coracias spatulatus,Woodland,Insessorial
Coracias temminckii,Woodland,Insessorial
Coracina abbotti,Forest,Insessorial
Coracina analis,Forest,Insessorial
Coracina atriceps,Forest,Insessorial
Coracina azurea,Forest,Insessorial
Coracina bicolor,Forest,Insessorial
Coracina boyeri,Forest,Insessorial
Coracina caeruleogrisea,Forest,Insessorial
Coracina caesia,Forest,Insessorial
Coracina caledonica,Forest,Insessorial
Coracina ceramensis,Forest,Insessorial
Coracina cinerea,Forest,Insessorial
Coracina coerulescens,Forest,Insessorial
Coracina cucullata,Forest,Insessorial
Coracina dispar,Forest,Insessorial
Coracina dobsoni,Forest,Insessorial
Coracina dohertyi,Forest,Insessorial
Coracina fimbriata,Forest,Insessorial
Coracina fortis,Forest,Insessorial
Coracina graueri,Forest,Insessorial
Coracina holopolia,Forest,Insessorial
Coracina incerta,Forest,Insessorial
Coracina ingens,Woodland,Insessorial
Coracina javensis,Forest,Insessorial
Coracina larvata,Forest,Insessorial
Coracina leucopygia,Woodland,Insessorial
Coracina lineata,Forest,Insessorial
Coracina longicauda,Forest,Insessorial
Coracina macei,Forest,Insessorial
Coracina maxima,Shrubland,Terrestrial
Coracina mcgregori,Forest,Insessorial
Coracina melanoptera,Forest,Insessorial
Coracina melas,Forest,Insessorial
Coracina melaschistos,Forest,Insessorial
Coracina mindanensis,Forest,Insessorial
Coracina montana,Forest,Insessorial
Coracina morio,Forest,Insessorial
Coracina newtoni,Forest,Insessorial
Coracina novaehollandiae,Forest,Insessorial
Coracina ostenta,Forest,Insessorial
Coracina panayensis,Forest,Insessorial
Coracina papuensis,Woodland,Insessorial
Coracina parvula,Forest,Insessorial
Coracina pectoralis,Woodland,Insessorial
Coracina personata,Forest,Insessorial
Coracina polioptera,Forest,Insessorial
Coracina schistacea,Forest,Insessorial
Coracina schisticeps,Forest,Insessorial
Coracina striata,Forest,Insessorial
Coracina sula,Forest,Insessorial
Coracina temminckii,Forest,Insessorial
Coracina tenuirostris,Shrubland,Insessorial
Coracina typica,Forest,Insessorial
Coracina welchmani,Forest,Insessorial
Coracopsis barklyi,Forest,Insessorial
Coracopsis nigra,Forest,Insessorial
Coracopsis sibilans,Forest,Insessorial
Coracopsis vasa,Forest,Insessorial
Coracornis raveni,Forest,Insessorial
Coracornis sanghirensis,Forest,Insessorial
Coragyps atratus,Human Modified,Terrestrial
Corapipo altera,Forest,Insessorial
Corapipo gutturalis,Forest,Insessorial
Corapipo leucorrhoa,Forest,Insessorial
Corcorax melanorhamphos,Woodland,Terrestrial
Cormobates leucophaea,Forest,Insessorial
Cormobates placens,Forest,Insessorial
Corthylio calendula,Forest,Insessorial
Corvinella corvina,Shrubland,Insessorial
Corvus albicollis,Rock,Terrestrial
Corvus albus,Shrubland,Terrestrial
Corvus bennetti,Shrubland,Generalist
Corvus brachyrhynchos,Human Modified,Terrestrial
Corvus capensis,Grassland,Terrestrial
Corvus caurinus,Coastal,Terrestrial
Corvus corax,Forest,Terrestrial
Corvus cornix,Human Modified,Terrestrial
Corvus corone,Human Modified,Terrestrial
Corvus coronoides,Shrubland,Generalist
Corvus crassirostris,Rock,Terrestrial
Corvus cryptoleucus,Grassland,Terrestrial
Corvus dauuricus,Grassland,Terrestrial
Corvus edithae,Desert,Terrestrial
Corvus enca,Forest,Insessorial
Corvus florensis,Forest,Insessorial
Corvus frugilegus,Grassland,Terrestrial
Corvus fuscicapillus,Forest,Insessorial
Corvus hawaiiensis,Forest,Insessorial
Corvus imparatus,Shrubland,Terrestrial
Corvus insularis,Forest,Generalist
Corvus jamaicensis,Forest,Insessorial
Corvus kubaryi,Forest,Insessorial
Corvus leucognaphalus,Forest,Insessorial
Corvus levaillantii,Woodland,Generalist
Corvus macrorhynchos,Woodland,Generalist
Corvus meeki,,Insessorial
Corvus mellori,Shrubland,Generalist
Corvus minutus,Forest,Insessorial
Corvus monedula,Human Modified,Terrestrial
Corvus moneduloides,Woodland,Generalist
Corvus nasicus,Forest,Insessorial
Corvus orru,Forest,Generalist
Corvus ossifragus,Coastal,Terrestrial
Corvus palmarum,Forest,Insessorial
Corvus pectoralis,Shrubland,Terrestrial
Corvus rhipidurus,Grassland,Terrestrial
Corvus ruficollis,Desert,Terrestrial
Corvus sinaloae,Forest,Generalist
Corvus splendens,Human Modified,Terrestrial
Corvus tasmanicus,Woodland,Generalist
Corvus torquatus,Shrubland,Terrestrial
Corvus tristis,Forest,Insessorial
Corvus typicus,Forest,Insessorial
Corvus unicolor,Forest,Insessorial
Corvus validus,Forest,Insessorial
Corvus violaceus,Forest,Insessorial
Corvus woodfordi,Forest,Insessorial
Corydon sumatranus,Forest,Insessorial
Corydospiza alaudina,Shrubland,Terrestrial
Corydospiza carbonaria,Grassland,Terrestrial
Coryphaspiza melanotis,Grassland,Terrestrial
Coryphistera alaudina,Shrubland,Terrestrial
Coryphospingus cucullatus,Shrubland,Generalist
Coryphospingus pileatus,Shrubland,Terrestrial
Corythaeola cristata,Forest,Insessorial
Corythaixoides concolor,Grassland,Insessorial
Corythaixoides leopoldi,Woodland,Insessorial
Corythaixoides leucogaster,Grassland,Insessorial
Corythaixoides personatus,Woodland,Insessorial
Corythopis delalandi,Forest,Terrestrial
Corythopis torquatus,Forest,Terrestrial
Corythornis cristatus,Wetland,Insessorial
Corythornis leucogaster,Forest,Insessorial
Corythornis madagascariensis,Shrubland,Insessorial
Corythornis nais,Wetland,Insessorial
Corythornis thomensis,Wetland,Insessorial
Corythornis vintsioides,Riverine,Insessorial
Coscoroba coscoroba,Wetland,Terrestrial
Cosmopsarus regius,Shrubland,Generalist
Cosmopsarus unicolor,Woodland,Terrestrial
Cossypha albicapilla,Woodland,Terrestrial
Cossypha albicapillus,Woodland,Terrestrial
Cossypha anomala,Forest,Terrestrial
Cossypha archeri,Forest,Terrestrial
Cossypha caffra,Forest,Generalist
Cossypha cyanocampter,Shrubland,Generalist
Cossypha dichroa,Forest,Insessorial
Cossypha heinrichi,Forest,Generalist
Cossypha heuglini,Riverine,Terrestrial
Cossypha humeralis,Woodland,Terrestrial
Cossypha isabellae,Forest,Generalist
Cossypha natalensis,Woodland,Terrestrial
Cossypha niveicapilla,Woodland,Generalist
Cossypha polioptera,Shrubland,Terrestrial
Cossypha semirufa,Forest,Generalist
Cossyphicula roberti,Forest,Insessorial
Cotinga amabilis,Forest,Insessorial
Cotinga cayana,Forest,Insessorial
Cotinga cotinga,Forest,Insessorial
Cotinga maculata,Forest,Insessorial
Cotinga maynana,Forest,Insessorial
Cotinga nattererii,Forest,Insessorial
Cotinga ridgwayi,Forest,Insessorial
Coturnicops exquisitus,Wetland,Terrestrial
Coturnicops notatus,Grassland,Terrestrial
Coturnicops noveboracensis,Wetland,Terrestrial
Coturnix chinensis,Grassland,Terrestrial
Coturnix coromandelica,Grassland,Terrestrial
Coturnix coturnix,Human Modified,Terrestrial
Coturnix delegorguei,Grassland,Terrestrial
Coturnix japonica,Grassland,Terrestrial
Coturnix pectoralis,Grassland,Terrestrial
Coturnix ypsilophora,Grassland,Terrestrial
Coua caerulea,Forest,Insessorial
Coua coquereli,Forest,Terrestrial
Coua cristata,Forest,Insessorial
Coua cursor,Shrubland,Terrestrial
Coua gigas,Forest,Terrestrial
Coua olivaceiceps,Forest,Terrestrial
Coua pyropyga,Forest,Insessorial
Coua reynaudii,Forest,Generalist
Coua ruficeps,Forest,Terrestrial
Coua serriana,Forest,Terrestrial
Coua verreauxi,Shrubland,Insessorial
Cracticus argenteus,Woodland,Insessorial
Cracticus cassicus,Forest,Insessorial
Cracticus louisiadensis,,Insessorial
Cracticus mentalis,Woodland,Insessorial
Cracticus nigrogularis,Woodland,Insessorial
Cracticus quoyi,Forest,Insessorial
Cracticus torquatus,Woodland,Insessorial
Cranioleuca albicapilla,Shrubland,Insessorial
Cranioleuca albiceps,Forest,Insessorial
Cranioleuca antisiensis,Forest,Insessorial
Cranioleuca baroni,Forest,Insessorial
Cranioleuca berlepschi,Forest,Insessorial
Cranioleuca curtata,Forest,Insessorial
Cranioleuca demissa,Forest,Insessorial
Cranioleuca dissita,Forest,Insessorial
Cranioleuca erythrops,Forest,Insessorial
Cranioleuca gutturata,Forest,Insessorial
Cranioleuca hellmayri,Forest,Insessorial
Cranioleuca henricae,Woodland,Insessorial
Cranioleuca marcapatae,Forest,Insessorial
Cranioleuca muelleri,Forest,Insessorial
Cranioleuca obsoleta,Forest,Insessorial
Cranioleuca pallida,Forest,Insessorial
Cranioleuca pyrrhophia,Forest,Insessorial
Cranioleuca semicinerea,Woodland,Insessorial
Cranioleuca subcristata,Forest,Insessorial
Cranioleuca sulphurifera,Wetland,Insessorial
Cranioleuca vulpecula,Forest,Insessorial
Cranioleuca vulpina,Forest,Insessorial
Cranioleuca weskei,Forest,Insessorial
Crateroscelis murina,Forest,Terrestrial
Crateroscelis nigrorufa,Forest,Terrestrial
Crateroscelis robusta,Forest,Terrestrial
Crax alberti,Forest,Terrestrial
Crax alector,Forest,Terrestrial
Crax blumenbachii,Forest,Terrestrial
Crax daubentoni,Forest,Generalist
Crax fasciolata,Forest,Terrestrial
Crax globulosa,Forest,Generalist
Crax pinima,Forest,Terrestrial
Crax rubra,Forest,Terrestrial
Creagrus furcatus,Marine,Generalist
Creatophora cinerea,Shrubland,Terrestrial
Crecopsis egregia,Wetland,Terrestrial
Creurgops dentatus,Forest,Insessorial
Creurgops verticalis,Forest,Insessorial
Crex crex,Grassland,Terrestrial
Crex egregia,Wetland,Terrestrial
Crinifer piscator,Woodland,Insessorial
Crinifer zonurus,Grassland,Insessorial
Criniferoides leucogaster,Grassland,Insessorial
Criniger barbatus,Forest,Insessorial
Criniger calurus,Forest,Insessorial
Criniger chloronotus,Forest,Insessorial
Criniger ndussumensis,Forest,Insessorial
Criniger olivaceus,Forest,Insessorial
Crithagra albogularis,Grassland,Insessorial
Crithagra ankoberensis,Grassland,Terrestrial
Crithagra atrogularis,Woodland,Generalist
Crithagra buchanani,Shrubland,Generalist
Crithagra burtoni,Forest,Insessorial
Crithagra canicapilla,Woodland,Insessorial
Crithagra capistrata,Shrubland,Generalist
Crithagra citrinelloides,Shrubland,Generalist
Crithagra citrinipectus,Woodland,Terrestrial
Crithagra concolor,Forest,Insessorial
Crithagra donaldsoni,Grassland,Generalist
Crithagra dorsostriata,Shrubland,Generalist
Crithagra flavigula,Shrubland,Generalist
Crithagra flaviventris,Shrubland,Insessorial
Crithagra frontalis,Shrubland,Insessorial
Crithagra gularis,Shrubland,Insessorial
Crithagra hyposticta,Forest,Generalist
Crithagra koliensis,Shrubland,Insessorial
Crithagra leucoptera,Shrubland,Insessorial
Crithagra leucopygia,Shrubland,Generalist
Crithagra melanochroa,Forest,Insessorial
Crithagra menachensis,Shrubland,Terrestrial
Crithagra mennelli,Woodland,Insessorial
Crithagra mozambica,Shrubland,Generalist
Crithagra reichardi,Shrubland,Generalist
Crithagra reichenowi,Desert,Generalist
Crithagra rothschildi,Shrubland,Generalist
Crithagra rufobrunnea,Forest,Insessorial
Crithagra scotops,Forest,Insessorial
Crithagra striatipectus,Shrubland,Generalist
Crithagra striolata,Shrubland,Insessorial
Crithagra sulphurata,Shrubland,Insessorial
Crithagra symonsi,Shrubland,Insessorial
Crithagra totta,Shrubland,Insessorial
Crithagra tristriata,Shrubland,Generalist
Crithagra whytii,Shrubland,Insessorial
Crithagra xantholaema,Shrubland,Generalist
Crithagra xanthopygia,Desert,Generalist
Crocias albonotatus,Forest,Insessorial
Crocias langbianis,Forest,Insessorial
Crossleyia tenebrosa,Forest,Terrestrial
Crossleyia xanthophrys,Forest,Terrestrial
Crossoptilon auritum,Forest,Terrestrial
Crossoptilon crossoptilon,Forest,Terrestrial
Crossoptilon harmani,Forest,Terrestrial
Crossoptilon mantchuricum,Forest,Terrestrial
Crotophaga ani,Human Modified,Insessorial
Crotophaga major,Forest,Insessorial
Crotophaga sulcirostris,Human Modified,Terrestrial
Crypsirina cucullata,Forest,Insessorial
Crypsirina temia,Forest,Insessorial
Cryptillas victorini,Shrubland,Terrestrial
Cryptoleucopteryx plumbea,Forest,Insessorial
Cryptolybia olivacea,Forest,Insessorial
Cryptomicroeca flaviventris,Forest,Insessorial
Cryptopezus nattereri,Forest,Terrestrial
Cryptophaps poecilorrhoa,Forest,Insessorial
Cryptopipo holochlora,Forest,Insessorial
Cryptopipo litae,Forest,Insessorial
Cryptospiza jacksoni,Forest,Terrestrial
Cryptospiza reichenovii,Forest,Generalist
Cryptospiza salvadorii,Forest,Terrestrial
Cryptospiza shelleyi,Forest,Terrestrial
Cryptosylvicola randrianasoloi,Forest,Insessorial
Crypturellus atrocapillus,Forest,Terrestrial
Crypturellus bartletti,Forest,Terrestrial
Crypturellus berlepschi,Forest,Terrestrial
Crypturellus boucardi,Forest,Terrestrial
Crypturellus brevirostris,Forest,Terrestrial
Crypturellus casiquiare,Forest,Terrestrial
Crypturellus cinereus,Forest,Terrestrial
Crypturellus cinnamomeus,Forest,Terrestrial
Crypturellus duidae,Shrubland,Terrestrial
Crypturellus erythropus,Shrubland,Terrestrial
Crypturellus kerriae,Forest,Terrestrial
Crypturellus noctivagus,Forest,Terrestrial
Crypturellus obsoletus,Forest,Terrestrial
Crypturellus occidentalis,Forest,Terrestrial
Crypturellus parvirostris,Shrubland,Terrestrial
Crypturellus ptaritepui,Forest,Terrestrial
Crypturellus soui,Forest,Terrestrial
Crypturellus strigulosus,Forest,Terrestrial
Crypturellus tataupa,Woodland,Terrestrial
Crypturellus transfasciatus,Woodland,Terrestrial
Crypturellus undulatus,Forest,Terrestrial
Crypturellus variegatus,Forest,Terrestrial
Cuculus canorus,Forest,Insessorial
Cuculus clamosus,Forest,Insessorial
Cuculus crassirostris,Forest,Insessorial
Cuculus fugax,Forest,Insessorial
Cuculus gularis,Shrubland,Insessorial
Cuculus lepidus,Forest,Insessorial
Cuculus micropterus,Forest,Insessorial
Cuculus optatus,Forest,Insessorial
Cuculus pallidus,Forest,Insessorial
Cuculus poliocephalus,Forest,Insessorial
Cuculus rochii,Forest,Insessorial
Cuculus saturatus,Forest,Insessorial
Cuculus solitarius,Forest,Insessorial
Cuculus sparverioides,Woodland,Insessorial
Cuculus vagans,Forest,Insessorial
Cuculus varius,Woodland,Insessorial
Culicicapa ceylonensis,Woodland,Insessorial
Culicicapa helianthea,Forest,Insessorial
Culicivora caudacuta,Grassland,Insessorial
Curaeus curaeus,Forest,Terrestrial
Curaeus forbesi,Forest,Generalist
Curruca balearica,Shrubland,Insessorial
Curruca boehmi,Woodland,Insessorial
Curruca buryi,Woodland,Insessorial
Curruca cantillans,Shrubland,Insessorial
Curruca communis,Shrubland,Insessorial
Curruca conspicillata,Shrubland,Insessorial
Curruca crassirostris,Woodland,Insessorial
Curruca curruca,Shrubland,Insessorial
Curruca deserti,Desert,Insessorial
Curruca deserticola,Shrubland,Insessorial
Curruca hortensis,Woodland,Insessorial
Curruca iberiae,Shrubland,Insessorial
Curruca layardi,Shrubland,Insessorial
Curruca leucomelaena,Woodland,Insessorial
Curruca lugens,Woodland,Insessorial
Curruca melanocephala,Shrubland,Insessorial
Curruca melanothorax,Forest,Insessorial
Curruca mystacea,Shrubland,Insessorial
Curruca nana,Desert,Insessorial
Curruca nisoria,Shrubland,Insessorial
Curruca ruppeli,Shrubland,Insessorial
Curruca sarda,Shrubland,Insessorial
Curruca subalpina,Shrubland,Insessorial
Curruca subcoerulea,Shrubland,Insessorial
Curruca undata,Shrubland,Insessorial
Cursorius coromandelicus,Grassland,Terrestrial
Cursorius cursor,Desert,Terrestrial
Cursorius rufus,Shrubland,Terrestrial
Cursorius somalensis,Desert,Terrestrial
Cursorius temminckii,Grassland,Terrestrial
Cutia legalleni,Forest,Insessorial
Cutia nipalensis,Forest,Insessorial
Cyanecula svecica,Grassland,Generalist
Cyanerpes caeruleus,Forest,Insessorial
Cyanerpes cyaneus,Forest,Insessorial
Cyanerpes lucidus,Forest,Insessorial
Cyanerpes nitidus,Forest,Insessorial
Cyanicterus cyanicterus,Forest,Insessorial
Cyanistes caeruleus,Forest,Insessorial
Cyanistes cyanus,Forest,Insessorial
Cyanistes teneriffae,Forest,Insessorial
Cyanochen cyanoptera,Grassland,Terrestrial
Cyanocitta cristata,Woodland,Terrestrial
Cyanocitta stelleri,Forest,Insessorial
Cyanocompsa brissonii,Forest,Insessorial
Cyanocompsa cyanoides,Forest,Insessorial
Cyanocompsa parellina,Woodland,Insessorial
Cyanocorax affinis,Forest,Insessorial
Cyanocorax beecheii,Forest,Insessorial
Cyanocorax caeruleus,Forest,Insessorial
Cyanocorax cayanus,Shrubland,Insessorial
Cyanocorax chrysops,Forest,Insessorial
Cyanocorax coeruleus,Forest,Insessorial
Cyanocorax colliei,Woodland,Insessorial
Cyanocorax cristatellus,Woodland,Insessorial
Cyanocorax cyanomelas,Woodland,Insessorial
Cyanocorax cyanopogon,Woodland,Generalist
Cyanocorax dickeyi,Forest,Insessorial
Cyanocorax formosus,Woodland,Insessorial
Cyanocorax hafferi,,Insessorial
Cyanocorax heilprini,,Insessorial
Cyanocorax luxuosus,Forest,Insessorial
Cyanocorax melanocyaneus,Forest,Insessorial
Cyanocorax morio,Forest,Insessorial
Cyanocorax mystacalis,Woodland,Insessorial
Cyanocorax sanblasianus,Forest,Insessorial
Cyanocorax violaceus,Forest,Insessorial
Cyanocorax yncas,Forest,Insessorial
Cyanocorax yucatanicus,Woodland,Insessorial
Cyanoderma ambiguum,Forest,Insessorial
Cyanoderma bicolor,Forest,Insessorial
Cyanoderma chrysaeum,Shrubland,Insessorial
Cyanoderma erythropterum,Forest,Insessorial
Cyanoderma melanothorax,Forest,Insessorial
Cyanoderma pyrrhops,Forest,Insessorial
Cyanoderma ruficeps,Shrubland,Insessorial
Cyanoderma rufifrons,Forest,Insessorial
Cyanograucalus azureus,Forest,Insessorial
Cyanolanius comorensis,Forest,Insessorial
Cyanolanius madagascarinus,Forest,Insessorial
Cyanolimnas cerverai,Wetland,Terrestrial
Cyanoliseus patagonus,Shrubland,Insessorial
Cyanoloxia brissonii,Forest,Insessorial
Cyanoloxia cyanoides,Forest,Insessorial
Cyanoloxia glaucocaerulea,Forest,Insessorial
Cyanoloxia rothschildii,Forest,Insessorial
Cyanolyca argentigula,Forest,Insessorial
Cyanolyca armillata,Forest,Insessorial
Cyanolyca cucullata,Forest,Insessorial
Cyanolyca mirabilis,Forest,Insessorial
Cyanolyca nana,Forest,Insessorial
Cyanolyca nanus,Forest,Insessorial
Cyanolyca pulchra,Forest,Insessorial
Cyanolyca pumilo,Forest,Insessorial
Cyanolyca quindiuna,Forest,Insessorial
Cyanolyca turcosa,Forest,Insessorial
Cyanolyca viridicyanus,Forest,Insessorial
Cyanomitra alinae,Forest,Insessorial
Cyanomitra bannermani,Forest,Insessorial
Cyanomitra cyanolaema,Forest,Insessorial
Cyanomitra olivacea,Forest,Insessorial
Cyanomitra oritis,Forest,Insessorial
Cyanomitra veroxii,Forest,Insessorial
Cyanomitra verreauxii,Forest,Insessorial
Cyanomitra verticalis,Woodland,Insessorial
Cyanophaia bicolor,Forest,Aerial
Cyanopica cooki,Woodland,Generalist
Cyanopica cyanus,Woodland,Generalist
Cyanopsitta spixii,Forest,Insessorial
Cyanoptila cumatilis,Forest,Terrestrial
Cyanoptila cyanomelana,Forest,Terrestrial
Cyanoramphus auriceps,Forest,Insessorial
Cyanoramphus cookii,Forest,Insessorial
Cyanoramphus forbesi,Forest,Insessorial
Cyanoramphus hochstetteri,Forest,Insessorial
Cyanoramphus malherbi,Forest,Insessorial
Cyanoramphus novaezelandiae,Forest,Insessorial
Cyanoramphus saisseti,Forest,Insessorial
Cyanoramphus unicolor,Grassland,Terrestrial
Cyclarhis gujanensis,Forest,Insessorial
Cyclarhis nigrirostris,Forest,Insessorial
Cyclopsitta amabilis,Forest,Insessorial
Cyclopsitta coxeni,Forest,Insessorial
Cyclopsitta diophthalma,Forest,Insessorial
Cyclopsitta gulielmitertii,Forest,Insessorial
Cyclopsitta melanogenia,Forest,Insessorial
Cyclopsitta nigrifrons,Forest,Insessorial
Cygnus atratus,Wetland,Aquatic
Cygnus buccinator,Wetland,Aquatic
Cygnus columbianus,Wetland,Aquatic
Cygnus cygnus,Wetland,Aquatic
Cygnus melancoryphus,Wetland,Aquatic
Cygnus olor,Wetland,Aquatic
Cymbilaimus lineatus,Forest,Insessorial
Cymbilaimus sanctaemariae,Forest,Insessorial
Cymbirhynchus affinis,Forest,Insessorial
Cymbirhynchus macrorhynchos,Forest,Insessorial
Cynanthus auriceps,Shrubland,Aerial
Cynanthus canivetii,Forest,Aerial
Cynanthus doubledayi,Woodland,Aerial
Cynanthus forficatus,Forest,Aerial
Cynanthus latirostris,Woodland,Aerial
Cynanthus lawrencei,Woodland,Aerial
Cynanthus sordidus,Shrubland,Aerial
Cyornis banyumas,Forest,Insessorial
Cyornis brunneatus,Forest,Insessorial
Cyornis caerulatus,Forest,Insessorial
Cyornis camarinensis,Forest,Insessorial
Cyornis colonus,Forest,Insessorial
Cyornis concretus,Forest,Insessorial
Cyornis djampeanus,Forest,Insessorial
Cyornis glaucicomans,Forest,Insessorial
Cyornis hainanus,Forest,Insessorial
Cyornis herioti,Forest,Insessorial
Cyornis hoevelli,Forest,Insessorial
Cyornis hyacinthinus,Forest,Insessorial
Cyornis lemprieri,Forest,Insessorial
Cyornis magnirostris,Forest,Insessorial
Cyornis montanus,Forest,Insessorial
Cyornis nicobaricus,Forest,Insessorial
Cyornis olivaceus,Forest,Insessorial
Cyornis omissus,Forest,Insessorial
Cyornis oscillans,Forest,Insessorial
Cyornis pallidipes,Forest,Insessorial
Cyornis pallipes,Forest,Insessorial
Cyornis pelingensis,Forest,Insessorial
Cyornis poliogenys,Shrubland,Insessorial
Cyornis rubeculoides,Forest,Insessorial
Cyornis ruckii,Forest,Insessorial
Cyornis ruficauda,Forest,Insessorial
Cyornis rufigastra,Woodland,Insessorial
Cyornis sanfordi,Forest,Insessorial
Cyornis stresemanni,Forest,Insessorial
Cyornis sumatrensis,Forest,Insessorial
Cyornis superbus,Forest,Insessorial
Cyornis tickelliae,Forest,Insessorial
Cyornis turcosus,Forest,Insessorial
Cyornis umbratilis,Forest,Insessorial
Cyornis unicolor,Forest,Insessorial
Cyornis whitei,Forest,Insessorial
Cyphorhinus arada,Forest,Generalist
Cyphorhinus dichrous,Forest,Terrestrial
Cyphorhinus phaeocephalus,Forest,Terrestrial
Cyphorhinus thoracicus,Forest,Terrestrial
Cyphos macrodactylus,Forest,Insessorial
Cypseloides cherriei,Forest,Aerial
Cypseloides cryptus,Forest,Aerial
Cypseloides fumigatus,Forest,Aerial
Cypseloides lemosi,Human Modified,Aerial
Cypseloides niger,Forest,Aerial
Cypseloides rothschildi,Forest,Aerial
Cypseloides senex,Forest,Aerial
Cypseloides storeri,Forest,Aerial
Cypsiurus balasiensis,Human Modified,Aerial
Cypsiurus gracilis,Shrubland,Aerial
Cypsiurus parvus,Shrubland,Aerial
Cypsnagra hirundinacea,Grassland,Insessorial
Cyrtonyx montezumae,Forest,Terrestrial
Cyrtonyx ocellatus,Forest,Terrestrial
Cyrtonyx sallei,Forest,Terrestrial
Dacelo gaudichaud,Forest,Insessorial
Dacelo leachii,Woodland,Insessorial
Dacelo novaeguineae,Forest,Insessorial
Dacelo tyro,Woodland,Insessorial
Dacnis albiventris,Forest,Insessorial
Dacnis berlepschi,Forest,Insessorial
Dacnis cayana,Forest,Insessorial
Dacnis egregia,Forest,Insessorial
Dacnis flaviventer,Forest,Insessorial
Dacnis hartlaubi,Forest,Insessorial
Dacnis lineata,Forest,Insessorial
Dacnis nigripes,Forest,Insessorial
Dacnis venusta,Forest,Insessorial
Dacnis viguieri,Forest,Insessorial
Dactylortyx thoracicus,Forest,Terrestrial
Damophila julie,Forest,Aerial
Daphoenositta chrysoptera,Forest,Insessorial
Daphoenositta miranda,Forest,Insessorial
Daphoenositta papuensis,Forest,Insessorial
Daption capense,Marine,Generalist
Daptrius ater,Forest,Terrestrial
Dasycrotapha plateni,Forest,Insessorial
Dasycrotapha pygmaea,Forest,Insessorial
Dasycrotapha speciosa,Forest,Insessorial
Dasylophus cumingi,Forest,Insessorial
Dasylophus superciliosus,Forest,Insessorial
Dasyornis brachypterus,Forest,Insessorial
Dasyornis broadbenti,Shrubland,Generalist
Dasyornis longirostris,Shrubland,Generalist
Deconychura longicauda,Forest,Insessorial
Deconychura pallida,Forest,Insessorial
Deconychura stictolaema,Forest,Insessorial
Deconychura typica,Forest,Insessorial
Delacourella capistrata,Woodland,Insessorial
Deleornis axillaris,Forest,Insessorial
Deleornis fraseri,Forest,Insessorial
Delichon dasypus,Rock,Aerial
Delichon lagopodum,Human Modified,Aerial
Delichon nipalense,Rock,Aerial
Delichon urbicum,Human Modified,Aerial
Delothraupis castaneoventris,Forest,Insessorial
Deltarhynchus flammulatus,Forest,Insessorial
Dendragapus canadensis,Forest,Terrestrial
Dendragapus falcipennis,Forest,Generalist
Dendragapus fuliginosus,Forest,Generalist
Dendragapus obscurus,Forest,Generalist
Dendrexetastes rufigula,Forest,Insessorial
Dendrocincla anabatina,Forest,Insessorial
Dendrocincla fuliginosa,Forest,Insessorial
Dendrocincla homochroa,Forest,Insessorial
Dendrocincla merula,Forest,Insessorial
Dendrocincla turdina,Forest,Insessorial
Dendrocincla tyrannina,Forest,Insessorial
Dendrocitta bayleii,Forest,Insessorial
Dendrocitta bayleyi,Forest,Insessorial
Dendrocitta cinerascens,Forest,Insessorial
Dendrocitta formosae,Forest,Insessorial
Dendrocitta frontalis,Forest,Insessorial
Dendrocitta leucogastra,Forest,Insessorial
Dendrocitta occipitalis,Forest,Insessorial
Dendrocitta vagabunda,Woodland,Terrestrial
Dendrocolaptes certhia,Forest,Insessorial
Dendrocolaptes hoffmannsi,Forest,Insessorial
Dendrocolaptes picumnus,Forest,Insessorial
Dendrocolaptes platyrostris,Forest,Insessorial
Dendrocolaptes punctipectus,Forest,Insessorial
Dendrocolaptes sanctithomae,Forest,Insessorial
Dendrocopos analis,Forest,Insessorial
Dendrocopos assimilis,Woodland,Insessorial
Dendrocopos atratus,Woodland,Insessorial
Dendrocopos auriceps,Forest,Insessorial
Dendrocopos canicapillus,Forest,Insessorial
Dendrocopos cathpharius,Forest,Insessorial
Dendrocopos darjellensis,Forest,Insessorial
Dendrocopos dorae,Woodland,Insessorial
Dendrocopos himalayensis,Forest,Insessorial
Dendrocopos hyperythrus,Forest,Insessorial
Dendrocopos kizuki,Forest,Insessorial
Dendrocopos leucopterus,Woodland,Insessorial
Dendrocopos leucotos,Forest,Insessorial
Dendrocopos macei,Forest,Insessorial
Dendrocopos maculatus,Forest,Insessorial
Dendrocopos mahrattensis,Woodland,Insessorial
Dendrocopos major,Woodland,Insessorial
Dendrocopos medius,Woodland,Insessorial
Dendrocopos minor,Forest,Insessorial
Dendrocopos moluccensis,Woodland,Insessorial
Dendrocopos nanus,Woodland,Insessorial
Dendrocopos noguchii,Forest,Insessorial
Dendrocopos obsoletus,Woodland,Insessorial
Dendrocopos owstoni,Forest,Insessorial
Dendrocopos ramsayi,Forest,Insessorial
Dendrocopos syriacus,Woodland,Insessorial
Dendrocopos temminckii,Forest,Insessorial
Dendrocoptes auriceps,Forest,Insessorial
Dendrocoptes dorae,Woodland,Insessorial
Dendrocoptes medius,Woodland,Insessorial
Dendrocygna arborea,Forest,Terrestrial
Dendrocygna arcuata,Wetland,Aquatic
Dendrocygna autumnalis,Wetland,Terrestrial
Dendrocygna bicolor,Wetland,Terrestrial
Dendrocygna eytoni,Grassland,Terrestrial
Dendrocygna guttata,Wetland,Terrestrial
Dendrocygna javanica,Wetland,Aquatic
Dendrocygna viduata,Wetland,Aquatic
Dendroica adelaidae,Forest,Insessorial
Dendroica aestiva,Shrubland,Insessorial
Dendroica angelae,Forest,Insessorial
Dendroica caerulescens,Forest,Insessorial
Dendroica castanea,Forest,Insessorial
Dendroica cerulea,Forest,Insessorial
Dendroica chrysoparia,Forest,Insessorial
Dendroica coronata,Forest,Insessorial
Dendroica delicata,Forest,Insessorial
Dendroica discolor,Shrubland,Insessorial
Dendroica dominica,Forest,Insessorial
Dendroica fusca,Forest,Insessorial
Dendroica graciae,Forest,Insessorial
Dendroica kirtlandii,Forest,Insessorial
Dendroica magnolia,Forest,Insessorial
Dendroica nigrescens,Forest,Insessorial
Dendroica occidentalis,Forest,Insessorial
Dendroica palmarum,Forest,Insessorial
Dendroica pensylvanica,Forest,Insessorial
Dendroica petechia,Shrubland,Insessorial
Dendroica pharetra,Forest,Insessorial
Dendroica pinus,Forest,Insessorial
Dendroica pityophila,Forest,Insessorial
Dendroica plumbea,Forest,Insessorial
Dendroica striata,Forest,Insessorial
Dendroica subita,Shrubland,Insessorial
Dendroica tigrina,Forest,Insessorial
Dendroica townsendi,Forest,Insessorial
Dendroica virens,Forest,Insessorial
Dendroica vitellina,Woodland,Insessorial
Dendroma erythroptera,Forest,Insessorial
Dendroma rufa,Forest,Insessorial
Dendronanthus indicus,Forest,Terrestrial
Dendroperdix sephaena,Shrubland,Terrestrial
Dendropicos abyssinicus,Woodland,Insessorial
Dendropicos dorae,Woodland,Insessorial
Dendropicos elachus,Shrubland,Insessorial
Dendropicos elliotii,Forest,Insessorial
Dendropicos fuscescens,Shrubland,Insessorial
Dendropicos gabonensis,Forest,Insessorial
Dendropicos goertae,Woodland,Insessorial
Dendropicos griseocephalus,Forest,Insessorial
Dendropicos johnstoni,Forest,Insessorial
Dendropicos lugubris,,Insessorial
Dendropicos namaquus,Shrubland,Insessorial
Dendropicos obsoletus,Woodland,Insessorial
Dendropicos poecilolaemus,Forest,Insessorial
Dendropicos pyrrhogaster,Forest,Insessorial
Dendropicos spodocephalus,,Insessorial
Dendropicos stierlingi,Woodland,Insessorial
Dendropicos xantholophus,Forest,Insessorial
Dendroplex kienerii,Forest,Insessorial
Dendroplex picus,Forest,Insessorial
Dendrortyx barbatus,Forest,Terrestrial
Dendrortyx leucophrys,Forest,Terrestrial
Dendrortyx macroura,Forest,Terrestrial
Deroptyus accipitrinus,Forest,Insessorial
Dessonornis anomalus,Forest,Terrestrial
Dessonornis archeri,Forest,Terrestrial
Dessonornis caffer,Forest,Generalist
Dessonornis humeralis,Woodland,Terrestrial
Dessonornis macclounii,Forest,Terrestrial
Dessonornis mbuluensis,Forest,Terrestrial
Devioeca papuana,Forest,Insessorial
Dicaeum aeneum,Forest,Insessorial
Dicaeum aeruginosum,Forest,Insessorial
Dicaeum agile,Forest,Insessorial
Dicaeum annae,Forest,Insessorial
Dicaeum anthonyi,Forest,Insessorial
Dicaeum aureolimbatum,Forest,Insessorial
Dicaeum australe,Forest,Insessorial
Dicaeum beccarii,Forest,Insessorial
Dicaeum bicolor,Forest,Insessorial
Dicaeum cambodianum,Forest,Insessorial
Dicaeum celebicum,Forest,Insessorial
Dicaeum chrysorrheum,Forest,Insessorial
Dicaeum concolor,Forest,Insessorial
Dicaeum cruentatum,Forest,Insessorial
Dicaeum dayakorum,Forest,Insessorial
Dicaeum erythrorhynchos,Forest,Insessorial
Dicaeum erythrothorax,Forest,Insessorial
Dicaeum everetti,Forest,Insessorial
Dicaeum eximium,Forest,Insessorial
Dicaeum geelvinkianum,Forest,Insessorial
Dicaeum haematostictum,Forest,Insessorial
Dicaeum hanieli,Forest,Insessorial
Dicaeum hirundinaceum,Forest,Insessorial
Dicaeum hypoleucum,Forest,Insessorial
Dicaeum ignicolle,Forest,Insessorial
Dicaeum igniferum,Forest,Insessorial
Dicaeum ignipectus,Forest,Insessorial
Dicaeum kampalili,Forest,Insessorial
Dicaeum keiense,Forest,Insessorial
Dicaeum luzoniense,Forest,Insessorial
Dicaeum maugei,Forest,Insessorial
Dicaeum melanoxanthum,Forest,Insessorial
Dicaeum melanozanthum,Forest,Insessorial
Dicaeum minullum,Forest,Insessorial
Dicaeum monticolum,Forest,Insessorial
Dicaeum nehrkorni,Forest,Insessorial
Dicaeum nigrilore,Forest,Insessorial
Dicaeum nitidum,Forest,Insessorial
Dicaeum pectorale,Forest,Insessorial
Dicaeum proprium,Forest,Insessorial
Dicaeum pygmaeum,Forest,Insessorial
Dicaeum quadricolor,Forest,Insessorial
Dicaeum retrocinctum,Forest,Insessorial
Dicaeum sanguinolentum,Forest,Insessorial
Dicaeum schistaceiceps,Forest,Insessorial
Dicaeum trigonostigma,Forest,Insessorial
Dicaeum tristrami,Forest,Insessorial
Dicaeum trochileum,Forest,Insessorial
Dicaeum vincens,Forest,Insessorial
Dicaeum virescens,Forest,Insessorial
Dicaeum vulneratum,Forest,Insessorial
Dicaeum wilhelminae,Forest,Insessorial
Dichrozona cincta,Forest,Terrestrial
Dicrurus adsimilis,Woodland,Insessorial
Dicrurus aeneus,Forest,Insessorial
Dicrurus aldabranus,Shrubland,Insessorial
Dicrurus andamanensis,Forest,Insessorial
Dicrurus annectans,Forest,Insessorial
Dicrurus annectens,Forest,Insessorial
Dicrurus atactus,Forest,Insessorial
Dicrurus atripennis,Forest,Insessorial
Dicrurus balicassius,Forest,Insessorial
Dicrurus bracteatus,Forest,Insessorial
Dicrurus caerulescens,Forest,Insessorial
Dicrurus densus,Forest,Insessorial
Dicrurus divaricatus,Shrubland,Insessorial
Dicrurus forficatus,Woodland,Insessorial
Dicrurus fuscipennis,Forest,Insessorial
Dicrurus hottentottus,Forest,Insessorial
Dicrurus leucophaeus,Forest,Insessorial
Dicrurus lophorinus,Forest,Insessorial
Dicrurus ludwigii,Forest,Insessorial
Dicrurus macrocercus,Shrubland,Insessorial
Dicrurus megarhynchus,Forest,Insessorial
Dicrurus menagei,Forest,Insessorial
Dicrurus modestus,Forest,Insessorial
Dicrurus montanus,Forest,Insessorial
Dicrurus occidentalis,Forest,Insessorial
Dicrurus paradiseus,Forest,Insessorial
Dicrurus remifer,Forest,Insessorial
Dicrurus sharpei,Forest,Insessorial
Dicrurus striatus,Forest,Insessorial
Dicrurus sumatranus,Forest,Insessorial
Dicrurus waldenii,Forest,Insessorial
Didunculus strigirostris,Forest,Insessorial
Diglossa albilatera,Forest,Insessorial
Diglossa baritula,Forest,Insessorial
Diglossa brunneiventris,Shrubland,Insessorial
Diglossa caerulescens,Forest,Insessorial
Diglossa carbonaria,Shrubland,Insessorial
Diglossa cyanea,Forest,Insessorial
Diglossa duidae,Forest,Insessorial
Diglossa glauca,Forest,Insessorial
Diglossa gloriosa,Shrubland,Insessorial
Diglossa gloriosissima,Shrubland,Insessorial
Diglossa humeralis,Shrubland,Insessorial
Diglossa indigotica,Forest,Insessorial
Diglossa lafresnayii,Forest,Insessorial
Diglossa major,Forest,Insessorial
Diglossa mystacalis,Forest,Insessorial
Diglossa plumbea,Forest,Insessorial
Diglossa sittoides,Forest,Insessorial
Diglossa venezuelensis,Shrubland,Insessorial
Dinemellia dinemelli,Grassland,Terrestrial
Dinopium benghalense,Woodland,Insessorial
Dinopium everetti,Woodland,Insessorial
Dinopium javanense,Woodland,Insessorial
Dinopium psarodes,Woodland,Insessorial
Dinopium rafflesii,Forest,Insessorial
Dinopium shorii,Forest,Insessorial
Diomedea amsterdamensis,,Aquatic
Diomedea antipodensis,,Aquatic
Diomedea dabbenena,,Aquatic
Diomedea epomophora,,Aquatic
Diomedea exulans,Marine,Aquatic
Diomedea sanfordi,,Aquatic
Diopsittaca cumanensis,Forest,Insessorial
Diopsittaca nobilis,Forest,Insessorial
Dioptrornis brunneus,Forest,Insessorial
Dioptrornis chocolatinus,Woodland,Insessorial
Dioptrornis fischeri,Forest,Insessorial
Discosura conversii,Forest,Aerial
Discosura langsdorffi,Forest,Aerial
Discosura letitiae,Forest,Aerial
Discosura longicaudus,Forest,Aerial
Discosura popelairii,Forest,Aerial
Diuca diuca,Shrubland,Terrestrial
Diuca speculifera,Grassland,Terrestrial
Dives atroviolaceus,Forest,Terrestrial
Dives dives,Forest,Generalist
Dives warczewiczi,Shrubland,Terrestrial
Dives warszewiczi,Shrubland,Terrestrial
Dolichonyx oryzivorus,Grassland,Generalist
Doliornis remseni,Forest,Insessorial
Doliornis sclateri,Forest,Insessorial
Dolospingus fringilloides,Shrubland,Insessorial
Donacobius atricapilla,Wetland,Insessorial
Donacospiza albifrons,Wetland,Insessorial
Doricha eliza,Shrubland,Aerial
Doricha enicura,Woodland,Aerial
Doryfera johannae,Forest,Aerial
Doryfera ludovicae,Forest,Aerial
Drepanis coccinea,Forest,Insessorial
Drepanoptila holosericea,Forest,Insessorial
Drepanorhynchus reichenowi,Grassland,Insessorial
Drepanornis albertisi,Forest,Insessorial
Drepanornis bruijnii,Forest,Insessorial
Dreptes thomensis,Forest,Insessorial
Dromaeocercus brunneus,Forest,Generalist
Dromaius novaehollandiae,Grassland,Terrestrial
Dromas ardeola,Coastal,Terrestrial
Dromococcyx pavoninus,Forest,Terrestrial
Dromococcyx phasianellus,Forest,Terrestrial
Drymocichla incana,Woodland,Insessorial
Drymodes beccarii,Forest,Terrestrial
Drymodes brunneopygia,Shrubland,Generalist
Drymodes superciliaris,Forest,Terrestrial
Drymophila caudata,Forest,Insessorial
Drymophila devillei,Forest,Insessorial
Drymophila ferruginea,Forest,Insessorial
Drymophila genei,Forest,Insessorial
Drymophila hellmayri,Forest,Insessorial
Drymophila klagesi,Forest,Insessorial
Drymophila malura,Forest,Insessorial
Drymophila ochropyga,Forest,Insessorial
Drymophila rubricollis,Forest,Insessorial
Drymophila squamata,Forest,Insessorial
Drymophila striaticeps,Forest,Insessorial
Drymornis bridgesii,Woodland,Terrestrial
Drymotoxeres pucheranii,Forest,Insessorial
Dryobates affinis,Forest,Insessorial
Dryobates albolarvatus,Forest,Insessorial
Dryobates arizonae,Forest,Insessorial
Dryobates borealis,Forest,Insessorial
Dryobates callonotus,Shrubland,Insessorial
Dryobates cassini,Forest,Insessorial
Dryobates cathpharius,Forest,Insessorial
Dryobates chocoensis,Forest,Insessorial
Dryobates dignus,Forest,Insessorial
Dryobates frontalis,Forest,Insessorial
Dryobates fumigatus,Forest,Insessorial
Dryobates kirkii,Forest,Insessorial
Dryobates lignarius,Shrubland,Insessorial
Dryobates maculifrons,Forest,Insessorial
Dryobates minor,Forest,Insessorial
Dryobates mixtus,Woodland,Insessorial
Dryobates nigriceps,Forest,Insessorial
Dryobates nuttallii,Woodland,Insessorial
Dryobates passerinus,Forest,Insessorial
Dryobates pernyii,Forest,Insessorial
Dryobates pubescens,Woodland,Insessorial
Dryobates sanguineus,Forest,Insessorial
Dryobates scalaris,Shrubland,Insessorial
Dryobates spilogaster,Forest,Insessorial
Dryobates stricklandi,Forest,Insessorial
Dryobates villosus,Forest,Insessorial
Dryocopus galeatus,Forest,Insessorial
Dryocopus hodgei,Forest,Insessorial
Dryocopus javensis,Forest,Insessorial
Dryocopus lineatus,Forest,Insessorial
Dryocopus martius,Forest,Insessorial
Dryocopus pileatus,Forest,Insessorial
Dryocopus schulzi,Woodland,Insessorial
Dryocopus schulzii,Woodland,Insessorial
Dryolimnas cuvieri,Forest,Terrestrial
Dryoscopus angolensis,Forest,Insessorial
Dryoscopus cubla,Woodland,Insessorial
Dryoscopus gambensis,Woodland,Insessorial
Dryoscopus pringlii,Shrubland,Insessorial
Dryoscopus sabini,Forest,Insessorial
Dryoscopus senegalensis,Forest,Insessorial
Dryotriorchis spectabilis,Forest,Insessorial
Dubusia carrikeri,Forest,Insessorial
Dubusia castaneoventris,Forest,Insessorial
Dubusia stictocephala,Forest,Insessorial
Dubusia taeniata,Forest,Insessorial
Ducula aenea,Forest,Insessorial
Ducula aurorae,Forest,Insessorial
Ducula badia,Forest,Insessorial
Ducula bakeri,Forest,Insessorial
Ducula basilica,Forest,Insessorial
Ducula bicolor,Forest,Insessorial
Ducula brenchleyi,Forest,Insessorial
Ducula carola,Forest,Insessorial
Ducula chalconota,Forest,Insessorial
Ducula cineracea,Forest,Insessorial
Ducula concinna,Forest,Insessorial
Ducula cuprea,Forest,Insessorial
Ducula finschii,Forest,Insessorial
Ducula forsteni,Forest,Insessorial
Ducula galeata,Forest,Insessorial
Ducula geelvinkiana,Forest,Insessorial
Ducula goliath,Forest,Insessorial
Ducula lacernulata,Forest,Insessorial
Ducula latrans,Forest,Insessorial
Ducula luctuosa,Woodland,Insessorial
Ducula melanochroa,Forest,Insessorial
Ducula mindorensis,Forest,Insessorial
Ducula mullerii,Forest,Insessorial
Ducula myristicivora,Forest,Insessorial
Ducula neglecta,Forest,Insessorial
Ducula nicobarica,Forest,Insessorial
Ducula obiensis,Forest,Insessorial
Ducula oceanica,Forest,Insessorial
Ducula oenothorax,Forest,Insessorial
Ducula pacifica,Forest,Insessorial
Ducula perspicillata,Forest,Insessorial
Ducula pickeringii,Forest,Insessorial
Ducula pinon,Forest,Insessorial
Ducula pistrinaria,Forest,Insessorial
Ducula poliocephala,Forest,Insessorial
Ducula radiata,Forest,Insessorial
Ducula rosacea,Forest,Insessorial
Ducula rubricera,Forest,Insessorial
Ducula rufigaster,Forest,Insessorial
Ducula salvadorii,Forest,Insessorial
Ducula spilorrhoa,Forest,Insessorial
Ducula subflavescens,Forest,Insessorial
Ducula whartoni,Forest,Insessorial
Ducula zoeae,Forest,Insessorial
Dulus dominicus,Human Modified,Insessorial
Dumetella carolinensis,Shrubland,Insessorial
Dumetia atriceps,Shrubland,Generalist
Dumetia hyperythra,Grassland,Terrestrial
Dyaphorophyia ansorgei,Forest,Insessorial
Dyaphorophyia blissetti,Forest,Insessorial
Dyaphorophyia castanea,Forest,Insessorial
Dyaphorophyia chalybea,Forest,Insessorial
Dyaphorophyia concreta,Forest,Insessorial
Dyaphorophyia hormophora,Forest,Insessorial
Dyaphorophyia jamesoni,Forest,Insessorial
Dyaphorophyia tonsa,Forest,Insessorial
Dysithamnus leucostictus,Forest,Insessorial
Dysithamnus mentalis,Forest,Insessorial
Dysithamnus occidentalis,Forest,Insessorial
Dysithamnus plumbeus,Forest,Insessorial
Dysithamnus puncticeps,Forest,Insessorial
Dysithamnus stictothorax,Forest,Insessorial
Dysithamnus striaticeps,Forest,Insessorial
Dysithamnus xanthopterus,Forest,Insessorial
Eclectus cornelia,Forest,Insessorial
Eclectus polychloros,Forest,Insessorial
Eclectus riedeli,Forest,Insessorial
Eclectus roratus,Forest,Insessorial
Edolisoma admiralitatis,Shrubland,Insessorial
Edolisoma anale,Forest,Insessorial
Edolisoma ceramense,Forest,Insessorial
Edolisoma coerulescens,Forest,Insessorial
Edolisoma dispar,Forest,Insessorial
Edolisoma dohertyi,Forest,Insessorial
Edolisoma grayi,Shrubland,Insessorial
Edolisoma holopolium,Forest,Insessorial
Edolisoma incertum,Forest,Insessorial
Edolisoma insperatum,Shrubland,Insessorial
Edolisoma melas,Forest,Insessorial
Edolisoma meyerii,Shrubland,Insessorial
Edolisoma mindanense,Forest,Insessorial
Edolisoma monacha,Shrubland,Insessorial
Edolisoma montanum,Forest,Insessorial
Edolisoma morio,Forest,Insessorial
Edolisoma nesiotis,Shrubland,Insessorial
Edolisoma obiense,Shrubland,Insessorial
Edolisoma ostentum,Forest,Insessorial
Edolisoma parvulum,Forest,Insessorial
Edolisoma pygmaeum,Shrubland,Insessorial
Edolisoma remotum,Shrubland,Insessorial
Edolisoma rostratum,Shrubland,Insessorial
Edolisoma salomonis,Shrubland,Insessorial
Edolisoma schisticeps,Forest,Insessorial
Edolisoma sula,Forest,Insessorial
Edolisoma tenuirostre,Shrubland,Insessorial
Egretta ardesiaca,Wetland,Terrestrial
Egretta caerulea,Wetland,Terrestrial
Egretta eulophotes,Coastal,Terrestrial
Egretta garzetta,Wetland,Terrestrial
Egretta gularis,Coastal,Terrestrial
Egretta novaehollandiae,Wetland,Terrestrial
Egretta picata,Coastal,Terrestrial
Egretta rufescens,Coastal,Terrestrial
Egretta sacra,Coastal,Terrestrial
Egretta thula,Wetland,Terrestrial
Egretta tricolor,Coastal,Terrestrial
Egretta vinaceigula,Wetland,Terrestrial
Elachura formosa,Grassland,Insessorial
Elaenia albiceps,Forest,Insessorial
Elaenia brachyptera,Woodland,Insessorial
Elaenia cherriei,Forest,Insessorial
Elaenia chiriquensis,Shrubland,Insessorial
Elaenia cristata,Shrubland,Insessorial
Elaenia dayi,Forest,Insessorial
Elaenia fallax,Forest,Insessorial
Elaenia flavogaster,Woodland,Insessorial
Elaenia frantzii,Forest,Insessorial
Elaenia gigas,Shrubland,Insessorial
Elaenia martinica,Forest,Insessorial
Elaenia mesoleuca,Forest,Insessorial
Elaenia obscura,Forest,Insessorial
Elaenia olivina,Forest,Insessorial
Elaenia pallatangae,Forest,Insessorial
Elaenia parvirostris,Forest,Insessorial
Elaenia pelzelni,Forest,Insessorial
Elaenia ridleyana,Woodland,Insessorial
Elaenia ruficeps,Shrubland,Insessorial
Elaenia sordida,Forest,Insessorial
Elaenia spectabilis,Shrubland,Insessorial
Elaenia strepera,Woodland,Insessorial
Elanoides forficatus,Forest,Generalist
Elanus axillaris,Grassland,Aerial
Elanus caeruleus,Grassland,Aerial
Elanus leucurus,Human Modified,Aerial
Elanus scriptus,Grassland,Aerial
Elaphrornis palliseri,Forest,Insessorial
Electron carinatum,Forest,Insessorial
Electron platyrhynchum,Forest,Insessorial
Eleoscytalopus indigoticus,Forest,Terrestrial
Eleoscytalopus psychopompus,Forest,Terrestrial
Eleothreptus anomalus,Woodland,Aerial
Eleothreptus candicans,Grassland,Aerial
Elliotomyia chionogaster,Shrubland,Aerial
Elliotomyia viridicauda,Forest,Aerial
Elminia albicauda,Forest,Insessorial
Elminia albiventris,Forest,Insessorial
Elminia albonotata,Forest,Insessorial
Elminia longicauda,Forest,Insessorial
Elminia nigromitrata,Forest,Insessorial
Elseyornis melanops,Wetland,Terrestrial
Elvira chionura,Forest,Aerial
Elvira cupreiceps,Forest,Aerial
Emarginata schlegelii,Shrubland,Generalist
Emarginata sinuata,Shrubland,Insessorial
Emarginata tractrac,Shrubland,Insessorial
Emberiza affinis,Forest,Terrestrial
Emberiza aureola,Shrubland,Generalist
Emberiza bruniceps,Grassland,Terrestrial
Emberiza buchanani,Rock,Terrestrial
Emberiza cabanisi,Woodland,Terrestrial
Emberiza caesia,Shrubland,Terrestrial
Emberiza calandra,Grassland,Terrestrial
Emberiza capensis,Shrubland,Terrestrial
Emberiza chrysophrys,Forest,Terrestrial
Emberiza cia,Rock,Terrestrial
Emberiza cineracea,Shrubland,Terrestrial
Emberiza cioides,Grassland,Terrestrial
Emberiza cirlus,Shrubland,Terrestrial
Emberiza citrinella,Shrubland,Terrestrial
Emberiza elegans,Woodland,Terrestrial
Emberiza flaviventris,Shrubland,Terrestrial
Emberiza fucata,Shrubland,Terrestrial
Emberiza godlewskii,Shrubland,Terrestrial
Emberiza goslingi,Rock,Terrestrial
Emberiza hortulana,Shrubland,Generalist
Emberiza impetuani,Desert,Terrestrial
Emberiza jankowskii,Grassland,Terrestrial
Emberiza koslowi,Shrubland,Terrestrial
Emberiza lathami,Grassland,Terrestrial
Emberiza leucocephalos,Forest,Terrestrial
Emberiza melanocephala,Shrubland,Generalist
Emberiza pallasi,Shrubland,Terrestrial
Emberiza personata,Shrubland,Terrestrial
Emberiza poliopleura,Shrubland,Terrestrial
Emberiza pusilla,Forest,Generalist
Emberiza rustica,Forest,Generalist
Emberiza rutila,Forest,Terrestrial
Emberiza sahari,Rock,Terrestrial
Emberiza schoeniclus,Wetland,Terrestrial
Emberiza siemsseni,Shrubland,Terrestrial
Emberiza socotrana,Shrubland,Terrestrial
Emberiza spodocephala,Shrubland,Terrestrial
Emberiza stewarti,Grassland,Insessorial
Emberiza striolata,Rock,Terrestrial
Emberiza sulphurata,Forest,Terrestrial
Emberiza tahapisi,Rock,Terrestrial
Emberiza tristrami,Forest,Terrestrial
Emberiza variabilis,Shrubland,Terrestrial
Emberiza vincenti,Shrubland,Terrestrial
Emberiza yessoensis,Wetland,Terrestrial
Emberizoides duidae,Grassland,Terrestrial
Emberizoides herbicola,Grassland,Terrestrial
Emberizoides ypiranganus,Wetland,Terrestrial
Embernagra longicauda,Shrubland,Terrestrial
Embernagra platensis,Grassland,Terrestrial
Emblema pictum,Desert,Generalist
Eminia lepida,Shrubland,Insessorial
Empidonax affinis,Forest,Insessorial
Empidonax albigularis,Human Modified,Insessorial
Empidonax alnorum,Shrubland,Insessorial
Empidonax atriceps,Forest,Insessorial
Empidonax difficilis,Forest,Insessorial
Empidonax flavescens,Forest,Insessorial
Empidonax flaviventris,Forest,Insessorial
Empidonax fulvifrons,Forest,Insessorial
Empidonax hammondii,Forest,Insessorial
Empidonax minimus,Forest,Insessorial
Empidonax oberholseri,Forest,Insessorial
Empidonax occidentalis,Forest,Insessorial
Empidonax traillii,Shrubland,Insessorial
Empidonax virescens,Forest,Insessorial
Empidonax wrightii,Shrubland,Insessorial
Empidonomus aurantioatrocristatus,Woodland,Insessorial
Empidonomus varius,Woodland,Insessorial
Empidornis semipartitus,Shrubland,Insessorial
Enicognathus ferrugineus,Forest,Insessorial
Enicognathus leptorhynchus,Forest,Insessorial
Enicurus immaculatus,Riverine,Terrestrial
Enicurus leschenaulti,Riverine,Terrestrial
Enicurus maculatus,Wetland,Terrestrial
Enicurus ruficapillus,Forest,Terrestrial
Enicurus schistaceus,Riverine,Terrestrial
Enicurus scouleri,Riverine,Terrestrial
Enicurus velatus,Riverine,Terrestrial
Enodes erythrophris,Forest,Insessorial
Ensifera ensifera,Forest,Aerial
Entomodestes coracinus,Forest,Insessorial
Entomodestes leucotis,Forest,Insessorial
Entomyzon albipennis,Forest,Insessorial
Entomyzon cyanotis,Forest,Insessorial
Eolophus roseicapilla,Woodland,Terrestrial
Eophona migratoria,Forest,Insessorial
Eophona personata,Forest,Insessorial
Eopsaltria australis,Shrubland,Insessorial
Eopsaltria flaviventris,Forest,Insessorial
Eopsaltria georgiana,Woodland,Insessorial
Eopsaltria griseogularis,Forest,Insessorial
Eopsaltria pulverulenta,Woodland,Insessorial
Eos bornea,Forest,Insessorial
Eos cyanogenia,Forest,Insessorial
Eos histrio,Forest,Insessorial
Eos reticulata,Forest,Insessorial
Eos semilarvata,Forest,Insessorial
Eos squamata,Forest,Insessorial
Ephippiorhynchus asiaticus,Wetland,Terrestrial
Ephippiorhynchus senegalensis,Wetland,Terrestrial
Ephippiospingus dorsalis,Grassland,Terrestrial
Ephippiospingus erythronotus,Grassland,Terrestrial
Epimachus albertisi,Forest,Insessorial
Epimachus bruijnii,Forest,Insessorial
Epimachus fastosus,Forest,Insessorial
Epimachus fastuosus,Forest,Insessorial
Epimachus meyeri,Forest,Insessorial
Epinecrophylla amazonica,Forest,Insessorial
Epinecrophylla erythrura,Forest,Insessorial
Epinecrophylla fjeldsaai,Forest,Insessorial
Epinecrophylla fulviventris,Forest,Insessorial
Epinecrophylla gutturalis,Forest,Insessorial
Epinecrophylla haematonota,Forest,Insessorial
Epinecrophylla hoffmannsi,Forest,Insessorial
Epinecrophylla leucophthalma,Forest,Insessorial
Epinecrophylla ornata,Forest,Insessorial
Epinecrophylla spodionota,Forest,Insessorial
Epthianura albifrons,Wetland,Generalist
Epthianura aurifrons,Shrubland,Generalist
Epthianura crocea,Wetland,Generalist
Epthianura tricolor,Shrubland,Generalist
Eremalauda dunni,Desert,Terrestrial
Eremalauda eremodites,Desert,Terrestrial
Eremalauda starki,Desert,Terrestrial
Eremiornis carteri,Grassland,Terrestrial
Eremomela atricollis,Woodland,Insessorial
Eremomela badiceps,Forest,Insessorial
Eremomela canescens,Woodland,Insessorial
Eremomela flavicrissalis,Shrubland,Insessorial
Eremomela gregalis,Shrubland,Insessorial
Eremomela icteropygialis,Shrubland,Insessorial
Eremomela pusilla,Woodland,Insessorial
Eremomela salvadorii,Shrubland,Insessorial
Eremomela scotops,Woodland,Insessorial
Eremomela turneri,Forest,Insessorial
Eremomela usticollis,Woodland,Insessorial
Eremophila alpestris,Grassland,Terrestrial
Eremophila bilopha,Grassland,Terrestrial
Eremopsaltria mongolicus,Desert,Terrestrial
Eremopterix australis,Grassland,Terrestrial
Eremopterix griseus,Shrubland,Terrestrial
Eremopterix hova,Shrubland,Terrestrial
Eremopterix leucopareia,Grassland,Terrestrial
Eremopterix leucotis,Grassland,Terrestrial
Eremopterix nigriceps,Grassland,Terrestrial
Eremopterix signatus,Grassland,Terrestrial
Eremopterix verticalis,Grassland,Terrestrial
Ergaticus ruber,Forest,Insessorial
Ergaticus versicolor,Forest,Insessorial
Eriocnemis alinae,Forest,Aerial
Eriocnemis aline,Forest,Aerial
Eriocnemis cupreoventris,Forest,Aerial
Eriocnemis derbyi,Forest,Aerial
Eriocnemis glaucopoides,Human Modified,Aerial
Eriocnemis godini,Forest,Aerial
Eriocnemis isabellae,Forest,Aerial
Eriocnemis luciani,Forest,Aerial
Eriocnemis mirabilis,Forest,Aerial
Eriocnemis mosquera,Forest,Aerial
Eriocnemis nigrivestis,Forest,Aerial
Eriocnemis sapphiropygia,Forest,Aerial
Eriocnemis vestita,Forest,Aerial
Erithacus akahige,Forest,Terrestrial
Erithacus komadori,Forest,Terrestrial
Erithacus rubecula,Forest,Generalist
Erpornis zantholeuca,Forest,Insessorial
Erythrocercus holochlorus,Forest,Insessorial
Erythrocercus livingstonei,Shrubland,Insessorial
Erythrocercus mccallii,Forest,Insessorial
Erythrogenys erythrocnemis,Shrubland,Terrestrial
Erythrogenys erythrogenys,Shrubland,Terrestrial
Erythrogenys gravivox,Shrubland,Terrestrial
Erythrogenys hypoleucos,Shrubland,Terrestrial
Erythrogenys mcclellandi,Shrubland,Terrestrial
Erythrogenys swinhoei,Shrubland,Terrestrial
Erythrogonys cinctus,Wetland,Terrestrial
Erythropitta arquata,Forest,Terrestrial
Erythropitta caeruleitorques,Forest,Terrestrial
Erythropitta celebensis,Forest,Terrestrial
Erythropitta dohertyi,Forest,Terrestrial
Erythropitta erythrogaster,Forest,Terrestrial
Erythropitta gazellae,Forest,Terrestrial
Erythropitta granatina,Forest,Terrestrial
Erythropitta inspeculata,Forest,Terrestrial
Erythropitta kochi,Forest,Terrestrial
Erythropitta macklotii,Forest,Terrestrial
Erythropitta meeki,Forest,Terrestrial
Erythropitta novaehibernicae,Forest,Terrestrial
Erythropitta palliceps,Forest,Terrestrial
Erythropitta rubrinucha,Forest,Terrestrial
Erythropitta rufiventris,Forest,Terrestrial
Erythropitta splendida,Forest,Terrestrial
Erythropitta ussheri,Forest,Terrestrial
Erythropitta venusta,Forest,Terrestrial
Erythropygia barbata,Woodland,Terrestrial
Erythropygia coryphaeus,Shrubland,Terrestrial
Erythropygia galactotes,Shrubland,Generalist
Erythropygia hartlaubi,Shrubland,Terrestrial
Erythropygia leucophrys,Shrubland,Terrestrial
Erythropygia leucosticta,Forest,Terrestrial
Erythropygia paena,Shrubland,Generalist
Erythropygia quadrivirgata,Shrubland,Terrestrial
Erythropygia signata,Woodland,Terrestrial
Erythrotriorchis buergersi,Forest,Generalist
Erythrotriorchis radiatus,Forest,Aerial
Erythrura coloria,Forest,Generalist
Erythrura cyaneovirens,Forest,Insessorial
Erythrura gouldiae,Woodland,Generalist
Erythrura hyperythra,Forest,Insessorial
Erythrura kleinschmidti,Forest,Insessorial
Erythrura papuana,Forest,Insessorial
Erythrura pealii,Forest,Insessorial
Erythrura prasina,Forest,Insessorial
Erythrura psittacea,Shrubland,Generalist
Erythrura regia,Forest,Insessorial
Erythrura trichroa,Forest,Insessorial
Erythrura tricolor,Woodland,Generalist
Erythrura viridifacies,Forest,Insessorial
Esacus giganteus,Coastal,Terrestrial
Esacus magnirostris,Coastal,Terrestrial
Esacus recurvirostris,Riverine,Terrestrial
Estrilda astrild,Grassland,Generalist
Estrilda atricapilla,Forest,Generalist
Estrilda caerulescens,Shrubland,Generalist
Estrilda charmosyna,Shrubland,Generalist
Estrilda coerulescens,Shrubland,Generalist
Estrilda erythronotos,Shrubland,Generalist
Estrilda kandti,,Generalist
Estrilda melanotis,Shrubland,Generalist
Estrilda melpoda,Grassland,Generalist
Estrilda nigriloris,Grassland,Generalist
Estrilda nonnula,Grassland,Generalist
Estrilda paludicola,Grassland,Generalist
Estrilda perreini,Shrubland,Generalist
Estrilda poliopareia,Shrubland,Insessorial
Estrilda quartinia,Shrubland,Generalist
Estrilda rhodopyga,Grassland,Generalist
Estrilda rufibarba,Shrubland,Generalist
Estrilda thomensis,Shrubland,Insessorial
Estrilda troglodytes,Shrubland,Generalist
Eubucco aurantiicollis,Forest,Insessorial
Eubucco bourcierii,Forest,Insessorial
Eubucco glaucogularis,Forest,Insessorial
Eubucco richardsoni,Forest,Insessorial
Eubucco steerii,Forest,Insessorial
Eubucco tucinkae,Forest,Insessorial
Eubucco versicolor,Forest,Insessorial
Euchrepomis callinota,Forest,Insessorial
Euchrepomis humeralis,Forest,Insessorial
Euchrepomis sharpei,Forest,Insessorial
Euchrepomis spodioptila,Forest,Insessorial
Eucometis penicillata,Forest,Insessorial
Eudocimus albus,Wetland,Terrestrial
Eudocimus ruber,Wetland,Terrestrial
Eudromia elegans,Shrubland,Terrestrial
Eudromia formosa,Woodland,Terrestrial
Eudromias morinellus,Grassland,Terrestrial
Eudynamys melanorhynchus,Woodland,Insessorial
Eudynamys orientalis,Woodland,Insessorial
Eudynamys scolopaceus,Woodland,Insessorial
Eudynamys taitensis,Forest,Insessorial
Eudyptes chrysocome,Marine,Aquatic
Eudyptes chrysolophus,Marine,Aquatic
Eudyptes moseleyi,Marine,Aquatic
Eudyptes pachyrhynchus,Marine,Aquatic
Eudyptes robustus,Marine,Aquatic
Eudyptes schlegeli,Marine,Aquatic
Eudyptes sclateri,Marine,Aquatic
Eudyptula minor,Marine,Aquatic
Eugenes fulgens,Forest,Aerial
Eugenes spectabilis,Forest,Aerial
Eugerygone rubra,Forest,Insessorial
Eugralla paradoxa,Forest,Generalist
Eulabeornis castaneoventris,Woodland,Terrestrial
Eulacestoma nigropectus,Forest,Insessorial
Eulampis holosericeus,Human Modified,Aerial
Eulampis jugularis,Forest,Aerial
Eulidia yarrellii,Shrubland,Aerial
Eulipoa wallacei,Forest,Terrestrial
Eumomota superciliosa,Woodland,Insessorial
Eumyias additus,Forest,Insessorial
Eumyias albicaudatus,Forest,Insessorial
Eumyias indigo,Forest,Insessorial
Eumyias panayensis,Forest,Insessorial
Eumyias ruficrissa,Forest,Insessorial
Eumyias sordidus,Forest,Insessorial
Eumyias thalassinus,Forest,Insessorial
Euneornis campestris,Forest,Insessorial
Eunymphicus cornutus,Forest,Insessorial
Eunymphicus uvaeensis,Forest,Insessorial
Euodice cantans,Grassland,Terrestrial
Euodice malabarica,Grassland,Terrestrial
Eupetes macrocerus,Forest,Terrestrial
Eupetomena cirrochloris,Forest,Aerial
Eupetomena macroura,Shrubland,Aerial
Euphagus carolinus,Forest,Terrestrial
Euphagus cyanocephalus,Human Modified,Terrestrial
Eupherusa cyanophrys,Forest,Aerial
Eupherusa eximia,Forest,Aerial
Eupherusa nigriventris,Forest,Aerial
Eupherusa poliocerca,Forest,Aerial
Eupherusa ridgwayi,Forest,Aerial
Euphonia affinis,Woodland,Insessorial
Euphonia anneae,Forest,Insessorial
Euphonia cayennensis,Forest,Insessorial
Euphonia chalybea,Forest,Insessorial
Euphonia chlorotica,Forest,Insessorial
Euphonia chrysopasta,Forest,Insessorial
Euphonia concinna,Woodland,Insessorial
Euphonia cyanocephala,Forest,Insessorial
Euphonia elegantissima,Forest,Insessorial
Euphonia finschi,Forest,Insessorial
Euphonia flavifrons,Forest,Insessorial
Euphonia fulvicrissa,Forest,Insessorial
Euphonia godmani,Woodland,Insessorial
Euphonia gouldi,Forest,Insessorial
Euphonia hirundinacea,Forest,Insessorial
Euphonia imitans,Forest,Insessorial
Euphonia jamaica,Forest,Insessorial
Euphonia laniirostris,Forest,Insessorial
Euphonia luteicapilla,Forest,Insessorial
Euphonia mesochrysa,Forest,Insessorial
Euphonia minuta,Forest,Insessorial
Euphonia musica,Forest,Insessorial
Euphonia pectoralis,Forest,Insessorial
Euphonia plumbea,Forest,Insessorial
Euphonia rufiventris,Forest,Insessorial
Euphonia saturata,Forest,Insessorial
Euphonia sclateri,Forest,Insessorial
Euphonia trinitatis,Woodland,Insessorial
Euphonia violacea,Forest,Insessorial
Euphonia xanthogaster,Forest,Insessorial
Euplectes afer,Wetland,Terrestrial
Euplectes albonotatus,Grassland,Terrestrial
Euplectes ardens,Grassland,Generalist
Euplectes aureus,Grassland,Terrestrial
Euplectes axillaris,Grassland,Terrestrial
Euplectes capensis,Grassland,Terrestrial
Euplectes diadematus,Grassland,Terrestrial
Euplectes franciscanus,Grassland,Terrestrial
Euplectes gierowii,Grassland,Terrestrial
Euplectes hartlaubi,Wetland,Terrestrial
Euplectes hordeaceus,Grassland,Terrestrial
Euplectes jacksoni,Grassland,Terrestrial
Euplectes laticauda,Grassland,Generalist
Euplectes macroura,Grassland,Terrestrial
Euplectes nigroventris,Grassland,Terrestrial
Euplectes orix,Grassland,Terrestrial
Euplectes progne,Grassland,Terrestrial
Euplectes psammacromius,Grassland,Terrestrial
Euplectes psammocromius,Grassland,Terrestrial
Eupodotis afra,Shrubland,Terrestrial
Eupodotis afraoides,Grassland,Terrestrial
Eupodotis caerulescens,Grassland,Terrestrial
Eupodotis gindiana,Shrubland,Terrestrial
Eupodotis hartlaubii,Grassland,Terrestrial
Eupodotis humilis,Grassland,Terrestrial
Eupodotis melanogaster,Grassland,Terrestrial
Eupodotis rueppelii,Desert,Terrestrial
Eupodotis rueppellii,Desert,Terrestrial
Eupodotis ruficrista,Shrubland,Terrestrial
Eupodotis savilei,Shrubland,Terrestrial
Eupodotis senegalensis,Grassland,Terrestrial
Eupodotis vigorsii,Shrubland,Terrestrial
Eupsittula astec,Forest,Insessorial
Eupsittula aurea,Grassland,Insessorial
Eupsittula cactorum,Woodland,Insessorial
Eupsittula canicularis,Woodland,Insessorial
Eupsittula nana,Forest,Insessorial
Eupsittula pertinax,Woodland,Insessorial
Euptilotis neoxenus,Forest,Insessorial
Euptilotus eutilotus,Forest,Insessorial
Eurillas ansorgei,Forest,Insessorial
Eurillas curvirostris,Forest,Insessorial
Eurillas gracilis,Forest,Insessorial
Eurillas latirostris,Forest,Insessorial
Eurillas virens,Forest,Insessorial
Eurocephalus anguitimens,Woodland,Insessorial
Eurocephalus rueppelli,Woodland,Insessorial
Eurocephalus ruppelli,Woodland,Insessorial
Eurochelidon sirintarae,,Aerial
Eurostopodus archboldi,Forest,Aerial
Eurostopodus argus,Woodland,Aerial
Eurostopodus diabolicus,Forest,Aerial
Eurostopodus exul,Forest,Aerial
Eurostopodus macrotis,Forest,Aerial
Eurostopodus mystacalis,Forest,Aerial
Eurostopodus nigripennis,Forest,Aerial
Eurostopodus papuensis,Forest,Aerial
Eurostopodus temminckii,Forest,Aerial
Euryceros prevostii,Forest,Insessorial
Eurylaimus harterti,Forest,Insessorial
Eurylaimus javanicus,Forest,Insessorial
Eurylaimus ochromalus,Forest,Insessorial
Eurylaimus samarensis,Forest,Insessorial
Eurylaimus steerii,Forest,Insessorial
Eurynorhynchus pygmeus,Coastal,Terrestrial
Euryptila subcinnamomea,Shrubland,Terrestrial
Eurypyga helias,Wetland,Terrestrial
Eurystomus azureus,Forest,Aerial
Eurystomus glaucurus,Forest,Generalist
Eurystomus gularis,Forest,Aerial
Eurystomus orientalis,Woodland,Aerial
Euscarthmus fulviceps,Shrubland,Insessorial
Euscarthmus meloryphus,Shrubland,Insessorial
Euscarthmus rufomarginatus,Shrubland,Insessorial
Euschistospiza cinereovinacea,Shrubland,Terrestrial
Euschistospiza dybowskii,Grassland,Terrestrial
Euthlypis lachrymosa,Woodland,Generalist
Eutoxeres aquila,Forest,Insessorial
Eutoxeres condamini,Forest,Insessorial
Eutrichomyias rowleyi,Forest,Insessorial
Eutriorchis astur,Forest,Insessorial
Falcipennis canadensis,Forest,Terrestrial
Falcipennis falcipennis,Forest,Generalist
Falcipennis franklinii,Forest,Terrestrial
Falco alopex,Rock,Insessorial
Falco amurensis,Grassland,Insessorial
Falco araea,Forest,Insessorial
Falco araeus,Forest,Insessorial
Falco ardosiaceus,Woodland,Insessorial
Falco berigora,Woodland,Generalist
Falco biarmicus,Shrubland,Aerial
Falco cenchroides,Woodland,Generalist
Falco cherrug,Grassland,Generalist
Falco chicquera,Woodland,Aerial
Falco columbarius,Woodland,Aerial
Falco concolor,Rock,Aerial
Falco cuvierii,Woodland,Aerial
Falco deiroleucus,Forest,Aerial
Falco dickinsoni,Woodland,Aerial
Falco eleonorae,Coastal,Aerial
Falco fasciinucha,Rock,Aerial
Falco femoralis,Grassland,Aerial
Falco hypoleucos,Woodland,Aerial
Falco jugger,Woodland,Aerial
Falco longipennis,Forest,Aerial
Falco mexicanus,Grassland,Aerial
Falco moluccensis,Human Modified,Insessorial
Falco naumanni,Grassland,Generalist
Falco newtoni,Grassland,Insessorial
Falco novaeseelandiae,Forest,Aerial
Falco pelegrinoides,Grassland,Aerial
Falco peregrinus,Grassland,Aerial
Falco punctatus,Forest,Generalist
Falco ruficollis,Woodland,Aerial
Falco rufigularis,Forest,Aerial
Falco rupicoloides,Grassland,Insessorial
Falco rupicolus,Shrubland,Aerial
Falco rusticolus,Grassland,Aerial
Falco severus,Forest,Aerial
Falco sparverius,Grassland,Insessorial
Falco subbuteo,Woodland,Aerial
Falco subniger,Woodland,Generalist
Falco tinnunculus,Shrubland,Aerial
Falco vespertinus,Grassland,Aerial
Falco zoniventris,Forest,Insessorial
Falculea palliata,Woodland,Insessorial
Falcunculus frontatus,Woodland,Insessorial
Falcunculus leucogaster,Woodland,Insessorial
Falcunculus whitei,Woodland,Insessorial
Ferminia cerverai,Wetland,Insessorial
Ficedula albicilla,Woodland,Insessorial
Ficedula albicollis,Woodland,Insessorial
Ficedula basilanica,Forest,Generalist
Ficedula bonthaina,Forest,Insessorial
Ficedula buruensis,Forest,Insessorial
Ficedula crypta,Forest,Insessorial
Ficedula disposita,Forest,Insessorial
Ficedula dumetoria,Forest,Insessorial
Ficedula elisae,Forest,Insessorial
Ficedula erithacus,Forest,Insessorial
Ficedula harterti,Forest,Insessorial
Ficedula henrici,Forest,Insessorial
Ficedula hodgsoni,Forest,Insessorial
Ficedula hodgsonii,Forest,Insessorial
Ficedula hyperythra,Forest,Insessorial
Ficedula hypoleuca,Forest,Insessorial
Ficedula luzoniensis,Forest,Insessorial
Ficedula monileger,Forest,Insessorial
Ficedula mugimaki,Forest,Insessorial
Ficedula narcissina,Forest,Insessorial
Ficedula nigrorufa,Forest,Generalist
Ficedula owstoni,Forest,Insessorial
Ficedula parva,Woodland,Insessorial
Ficedula platenae,Forest,Insessorial
Ficedula riedeli,Forest,Insessorial
Ficedula ruficauda,Forest,Insessorial
Ficedula rufigula,Forest,Insessorial
Ficedula sapphira,Forest,Insessorial
Ficedula semitorquata,Woodland,Insessorial
Ficedula solitaris,Forest,Insessorial
Ficedula speculigera,Forest,Insessorial
Ficedula strophiata,Forest,Insessorial
Ficedula subrubra,Forest,Insessorial
Ficedula superciliaris,Forest,Insessorial
Ficedula timorensis,Forest,Insessorial
Ficedula tricolor,Forest,Insessorial
Ficedula westermanni,Forest,Insessorial
Ficedula zanthopygia,Forest,Insessorial
Florisuga fusca,Forest,Aerial
Florisuga mellivora,Forest,Aerial
Fluvicola albiventer,Wetland,Terrestrial
Fluvicola nengeta,Wetland,Terrestrial
Fluvicola pica,Wetland,Insessorial
Formicarius analis,Forest,Terrestrial
Formicarius colma,Forest,Terrestrial
Formicarius moniliger,Forest,Terrestrial
Formicarius nigricapillus,Forest,Terrestrial
Formicarius rufifrons,Forest,Terrestrial
Formicarius rufipectus,Forest,Terrestrial
Formicivora acutirostris,Wetland,Insessorial
Formicivora erythronotos,Shrubland,Insessorial
Formicivora grantsaui,,Insessorial
Formicivora grisea,Shrubland,Insessorial
Formicivora iheringi,Forest,Insessorial
Formicivora intermedia,Shrubland,Insessorial
Formicivora littoralis,Forest,Insessorial
Formicivora melanogaster,Woodland,Insessorial
Formicivora paludicola,Wetland,Insessorial
Formicivora rufa,Grassland,Insessorial
Formicivora serrana,Forest,Insessorial
Forpus coelestis,Shrubland,Generalist
Forpus conspicillatus,Woodland,Generalist
Forpus crassirostris,Forest,Insessorial
Forpus cyanopygius,Woodland,Generalist
Forpus modestus,Forest,Insessorial
Forpus passerinus,Woodland,Generalist
Forpus spengeli,Forest,Insessorial
Forpus xanthops,Woodland,Generalist
Forpus xanthopterygius,Forest,Insessorial
Foudia aldabrana,Forest,Insessorial
Foudia consobrina,Forest,Insessorial
Foudia eminentissima,Forest,Insessorial
Foudia flavicans,Forest,Insessorial
Foudia madagascariensis,Woodland,Insessorial
Foudia omissa,Forest,Insessorial
Foudia rubra,Forest,Insessorial
Foudia sechellarum,Woodland,Insessorial
Foulehaio carunculatus,Forest,Insessorial
Foulehaio procerior,Forest,Insessorial
Foulehaio taviunensis,Forest,Insessorial
Francolinus adspersus,Shrubland,Terrestrial
Francolinus afer,Shrubland,Terrestrial
Francolinus africanus,Grassland,Terrestrial
Francolinus ahantensis,Forest,Terrestrial
Francolinus albogularis,Grassland,Terrestrial
Francolinus bicalcaratus,Woodland,Terrestrial
Francolinus camerunensis,Forest,Terrestrial
Francolinus capensis,Shrubland,Terrestrial
Francolinus castaneicollis,Forest,Terrestrial
Francolinus clappertoni,Shrubland,Terrestrial
Francolinus coqui,Grassland,Terrestrial
Francolinus erckelii,Shrubland,Terrestrial
Francolinus finschi,Woodland,Terrestrial
Francolinus francolinus,Shrubland,Terrestrial
Francolinus griseostriatus,Forest,Terrestrial
Francolinus gularis,Wetland,Terrestrial
Francolinus hartlaubi,Shrubland,Terrestrial
Francolinus harwoodi,Shrubland,Terrestrial
Francolinus hildebrandti,Shrubland,Terrestrial
Francolinus icterorhynchus,Grassland,Terrestrial
Francolinus jacksoni,Forest,Terrestrial
Francolinus lathami,Forest,Terrestrial
Francolinus leucoscepus,Shrubland,Terrestrial
Francolinus levaillantii,Grassland,Terrestrial
Francolinus levaillantoides,Grassland,Terrestrial
Francolinus nahani,Forest,Terrestrial
Francolinus natalensis,Shrubland,Terrestrial
Francolinus nobilis,Forest,Terrestrial
Francolinus ochropectus,Woodland,Terrestrial
Francolinus pictus,Grassland,Terrestrial
Francolinus pintadeanus,Forest,Terrestrial
Francolinus pondicerianus,Grassland,Terrestrial
Francolinus psilolaemus,Shrubland,Terrestrial
Francolinus rufopictus,Shrubland,Terrestrial
Francolinus schlegelii,Woodland,Terrestrial
Francolinus sephaena,Shrubland,Terrestrial
Francolinus shelleyi,Woodland,Terrestrial
Francolinus squamatus,Forest,Terrestrial
Francolinus streptophorus,Grassland,Terrestrial
Francolinus swainsonii,Grassland,Terrestrial
Francolinus swierstrai,Forest,Terrestrial
Fraseria caerulescens,Woodland,Insessorial
Fraseria cinerascens,Forest,Insessorial
Fraseria griseigularis,Forest,Insessorial
Fraseria lendu,Forest,Insessorial
Fraseria ocreata,Forest,Insessorial
Fraseria olivascens,Forest,Insessorial
Fraseria plumbea,Forest,Insessorial
Fraseria tessmanni,Shrubland,Insessorial
Fratercula arctica,Marine,Aquatic
Fratercula cirrhata,Marine,Aquatic
Fratercula corniculata,Marine,Aquatic
Frederickena fulva,Forest,Generalist
Frederickena unduliger,Forest,Generalist
Frederickena unduligera,Forest,Generalist
Frederickena viridis,Forest,Generalist
Fregata andrewsi,Marine,Aerial
Fregata aquila,Marine,Aerial
Fregata ariel,Marine,Aerial
Fregata magnificens,Marine,Aerial
Fregata minor,Marine,Aerial
Fregetta grallaria,Marine,Aerial
Fregetta maoriana,Marine,Aerial
Fregetta tropica,Marine,Aerial
Fringilla coelebs,Forest,Generalist
Fringilla montifringilla,Forest,Generalist
Fringilla polatzeki,Forest,Terrestrial
Fringilla teydea,Forest,Terrestrial
Fulica alai,Wetland,Aquatic
Fulica americana,Wetland,Aquatic
Fulica ardesiaca,Wetland,Aquatic
Fulica armillata,Wetland,Aquatic
Fulica atra,Wetland,Generalist
Fulica caribaea,Wetland,Aquatic
Fulica cornuta,Wetland,Generalist
Fulica cristata,Wetland,Aquatic
Fulica gigantea,Wetland,Aquatic
Fulica leucoptera,Wetland,Aquatic
Fulica rufifrons,Wetland,Aquatic
Fulmarus glacialis,Marine,Aquatic
Fulmarus glacialoides,Marine,Aquatic
Fulvetta cinereiceps,Forest,Insessorial
Fulvetta danisi,Forest,Insessorial
Fulvetta formosana,Forest,Insessorial
Fulvetta ludlowi,Forest,Insessorial
Fulvetta manipurensis,Forest,Insessorial
Fulvetta ruficapilla,Forest,Insessorial
Fulvetta striaticollis,Shrubland,Insessorial
Fulvetta vinipectus,Shrubland,Insessorial
Furnarius cinnamomeus,Shrubland,Terrestrial
Furnarius cristatus,Shrubland,Terrestrial
Furnarius figulus,Forest,Terrestrial
Furnarius leucopus,Shrubland,Terrestrial
Furnarius longirostris,Shrubland,Terrestrial
Furnarius minor,Shrubland,Terrestrial
Furnarius rufus,Shrubland,Terrestrial
Furnarius torridus,Forest,Terrestrial
Gactornis enarratus,Forest,Aerial
Galbalcyrhynchus leucotis,Forest,Insessorial
Galbalcyrhynchus purusianus,Forest,Insessorial
Galbula albirostris,Forest,Insessorial
Galbula chalcocephala,Forest,Insessorial
Galbula chalcothorax,Forest,Insessorial
Galbula cyanescens,Forest,Insessorial
Galbula cyanicollis,Forest,Insessorial
Galbula dea,Forest,Insessorial
Galbula galbula,Forest,Insessorial
Galbula leucogastra,Shrubland,Insessorial
Galbula pastazae,Forest,Insessorial
Galbula ruficauda,Forest,Insessorial
Galbula tombacea,Forest,Insessorial
Galerida cristata,Grassland,Terrestrial
Galerida deva,Grassland,Terrestrial
Galerida macrorhyncha,Grassland,Terrestrial
Galerida magnirostris,Grassland,Terrestrial
Galerida malabarica,Grassland,Terrestrial
Galerida modesta,Grassland,Terrestrial
Galerida theklae,Shrubland,Terrestrial
Gallicolumba beccarii,Forest,Terrestrial
Gallicolumba canifrons,Forest,Terrestrial
Gallicolumba crinigera,Forest,Terrestrial
Gallicolumba erythroptera,Woodland,Terrestrial
Gallicolumba hoedtii,Forest,Terrestrial
Gallicolumba jobiensis,Forest,Terrestrial
Gallicolumba keayi,Forest,Terrestrial
Gallicolumba kubaryi,Forest,Terrestrial
Gallicolumba luzonica,Forest,Terrestrial
Gallicolumba menagei,Forest,Terrestrial
Gallicolumba platenae,Forest,Terrestrial
Gallicolumba rubescens,Shrubland,Insessorial
Gallicolumba rufigula,Forest,Terrestrial
Gallicolumba sanctaecrucis,Forest,Terrestrial
Gallicolumba stairi,Forest,Terrestrial
Gallicolumba tristigmata,Forest,Terrestrial
Gallicolumba xanthonura,Forest,Insessorial
Gallicrex cinerea,Wetland,Terrestrial
Gallinago andina,Wetland,Terrestrial
Gallinago delicata,Wetland,Terrestrial
Gallinago gallinago,Wetland,Terrestrial
Gallinago hardwickii,Human Modified,Terrestrial
Gallinago imperialis,Forest,Terrestrial
Gallinago jamesoni,Forest,Terrestrial
Gallinago macrodactyla,Wetland,Terrestrial
Gallinago magellanica,Wetland,Terrestrial
Gallinago media,Wetland,Terrestrial
Gallinago megala,Wetland,Terrestrial
Gallinago nemoricola,Forest,Terrestrial
Gallinago nigripennis,Wetland,Terrestrial
Gallinago nobilis,Wetland,Terrestrial
Gallinago paraguaiae,Wetland,Terrestrial
Gallinago solitaria,Wetland,Terrestrial
Gallinago stenura,Wetland,Terrestrial
Gallinago stricklandii,Wetland,Terrestrial
Gallinago undulata,Grassland,Terrestrial
Gallinula angulata,Wetland,Generalist
Gallinula chloropus,Wetland,Terrestrial
Gallinula comeri,Grassland,Terrestrial
Gallinula galeata,Wetland,Terrestrial
Gallinula melanops,Wetland,Aquatic
Gallinula mortierii,Wetland,Terrestrial
Gallinula nesiotis,Grassland,Terrestrial
Gallinula silvestris,,Terrestrial
Gallinula tenebrosa,Wetland,Terrestrial
Gallinula ventralis,Wetland,Terrestrial
Gallirallus australis,Forest,Terrestrial
Gallirallus calayanensis,Forest,Terrestrial
Gallirallus castaneoventris,Woodland,Terrestrial
Gallirallus insignis,Forest,Terrestrial
Gallirallus okinawae,Forest,Terrestrial
Gallirallus owstoni,Forest,Terrestrial
Gallirallus philippensis,Wetland,Terrestrial
Gallirallus rovianae,Shrubland,Terrestrial
Gallirallus striatus,Wetland,Terrestrial
Gallirallus sylvestris,Forest,Terrestrial
Gallirallus torquatus,Grassland,Terrestrial
Gallirallus wallacii,Wetland,Terrestrial
Gallirallus woodfordi,Forest,Terrestrial
Gallirex johnstoni,Forest,Insessorial
Gallirex porphyreolophus,Woodland,Insessorial
Galloperdix bicalcarata,Forest,Terrestrial
Galloperdix lunulata,Shrubland,Terrestrial
Galloperdix spadicea,Shrubland,Terrestrial
Gallus gallus,Forest,Terrestrial
Gallus lafayetii,Forest,Terrestrial
Gallus lafayettii,Forest,Terrestrial
Gallus sonneratii,Forest,Terrestrial
Gallus varius,Shrubland,Terrestrial
Gampsonyx swainsonii,Forest,Insessorial
Gampsorhynchus rufulus,Forest,Insessorial
Gampsorhynchus torquatus,Forest,Insessorial
Garritornis isidorei,Forest,Generalist
Garrodia nereis,Marine,Aerial
Garrulax affinis,Shrubland,Generalist
Garrulax albogularis,Forest,Generalist
Garrulax annamensis,Forest,Generalist
Garrulax austeni,Forest,Generalist
Garrulax berthemyi,Forest,Insessorial
Garrulax bicolor,Forest,Terrestrial
Garrulax bieti,Forest,Generalist
Garrulax caerulatus,Forest,Insessorial
Garrulax calvus,Forest,Insessorial
Garrulax canorus,Shrubland,Terrestrial
Garrulax castanotis,Forest,Terrestrial
Garrulax chinensis,Forest,Generalist
Garrulax chrysopterus,Woodland,Generalist
Garrulax cineraceus,Forest,Terrestrial
Garrulax cinereiceps,Forest,Terrestrial
Garrulax cinereifrons,Forest,Generalist
Garrulax courtoisi,Forest,Generalist
Garrulax davidi,Shrubland,Insessorial
Garrulax delesserti,Forest,Terrestrial
Garrulax elliotii,Forest,Generalist
Garrulax erythrocephalus,Woodland,Insessorial
Garrulax ferrarius,Forest,Terrestrial
Garrulax formosus,Forest,Generalist
Garrulax galbanus,Forest,Terrestrial
Garrulax gularis,Forest,Terrestrial
Garrulax henrici,Shrubland,Terrestrial
Garrulax imbricatus,Woodland,Terrestrial
Garrulax konkakinhensis,Forest,Insessorial
Garrulax koslowi,Forest,Insessorial
Garrulax lanceolatus,Forest,Generalist
Garrulax leucolophus,Forest,Terrestrial
Garrulax lineatus,Woodland,Terrestrial
Garrulax lugubris,Forest,Terrestrial
Garrulax lunulatus,Forest,Terrestrial
Garrulax maesi,Forest,Terrestrial
Garrulax maximus,Forest,Terrestrial
Garrulax melanostigma,Woodland,Generalist
Garrulax merulinus,Forest,Generalist
Garrulax milleti,Forest,Terrestrial
Garrulax milnei,Forest,Insessorial
Garrulax mitratus,Forest,Insessorial
Garrulax monachus,Forest,Generalist
Garrulax monileger,Forest,Generalist
Garrulax morrisonianus,Forest,Insessorial
Garrulax ngoclinhensis,Forest,Generalist
Garrulax nuchalis,Forest,Terrestrial
Garrulax ocellatus,Forest,Insessorial
Garrulax palliatus,Forest,Insessorial
Garrulax pectoralis,Forest,Terrestrial
Garrulax peninsulae,Woodland,Generalist
Garrulax perspicillatus,Shrubland,Terrestrial
Garrulax poecilorhynchus,Forest,Insessorial
Garrulax ruficeps,Forest,Insessorial
Garrulax ruficollis,Shrubland,Generalist
Garrulax rufifrons,Forest,Insessorial
Garrulax rufogularis,Forest,Insessorial
Garrulax sannio,Forest,Generalist
Garrulax squamatus,Shrubland,Insessorial
Garrulax strepitans,Forest,Terrestrial
Garrulax striatus,Forest,Insessorial
Garrulax subunicolor,Shrubland,Generalist
Garrulax sukatschewi,Forest,Insessorial
Garrulax taewanus,Shrubland,Terrestrial
Garrulax treacheri,Forest,Insessorial
Garrulax variegatus,Forest,Insessorial
Garrulax vassali,Forest,Generalist
Garrulax virgatus,Forest,Terrestrial
Garrulax waddelli,Shrubland,Insessorial
Garrulax woodi,Forest,Generalist
Garrulax yersini,Forest,Insessorial
Garrulus bispecularis,Forest,Insessorial
Garrulus glandarius,Forest,Insessorial
Garrulus lanceolatus,Forest,Insessorial
Garrulus leucotis,Forest,Insessorial
Garrulus lidthi,Forest,Insessorial
Gavia adamsii,Wetland,Aquatic
Gavia arctica,Wetland,Aquatic
Gavia immer,Wetland,Aquatic
Gavia pacifica,Wetland,Aquatic
Gavia stellata,Wetland,Aquatic
Gavicalis fasciogularis,Woodland,Insessorial
Gavicalis versicolor,Woodland,Insessorial
Gavicalis virescens,Shrubland,Insessorial
Gecinulus grantia,Forest,Insessorial
Gecinulus viridis,Forest,Insessorial
Gelochelidon macrotarsa,Coastal,Aerial
Gelochelidon nilotica,Coastal,Aerial
Gennaeodryas placens,Forest,Insessorial
Geobiastes squamiger,Forest,Terrestrial
Geocerthia serrana,Shrubland,Terrestrial
Geococcyx californianus,Shrubland,Terrestrial
Geococcyx velox,Shrubland,Terrestrial
Geocolaptes olivaceus,Rock,Terrestrial
Geoffroyus geoffroyi,Forest,Insessorial
Geoffroyus heteroclitus,Forest,Insessorial
Geoffroyus hyacinthinus,Forest,Insessorial
Geoffroyus simplex,Forest,Insessorial
Geokichla camaronensis,Forest,Terrestrial
Geokichla cinerea,Forest,Generalist
Geokichla citrina,Forest,Generalist
Geokichla crossleyi,Forest,Terrestrial
Geokichla dohertyi,Forest,Generalist
Geokichla dumasi,Forest,Terrestrial
Geokichla erythronota,Forest,Terrestrial
Geokichla gurneyi,Forest,Terrestrial
Geokichla guttata,Forest,Terrestrial
Geokichla interpres,Forest,Generalist
Geokichla joiceyi,Forest,Terrestrial
Geokichla leucolaema,Forest,Terrestrial
Geokichla mendeni,Forest,Terrestrial
Geokichla oberlaenderi,Forest,Terrestrial
Geokichla peronii,Forest,Generalist
Geokichla piaggiae,Forest,Generalist
Geokichla princei,Forest,Terrestrial
Geokichla schistacea,Forest,Terrestrial
Geokichla sibirica,Forest,Terrestrial
Geokichla spiloptera,Forest,Terrestrial
Geokichla wardii,Forest,Generalist
Geomalia heinrichi,Forest,Terrestrial
Geopelia cuneata,Grassland,Terrestrial
Geopelia humeralis,Woodland,Terrestrial
Geopelia maugeus,Woodland,Terrestrial
Geopelia placida,Woodland,Terrestrial
Geopelia striata,Woodland,Terrestrial
Geophaps plumifera,Grassland,Terrestrial
Geophaps scripta,Woodland,Terrestrial
Geophaps smithii,Forest,Terrestrial
Geositta antarctica,Grassland,Terrestrial
Geositta crassirostris,Shrubland,Terrestrial
Geositta cunicularia,Grassland,Terrestrial
Geositta isabellina,Grassland,Terrestrial
Geositta maritima,Shrubland,Terrestrial
Geositta peruviana,Shrubland,Terrestrial
Geositta poeciloptera,Grassland,Terrestrial
Geositta punensis,Grassland,Terrestrial
Geositta rufipennis,Grassland,Terrestrial
Geositta saxicolina,Grassland,Terrestrial
Geositta tenuirostris,Grassland,Terrestrial
Geospiza acutirostris,Shrubland,Terrestrial
Geospiza conirostris,Shrubland,Insessorial
Geospiza difficilis,Shrubland,Terrestrial
Geospiza fortis,Shrubland,Terrestrial
Geospiza fuliginosa,Shrubland,Terrestrial
Geospiza heliobates,Woodland,Insessorial
Geospiza magnirostris,Shrubland,Terrestrial
Geospiza pallida,Shrubland,Insessorial
Geospiza parvula,Woodland,Insessorial
Geospiza pauper,Forest,Insessorial
Geospiza propinqua,Shrubland,Insessorial
Geospiza psittacula,Forest,Insessorial
Geospiza scandens,Shrubland,Insessorial
Geospiza septentrionalis,Shrubland,Terrestrial
Geospizopsis plebejus,Shrubland,Terrestrial
Geospizopsis unicolor,Grassland,Terrestrial
Geothlypis aequinoctialis,Shrubland,Insessorial
Geothlypis auricularis,Shrubland,Insessorial
Geothlypis bairdi,Shrubland,Insessorial
Geothlypis beldingi,Wetland,Insessorial
Geothlypis chiriquensis,Shrubland,Insessorial
Geothlypis flavovelata,Wetland,Insessorial
Geothlypis formosa,Forest,Generalist
Geothlypis nelsoni,Forest,Insessorial
Geothlypis philadelphia,Forest,Insessorial
Geothlypis poliocephala,Shrubland,Insessorial
Geothlypis rostrata,Shrubland,Insessorial
Geothlypis semiflava,Shrubland,Insessorial
Geothlypis speciosa,Wetland,Insessorial
Geothlypis tolmiei,Forest,Generalist
Geothlypis trichas,Wetland,Insessorial
Geothlypis velata,Shrubland,Insessorial
Geotrygon albifacies,Forest,Terrestrial
Geotrygon caniceps,Forest,Terrestrial
Geotrygon carrikeri,Forest,Terrestrial
Geotrygon chiriquensis,Forest,Terrestrial
Geotrygon chrysia,Woodland,Terrestrial
Geotrygon costaricensis,Forest,Terrestrial
Geotrygon frenata,Forest,Terrestrial
Geotrygon goldmani,Forest,Terrestrial
Geotrygon lawrencii,Forest,Terrestrial
Geotrygon leucometopia,Forest,Terrestrial
Geotrygon linearis,Forest,Terrestrial
Geotrygon montana,Forest,Terrestrial
Geotrygon mystacea,Woodland,Terrestrial
Geotrygon purpurata,Forest,Terrestrial
Geotrygon saphirina,Forest,Terrestrial
Geotrygon veraguensis,Forest,Insessorial
Geotrygon versicolor,Forest,Terrestrial
Geotrygon violacea,Forest,Terrestrial
Geranoaetus albicaudatus,Grassland,Generalist
Geranoaetus melanoleucus,Shrubland,Aerial
Geranoaetus polyosoma,Shrubland,Aerial
Geranospiza caerulescens,Woodland,Insessorial
Geronticus calvus,Grassland,Terrestrial
Geronticus eremita,Rock,Terrestrial
Gerygone albofrontata,Forest,Generalist
Gerygone chloronota,Forest,Insessorial
Gerygone chrysogaster,Forest,Insessorial
Gerygone cinerea,Forest,Insessorial
Gerygone citrina,Forest,Insessorial
Gerygone dorsalis,Forest,Insessorial
Gerygone flavolateralis,Forest,Insessorial
Gerygone fusca,Woodland,Insessorial
Gerygone hypoxantha,Forest,Insessorial
Gerygone igata,Shrubland,Insessorial
Gerygone inornata,Forest,Insessorial
Gerygone levigaster,Woodland,Insessorial
Gerygone magnirostris,Forest,Insessorial
Gerygone modesta,Forest,Insessorial
Gerygone mouki,Forest,Insessorial
Gerygone olivacea,Woodland,Insessorial
Gerygone palpebrosa,Forest,Insessorial
Gerygone ruficollis,Forest,Insessorial
Gerygone sulphurea,Woodland,Insessorial
Gerygone tenebrosa,Woodland,Insessorial
Glareola cinerea,Riverine,Aerial
Glareola lactea,Riverine,Aerial
Glareola maldivarum,Grassland,Aerial
Glareola nordmanni,Grassland,Aerial
Glareola nuchalis,Rock,Aerial
Glareola ocularis,Coastal,Aerial
Glareola pratincola,Grassland,Aerial
Glaucestrilda caerulescens,Shrubland,Generalist
Glaucestrilda perreini,Shrubland,Generalist
Glaucestrilda thomensis,Shrubland,Insessorial
Glaucidium albertinum,Forest,Insessorial
Glaucidium bolivianum,Forest,Insessorial
Glaucidium brasilianum,Shrubland,Insessorial
Glaucidium brodiei,Forest,Insessorial
Glaucidium californicum,Forest,Insessorial
Glaucidium capense,Forest,Insessorial
Glaucidium castaneum,,Insessorial
Glaucidium castanonotum,Forest,Insessorial
Glaucidium castanopterum,Forest,Insessorial
Glaucidium castanotum,Forest,Insessorial
Glaucidium cobanense,Forest,Insessorial
Glaucidium costaricanum,Forest,Insessorial
Glaucidium cuculoides,Forest,Insessorial
Glaucidium gnoma,Forest,Insessorial
Glaucidium griseiceps,Forest,Insessorial
Glaucidium hardyi,Forest,Insessorial
Glaucidium hoskinsii,Forest,Insessorial
Glaucidium jardinii,Forest,Insessorial
Glaucidium minutissimum,Forest,Insessorial
Glaucidium mooreorum,,Insessorial
Glaucidium nana,Shrubland,Insessorial
Glaucidium nanum,Shrubland,Insessorial
Glaucidium nubicola,Forest,Insessorial
Glaucidium palmarum,Forest,Insessorial
Glaucidium parkeri,Forest,Insessorial
Glaucidium passerinum,Forest,Insessorial
Glaucidium perlatum,Shrubland,Insessorial
Glaucidium peruanum,Shrubland,Insessorial
Glaucidium radiatum,Woodland,Insessorial
Glaucidium sanchezi,Forest,Insessorial
Glaucidium siju,Forest,Insessorial
Glaucidium sjostedti,Forest,Insessorial
Glaucidium tephronotum,Forest,Insessorial
Glaucidium tucumanum,Shrubland,Insessorial
Glaucis aeneus,Forest,Aerial
Glaucis dohrnii,Forest,Aerial
Glaucis hirsutus,Forest,Aerial
Gliciphila melanops,Shrubland,Insessorial
Gliciphila notabilis,Forest,Insessorial
Gliciphila undulata,Forest,Insessorial
Glossopsitta concinna,Woodland,Insessorial
Glossopsitta porphyrocephala,Woodland,Insessorial
Glossopsitta pusilla,Woodland,Insessorial
Glossoptila goldiei,Forest,Insessorial
Glycichaera fallax,Forest,Insessorial
Glyphorynchus spirurus,Forest,Insessorial
Gnorimopsar chopi,Grassland,Terrestrial
Goethalsia bella,Forest,Aerial
Goldmania bella,Forest,Aerial
Goldmania violiceps,Forest,Aerial
Goodfellowia miranda,Forest,Insessorial
Gorsachius goisagi,Riverine,Terrestrial
Gorsachius leuconotus,Wetland,Terrestrial
Gorsachius magnificus,Forest,Terrestrial
Gorsachius melanolophus,Wetland,Terrestrial
Goura cristata,Forest,Terrestrial
Goura scheepmakeri,Forest,Terrestrial
Goura sclaterii,Forest,Terrestrial
Goura victoria,Forest,Terrestrial
Gracula enganensis,Forest,Insessorial
Gracula indica,Forest,Insessorial
Gracula ptilogenys,Forest,Insessorial
Gracula religiosa,Forest,Insessorial
Gracula robusta,Forest,Insessorial
Gracula venerata,Forest,Insessorial
Gracupica contra,Shrubland,Generalist
Gracupica jalla,Shrubland,Generalist
Gracupica nigricollis,Grassland,Insessorial
Grafisia torquata,Woodland,Insessorial
Grallaria albigula,Forest,Terrestrial
Grallaria alleni,Forest,Terrestrial
Grallaria alticola,Shrubland,Terrestrial
Grallaria alvarezi,Forest,Terrestrial
Grallaria andicolus,Forest,Terrestrial
Grallaria atuensis,Shrubland,Terrestrial
Grallaria ayacuchensis,Forest,Terrestrial
Grallaria bangsi,Forest,Terrestrial
Grallaria blakei,Forest,Terrestrial
Grallaria cajamarcae,Forest,Terrestrial
Grallaria capitalis,Forest,Terrestrial
Grallaria carrikeri,Forest,Terrestrial
Grallaria centralis,Forest,Terrestrial
Grallaria chthonia,Forest,Terrestrial
Grallaria cochabambae,Forest,Terrestrial
Grallaria dignissima,Forest,Terrestrial
Grallaria eludens,Forest,Terrestrial
Grallaria erythroleuca,Forest,Terrestrial
Grallaria erythrotis,Forest,Terrestrial
Grallaria excelsa,Forest,Terrestrial
Grallaria fenwickorum,,Terrestrial
Grallaria flavotincta,Forest,Terrestrial
Grallaria gigantea,Forest,Terrestrial
Grallaria gravesi,Forest,Terrestrial
Grallaria griseonucha,Forest,Terrestrial
Grallaria guatimalensis,Forest,Terrestrial
Grallaria haplonota,Forest,Terrestrial
Grallaria hypoleuca,Forest,Terrestrial
Grallaria kaestneri,Forest,Terrestrial
Grallaria milleri,Forest,Terrestrial
Grallaria nuchalis,Forest,Terrestrial
Grallaria obscura,Forest,Terrestrial
Grallaria occabambae,Forest,Terrestrial
Grallaria oneilli,Forest,Terrestrial
Grallaria przewalskii,Forest,Terrestrial
Grallaria quitensis,Shrubland,Terrestrial
Grallaria ridgelyi,Forest,Terrestrial
Grallaria ruficapilla,Forest,Terrestrial
Grallaria rufocinerea,Forest,Terrestrial
Grallaria rufula,Forest,Terrestrial
Grallaria saltuensis,Forest,Terrestrial
Grallaria saturata,Forest,Terrestrial
Grallaria sinaensis,Forest,Terrestrial
Grallaria spatiator,Forest,Terrestrial
Grallaria squamigera,Forest,Terrestrial
Grallaria urraoensis,,Terrestrial
Grallaria varia,Forest,Terrestrial
Grallaria watkinsi,Woodland,Terrestrial
Grallaricula cucullata,Forest,Insessorial
Grallaricula cumanensis,Forest,Insessorial
Grallaricula ferrugineipectus,Forest,Insessorial
Grallaricula flavirostris,Forest,Insessorial
Grallaricula leymebambae,Forest,Insessorial
Grallaricula lineifrons,Forest,Insessorial
Grallaricula loricata,Forest,Insessorial
Grallaricula nana,Forest,Insessorial
Grallaricula ochraceifrons,Forest,Insessorial
Grallaricula peruviana,Forest,Insessorial
Grallina bruijni,Forest,Terrestrial
Grallina bruijnii,Forest,Terrestrial
Grallina cyanoleuca,Grassland,Terrestrial
Graminicola bengalensis,Shrubland,Insessorial
Graminicola striatus,Shrubland,Insessorial
Grammatoptila striata,Forest,Insessorial
Granatellus francescae,Forest,Insessorial
Granatellus paraensis,Forest,Insessorial
Granatellus pelzelni,Forest,Insessorial
Granatellus sallaei,Forest,Generalist
Granatellus venustus,Forest,Insessorial
Granatina granatina,Shrubland,Terrestrial
Granatina ianthinogaster,Shrubland,Generalist
Grandala coelicolor,Rock,Generalist
Grantiella picta,Woodland,Insessorial
Graueria vittata,Forest,Insessorial
Graydidascalus brachyurus,Forest,Insessorial
Griseotyrannus aurantioatrocristatus,Woodland,Insessorial
Grus americana,Wetland,Terrestrial
Grus antigone,Wetland,Terrestrial
Grus canadensis,Wetland,Terrestrial
Grus carunculatus,Wetland,Terrestrial
Grus grus,Wetland,Terrestrial
Grus japonensis,Wetland,Terrestrial
Grus leucogeranus,Wetland,Terrestrial
Grus monacha,Wetland,Terrestrial
Grus nigricollis,Wetland,Terrestrial
Grus paradisea,Grassland,Terrestrial
Grus rubicunda,Wetland,Terrestrial
Grus vipio,Wetland,Terrestrial
Grus virgo,Grassland,Terrestrial
Guadalcanaria inexpectata,Forest,Insessorial
Guaruba guarouba,Forest,Insessorial
Gubernatrix cristata,Woodland,Terrestrial
Gubernetes yetapa,Grassland,Insessorial
Guira guira,Human Modified,Terrestrial
Gulosus aristotelis,Marine,Aquatic
Guttera edouardi,Forest,Terrestrial
Guttera plumifera,Forest,Terrestrial
Guttera pucherani,Forest,Terrestrial
Guttera verreauxi,Forest,Terrestrial
Guyramemua affine,Shrubland,Insessorial
Guyramemua affinis,Shrubland,Insessorial
Gyalophylax hellmayri,Shrubland,Generalist
Gygis alba,Marine,Aerial
Gygis microrhyncha,,Aerial
Gymnasio nudipes,Forest,Insessorial
Gymnobucco bonapartei,Forest,Insessorial
Gymnobucco calvus,Forest,Insessorial
Gymnobucco cinereiceps,Forest,Insessorial
Gymnobucco peli,Forest,Insessorial
Gymnobucco sladeni,Forest,Insessorial
Gymnobucco vernayi,Forest,Insessorial
Gymnocichla nudiceps,Forest,Insessorial
Gymnocrex plumbeiventris,Forest,Terrestrial
Gymnocrex rosenbergii,Forest,Terrestrial
Gymnocrex talaudensis,,Terrestrial
Gymnoderus foetidus,Forest,Insessorial
Gymnoglaux lawrencii,Forest,Insessorial
Gymnogyps californianus,Shrubland,Terrestrial
Gymnomystax mexicanus,Forest,Terrestrial
Gymnomyza aubryana,Forest,Insessorial
Gymnomyza brunneirostris,Forest,Insessorial
Gymnomyza samoensis,Forest,Insessorial
Gymnomyza viridis,Forest,Insessorial
Gymnophaps albertisii,Forest,Insessorial
Gymnophaps mada,Forest,Insessorial
Gymnophaps solomonensis,Forest,Insessorial
Gymnophaps stalkeri,Forest,Insessorial
Gymnopithys bicolor,Forest,Insessorial
Gymnopithys leucaspis,Forest,Insessorial
Gymnopithys lunulatus,Forest,Insessorial
Gymnopithys rufigula,Forest,Insessorial
Gymnopithys salvini,Forest,Insessorial
Gymnorhina tibicen,Woodland,Terrestrial
Gymnorhinus cyanocephalus,Forest,Generalist
Gymnoris dentata,Desert,Terrestrial
Gymnoris pyrgita,Grassland,Generalist
Gymnoris superciliaris,Woodland,Generalist
Gymnoris xanthocollis,Forest,Terrestrial
Gypaetus barbatus,Rock,Terrestrial
Gypohierax angolensis,Forest,Insessorial
Gyps africanus,Shrubland,Terrestrial
Gyps bengalensis,Grassland,Terrestrial
Gyps coprotheres,Grassland,Terrestrial
Gyps fulvus,Grassland,Terrestrial
Gyps himalayensis,Rock,Terrestrial
Gyps indicus,Grassland,Terrestrial
Gyps rueppelli,Grassland,Terrestrial
Gyps rueppellii,Grassland,Terrestrial
Gyps tenuirostris,Woodland,Terrestrial
Gypsophila annamensis,Forest,Generalist
Gypsophila brevicaudata,Forest,Terrestrial
Gypsophila calcicola,Forest,Generalist
Gypsophila crassa,Forest,Terrestrial
Gypsophila crispifrons,Forest,Generalist
Gypsophila rufipectus,Forest,Generalist
Habia atrimaxillaris,Forest,Insessorial
Habia carmioli,Forest,Insessorial
Habia cristata,Forest,Insessorial
Habia frenata,Forest,Insessorial
Habia fuscicauda,Forest,Insessorial
Habia gutturalis,Forest,Insessorial
Habia olivacea,Forest,Insessorial
Habia rubica,Forest,Insessorial
Habia stolzmanni,Forest,Insessorial
Habroptila wallacii,Wetland,Terrestrial
Haematoderus militaris,Forest,Insessorial
Haematopus ater,Coastal,Terrestrial
Haematopus bachmani,Coastal,Terrestrial
Haematopus chathamensis,Coastal,Terrestrial
Haematopus finschi,Coastal,Terrestrial
Haematopus fuliginosus,Coastal,Terrestrial
Haematopus leucopodus,Coastal,Terrestrial
Haematopus longirostris,Coastal,Terrestrial
Haematopus moquini,Coastal,Terrestrial
Haematopus ostralegus,Coastal,Terrestrial
Haematopus palliatus,Coastal,Terrestrial
Haematopus unicolor,Coastal,Terrestrial
Haematortyx sanguiniceps,Forest,Terrestrial
Haematospiza sipahi,Forest,Insessorial
Haemorhous cassinii,Forest,Insessorial
Haemorhous mexicanus,Shrubland,Insessorial
Haemorhous purpureus,Forest,Insessorial
Hafferia fortis,Forest,Insessorial
Hafferia immaculata,Forest,Insessorial
Hafferia zeledoni,Forest,Insessorial
Halcyon albiventris,Shrubland,Insessorial
Halcyon badia,Forest,Insessorial
Halcyon chelicuti,Shrubland,Insessorial
Halcyon coromanda,Forest,Insessorial
Halcyon cyanoventris,Human Modified,Insessorial
Halcyon gularis,Human Modified,Insessorial
Halcyon leucocephala,Shrubland,Insessorial
Halcyon malimbica,Forest,Insessorial
Halcyon pileata,Riverine,Insessorial
Halcyon senegalensis,Woodland,Insessorial
Halcyon senegaloides,Wetland,Insessorial
Halcyon smyrnensis,Human Modified,Insessorial
Haliaeetus albicilla,Rock,Aerial
Haliaeetus humilis,Wetland,Insessorial
Haliaeetus ichthyaetus,Woodland,Insessorial
Haliaeetus leucocephalus,Wetland,Generalist
Haliaeetus leucogaster,Coastal,Aerial
Haliaeetus leucoryphus,Wetland,Aerial
Haliaeetus pelagicus,Wetland,Generalist
Haliaeetus sanfordi,Forest,Generalist
Haliaeetus vocifer,Wetland,Insessorial
Haliaeetus vociferoides,Woodland,Insessorial
Haliastur indus,Coastal,Generalist
Haliastur sphenurus,Wetland,Aerial
Halobaena caerulea,Marine,Generalist
Halocyptena microsoma,Marine,Aerial
Hamirostra melanosternon,Woodland,Aerial
Hapalocrex flaviventer,Wetland,Terrestrial
Hapalopsittaca amazonina,Forest,Insessorial
Hapalopsittaca fuertesi,Forest,Insessorial
Hapalopsittaca melanotis,Forest,Insessorial
Hapalopsittaca pyrrhops,Forest,Insessorial
Hapaloptila castanea,Forest,Insessorial
Haplochelidon andecola,Grassland,Aerial
Haplophaedia assimilis,Forest,Aerial
Haplophaedia aureliae,Forest,Aerial
Haplophaedia lugens,Forest,Aerial
Haplospiza rustica,Forest,Insessorial
Haplospiza unicolor,Forest,Generalist
Harpactes ardens,Forest,Insessorial
Harpactes diardii,Forest,Insessorial
Harpactes duvaucelii,Forest,Insessorial
Harpactes erythrocephalus,Forest,Insessorial
Harpactes fasciatus,Forest,Insessorial
Harpactes kasumba,Forest,Insessorial
Harpactes mackloti,Forest,Insessorial
Harpactes oreskios,Forest,Insessorial
Harpactes orrhophaeus,Forest,Insessorial
Harpactes reinwardtii,Forest,Insessorial
Harpactes wardi,Forest,Insessorial
Harpactes whiteheadi,Forest,Insessorial
Harpagus bidentatus,Forest,Insessorial
Harpagus diodon,Forest,Insessorial
Harpia harpyja,Forest,Insessorial
Harpyhaliaetus coronatus,Shrubland,Insessorial
Harpyhaliaetus solitarius,Forest,Insessorial
Harpyopsis novaeguineae,Forest,Insessorial
Hartertula flavoviridis,Forest,Insessorial
Hartlaubius auratus,Forest,Insessorial
Hedydipna collaris,Forest,Insessorial
Hedydipna metallica,Shrubland,Insessorial
Hedydipna pallidigaster,Woodland,Insessorial
Hedydipna platura,Woodland,Insessorial
Heinrichia calligyna,Forest,Terrestrial
Heinrichia simplex,Forest,Terrestrial
Heleia crassirostris,Forest,Insessorial
Heleia dohertyi,Forest,Insessorial
Heleia goodfellowi,Forest,Insessorial
Heleia javanica,Forest,Insessorial
Heleia muelleri,Forest,Insessorial
Heleia pinaiae,Forest,Insessorial
Heleia squamiceps,Forest,Insessorial
Heleia squamifrons,Forest,Insessorial
Heleia superciliaris,Forest,Insessorial
Heleia wallacei,Forest,Insessorial
Heliactin bilophus,Woodland,Aerial
Heliangelus amethysticollis,Forest,Generalist
Heliangelus clarisse,Forest,Generalist
Heliangelus exortis,Forest,Insessorial
Heliangelus mavors,Forest,Aerial
Heliangelus micraster,Forest,Aerial
Heliangelus regalis,Forest,Aerial
Heliangelus spencei,Forest,Generalist
Heliangelus strophianus,Forest,Aerial
Heliangelus viola,Forest,Aerial
Helicolestes hamatus,Forest,Insessorial
Heliobletus contaminatus,Forest,Insessorial
Heliodoxa aurescens,Forest,Aerial
Heliodoxa branickii,Forest,Aerial
Heliodoxa gularis,Forest,Aerial
Heliodoxa imperatrix,Forest,Insessorial
Heliodoxa jacula,Forest,Aerial
Heliodoxa leadbeateri,Forest,Aerial
Heliodoxa rubinoides,Forest,Aerial
Heliodoxa schreibersii,Forest,Aerial
Heliodoxa whitelyana,Forest,Aerial
Heliodoxa xanthogonys,Forest,Aerial
Heliolais erythropterus,Woodland,Insessorial
Heliomaster constantii,Woodland,Aerial
Heliomaster furcifer,Forest,Aerial
Heliomaster longirostris,Forest,Aerial
Heliomaster squamosus,Forest,Aerial
Heliopais personatus,Wetland,Aquatic
Heliornis fulica,Wetland,Aquatic
Heliothryx auritus,Forest,Aerial
Heliothryx barroti,Forest,Aerial
Hellmayrea gularis,Forest,Insessorial
Helmitheros vermivorum,Forest,Insessorial
Helopsaltes amnicola,Shrubland,Insessorial
Helopsaltes certhiola,Shrubland,Insessorial
Helopsaltes fasciolatus,Shrubland,Insessorial
Helopsaltes ochotensis,Shrubland,Generalist
Helopsaltes pleskei,Wetland,Generalist
Helopsaltes pryeri,Wetland,Insessorial
Hemicircus canente,Forest,Insessorial
Hemicircus concretus,Forest,Insessorial
Hemicircus sordidus,Forest,Insessorial
Hemignathus affinis,Forest,Insessorial
Hemignathus flavus,Forest,Insessorial
Hemignathus hanapepe,Forest,Insessorial
Hemignathus kauaiensis,Forest,Insessorial
Hemignathus lucidus,Forest,Insessorial
Hemignathus munroi,Forest,Insessorial
Hemignathus parvus,Forest,Insessorial
Hemignathus virens,Forest,Insessorial
Hemignathus wilsoni,Forest,Insessorial
Hemimacronyx chloris,Grassland,Terrestrial
Hemimacronyx sharpei,Grassland,Terrestrial
Hemiphaga chathamensis,Forest,Insessorial
Hemiphaga novaeseelandiae,Forest,Insessorial
Hemiprocne comata,Forest,Insessorial
Hemiprocne coronata,Woodland,Aerial
Hemiprocne longipennis,Forest,Aerial
Hemiprocne mystacea,Woodland,Aerial
Hemipus hirundinaceus,Forest,Insessorial
Hemipus picatus,Shrubland,Insessorial
Hemispingus atropileus,Forest,Insessorial
Hemispingus auricularis,Forest,Insessorial
Hemispingus calophrys,Forest,Insessorial
Hemispingus frontalis,Forest,Insessorial
Hemispingus goeringi,Forest,Insessorial
Hemispingus melanotis,Forest,Insessorial
Hemispingus ochraceus,Forest,Insessorial
Hemispingus parodii,Forest,Insessorial
Hemispingus piurae,Forest,Insessorial
Hemispingus reyi,Shrubland,Insessorial
Hemispingus rufosuperciliaris,Forest,Insessorial
Hemispingus superciliaris,Forest,Insessorial
Hemispingus trifasciatus,Forest,Insessorial
Hemispingus verticalis,Forest,Insessorial
Hemispingus xanthophthalmus,Forest,Insessorial
Hemitesia neumanni,Forest,Terrestrial
Hemitesia pallidipes,Shrubland,Generalist
Hemithraupis flavicollis,Forest,Insessorial
Hemithraupis guira,Forest,Insessorial
Hemithraupis ruficapilla,Forest,Insessorial
Hemitriccus cinnamomeipectus,Forest,Insessorial
Hemitriccus cohnhafti,,Insessorial
Hemitriccus diops,Forest,Insessorial
Hemitriccus flammulatus,Forest,Insessorial
Hemitriccus furcatus,Forest,Insessorial
Hemitriccus granadensis,Forest,Insessorial
Hemitriccus griseipectus,Forest,Insessorial
Hemitriccus inornatus,Forest,Insessorial
Hemitriccus iohannis,Forest,Insessorial
Hemitriccus josephinae,Forest,Insessorial
Hemitriccus kaempferi,Forest,Insessorial
Hemitriccus margaritaceiventer,Woodland,Insessorial
Hemitriccus minimus,Shrubland,Insessorial
Hemitriccus minor,Forest,Insessorial
Hemitriccus mirandae,Forest,Insessorial
Hemitriccus nidipendulus,Forest,Insessorial
Hemitriccus obsoletus,Forest,Insessorial
Hemitriccus orbitatus,Forest,Insessorial
Hemitriccus rufigularis,Woodland,Insessorial
Hemitriccus spodiops,Forest,Insessorial
Hemitriccus striaticollis,Forest,Insessorial
Hemitriccus zosterops,Forest,Insessorial
Hemixos castanonotus,Forest,Insessorial
Hemixos cinereus,Forest,Insessorial
Hemixos connectens,Forest,Insessorial
Hemixos flavala,Forest,Insessorial
Hemixos leucogrammicus,Forest,Insessorial
Henicopernis infuscatus,Forest,Generalist
Henicopernis longicauda,Forest,Generalist
Henicophaps albifrons,Forest,Terrestrial
Henicophaps foersteri,Forest,Terrestrial
Henicorhina anachoreta,Forest,Generalist
Henicorhina leucophrys,Forest,Generalist
Henicorhina leucoptera,Forest,Insessorial
Henicorhina leucosticta,Forest,Generalist
Henicorhina negreti,Forest,Insessorial
Herpetotheres cachinnans,Forest,Insessorial
Herpsilochmus atricapillus,Forest,Insessorial
Herpsilochmus axillaris,Forest,Insessorial
Herpsilochmus dorsimaculatus,Forest,Insessorial
Herpsilochmus dugandi,Forest,Insessorial
Herpsilochmus frater,Forest,Insessorial
Herpsilochmus gentryi,Forest,Insessorial
Herpsilochmus longirostris,Forest,Insessorial
Herpsilochmus motacilloides,Forest,Insessorial
Herpsilochmus parkeri,Forest,Insessorial
Herpsilochmus pectoralis,Woodland,Insessorial
Herpsilochmus pileatus,Shrubland,Insessorial
Herpsilochmus praedictus,,Insessorial
Herpsilochmus roraimae,Forest,Insessorial
Herpsilochmus rufimarginatus,Forest,Insessorial
Herpsilochmus scapularis,Forest,Insessorial
Herpsilochmus sellowi,Woodland,Insessorial
Herpsilochmus stictocephalus,Forest,Insessorial
Herpsilochmus sticturus,Forest,Insessorial
Herpsilochmus stotzi,,Insessorial
Hesperiphona abeillei,Forest,Insessorial
Hesperiphona vespertina,Forest,Insessorial
Heterocercus aurantiivertex,Forest,Insessorial
Heterocercus flavivertex,Forest,Insessorial
Heterocercus linteatus,Forest,Insessorial
Heteroglaux blewitti,Woodland,Insessorial
Heteromirafra archeri,Shrubland,Terrestrial
Heteromirafra ruddi,Grassland,Terrestrial
Heteromirafra sidamoensis,Shrubland,Terrestrial
Heteromunia pectoralis,Grassland,Terrestrial
Heteromyias albispecularis,Forest,Insessorial
Heteromyias armiti,Forest,Insessorial
Heteromyias cinereifrons,Forest,Insessorial
Heteronetta atricapilla,Wetland,Aquatic
Heterophasia annectens,Forest,Insessorial
Heterophasia auricularis,Forest,Insessorial
Heterophasia capistrata,Forest,Insessorial
Heterophasia desgodinsi,Forest,Insessorial
Heterophasia gracilis,Forest,Insessorial
Heterophasia melanoleuca,Forest,Insessorial
Heterophasia picaoides,Forest,Insessorial
Heterophasia pulchella,Forest,Insessorial
Heteroscelus brevipes,Wetland,Terrestrial
Heteroscelus incanus,Wetland,Terrestrial
Heteroscenes pallidus,Forest,Insessorial
Heterospingus rubrifrons,Forest,Insessorial
Heterospingus xanthopygius,Forest,Insessorial
Heterotetrax humilis,Grassland,Terrestrial
Heterotetrax rueppelii,Desert,Terrestrial
Heterotetrax vigorsii,Shrubland,Terrestrial
Heteroxenicus stellatus,Forest,Terrestrial
Heteroxolmis dominicana,Grassland,Insessorial
Hieraaetus ayresii,Woodland,Aerial
Hieraaetus morphnoides,Forest,Generalist
Hieraaetus pennatus,Forest,Generalist
Hieraaetus spilogaster,Grassland,Generalist
Hieraaetus wahlbergi,Shrubland,Insessorial
Hieraaetus weiskei,Forest,Generalist
Hierococcyx bocki,Woodland,Insessorial
Hierococcyx fugax,Forest,Insessorial
Hierococcyx hyperythrus,Forest,Insessorial
Hierococcyx nisicolor,Forest,Insessorial
Hierococcyx pectoralis,Forest,Insessorial
Hierococcyx sparverioides,Woodland,Insessorial
Hierococcyx vagans,Forest,Insessorial
Hierococcyx varius,Woodland,Insessorial
Himalayapsitta cyanocephala,Forest,Insessorial
Himalayapsitta finschii,Forest,Insessorial
Himalayapsitta himalayana,Woodland,Insessorial
Himalayapsitta roseata,Forest,Insessorial
Himantopus himantopus,Wetland,Terrestrial
Himantopus leucocephalus,Wetland,Terrestrial
Himantopus mexicanus,Wetland,Terrestrial
Himantopus novaezelandiae,Wetland,Terrestrial
Himantornis haematopus,Forest,Terrestrial
Himatione sanguinea,Forest,Insessorial
Hippolais caligata,Shrubland,Insessorial
Hippolais icterina,Woodland,Insessorial
Hippolais languida,Shrubland,Insessorial
Hippolais olivetorum,Human Modified,Insessorial
Hippolais opaca,Shrubland,Insessorial
Hippolais pallida,Shrubland,Insessorial
Hippolais polyglotta,Woodland,Insessorial
Hippolais rama,Shrubland,Insessorial
Hirundapus caudacutus,Woodland,Aerial
Hirundapus celebensis,Forest,Aerial
Hirundapus cochinchinensis,Forest,Aerial
Hirundapus giganteus,Forest,Aerial
Hirundinea bellicosa,Rock,Insessorial
Hirundinea ferruginea,Rock,Insessorial
Hirundo abyssinica,Grassland,Aerial
Hirundo aethiopica,Grassland,Aerial
Hirundo albigularis,Grassland,Aerial
Hirundo angolensis,Grassland,Aerial
Hirundo ariel,Wetland,Aerial
Hirundo atrocaerulea,Grassland,Aerial
Hirundo concolor,Rock,Aerial
Hirundo cucullata,Grassland,Aerial
Hirundo daurica,Grassland,Aerial
Hirundo dimidiata,Grassland,Aerial
Hirundo domicola,Coastal,Aerial
Hirundo fluvicola,Shrubland,Aerial
Hirundo fuliginosa,Forest,Aerial
Hirundo fuligula,Rock,Aerial
Hirundo javanica,Coastal,Aerial
Hirundo leucosoma,Woodland,Aerial
Hirundo lucida,Human Modified,Aerial
Hirundo megaensis,Shrubland,Aerial
Hirundo neoxena,Wetland,Aerial
Hirundo nigricans,Shrubland,Aerial
Hirundo nigrita,Wetland,Aerial
Hirundo nigrorufa,Grassland,Aerial
Hirundo obsoleta,Rock,Aerial
Hirundo perdita,,Aerial
Hirundo preussi,Riverine,Aerial
Hirundo rufigula,Grassland,Aerial
Hirundo rupestris,Rock,Aerial
Hirundo rustica,Human Modified,Aerial
Hirundo semirufa,Grassland,Aerial
Hirundo senegalensis,Grassland,Aerial
Hirundo smithii,Shrubland,Aerial
Hirundo spilodera,Grassland,Aerial
Hirundo striolata,Grassland,Aerial
Hirundo tahitica,Coastal,Aerial
Histrionicus histrionicus,Marine,Aquatic
Histurgops ruficauda,Shrubland,Terrestrial
Histurgops ruficaudus,Shrubland,Terrestrial
Hodgsonius phaenicuroides,Forest,Generalist
Hoploxypterus cayanus,Riverine,Terrestrial
Horizocerus albocristatus,Forest,Insessorial
Horizocerus cassini,Forest,Insessorial
Horizocerus granti,Forest,Insessorial
Horizocerus hartlaubi,Forest,Insessorial
Horizorhinus dohrni,Forest,Insessorial
Horornis acanthizoides,Shrubland,Generalist
Horornis annae,Forest,Generalist
Horornis brunnescens,Shrubland,Generalist
Horornis canturians,Shrubland,Generalist
Horornis carolinae,Forest,Generalist
Horornis diphone,Shrubland,Generalist
Horornis flavolivaceus,Shrubland,Generalist
Horornis fortipes,Forest,Generalist
Horornis haddeni,Forest,Generalist
Horornis parens,Forest,Generalist
Horornis ruficapilla,Forest,Generalist
Horornis seebohmi,Forest,Generalist
Horornis vulcanius,Shrubland,Generalist
Houbaropsis bengalensis,Grassland,Terrestrial
Humblotia flavirostris,Forest,Insessorial
Hydrobates castro,Marine,Aerial
Hydrobates cheimomnestes,Marine,Aerial
Hydrobates furcatus,Marine,Aerial
Hydrobates homochroa,Marine,Aerial
Hydrobates hornbyi,Marine,Aerial
Hydrobates jabejabe,Marine,Aerial
Hydrobates leucorhous,Marine,Aerial
Hydrobates macrodactyla,Marine,Aerial
Hydrobates macrodactylus,Marine,Aerial
Hydrobates markhami,Marine,Aerial
Hydrobates matsudairae,Marine,Aerial
Hydrobates melania,Marine,Aerial
Hydrobates microsoma,Marine,Aerial
Hydrobates monorhis,Marine,Aerial
Hydrobates monteiroi,Marine,Aerial
Hydrobates pelagicus,Marine,Aerial
Hydrobates socorroensis,Marine,Aerial
Hydrobates tethys,Marine,Aerial
Hydrobates tristrami,Marine,Aerial
Hydrochous gigas,Riverine,Aerial
Hydrocoloeus minutus,Coastal,Generalist
Hydrophasianus chirurgus,Wetland,Terrestrial
Hydroprogne caspia,Wetland,Aerial
Hydropsalis cayennensis,Grassland,Generalist
Hydropsalis climacocerca,Shrubland,Generalist
Hydropsalis maculicaudus,Grassland,Insessorial
Hydropsalis torquata,Human Modified,Generalist
Hydrornis baudii,Forest,Terrestrial
Hydrornis caeruleus,Forest,Terrestrial
Hydrornis cyaneus,Forest,Terrestrial
Hydrornis elliotii,Forest,Terrestrial
Hydrornis guajanus,Forest,Terrestrial
Hydrornis gurneyi,Forest,Terrestrial
Hydrornis irena,Forest,Terrestrial
Hydrornis nipalensis,Forest,Terrestrial
Hydrornis oatesi,Forest,Terrestrial
Hydrornis phayrei,Forest,Terrestrial
Hydrornis schneideri,Forest,Terrestrial
Hydrornis schwaneri,Forest,Terrestrial
Hydrornis soror,Forest,Terrestrial
Hylacola cauta,Shrubland,Terrestrial
Hylacola pyrrhopygia,Shrubland,Terrestrial
Hylatomus fuscipennis,Forest,Insessorial
Hylatomus lineatus,Forest,Insessorial
Hylatomus pileatus,Forest,Insessorial
Hylatomus schulzii,Woodland,Insessorial
Hylexetastes brigidai,Forest,Insessorial
Hylexetastes perrotii,Forest,Insessorial
Hylexetastes stresemanni,Forest,Insessorial
Hylexetastes uniformis,Forest,Insessorial
Hylia prasina,Forest,Insessorial
Hyliota australis,Woodland,Insessorial
Hyliota flavigaster,Woodland,Insessorial
Hyliota usambara,Forest,Insessorial
Hyliota violacea,Forest,Insessorial
Hylocharis chrysura,Forest,Aerial
Hylocharis cyanus,Forest,Aerial
Hylocharis eliciae,Forest,Aerial
Hylocharis grayi,Shrubland,Aerial
Hylocharis humboldtii,Shrubland,Aerial
Hylocharis leucotis,Forest,Aerial
Hylocharis sapphirina,Forest,Aerial
Hylocharis xantusii,Shrubland,Aerial
Hylocichla mustelina,Forest,Generalist
Hylocitrea bonensis,Forest,Insessorial
Hylocitrea bonthaina,Forest,Insessorial
Hylocryptus erythrocephalus,Woodland,Terrestrial
Hylocryptus rectirostris,Forest,Terrestrial
Hyloctistes subulatus,Forest,Insessorial
Hyloctistes virgatus,Forest,Insessorial
Hylomanes momotula,Forest,Insessorial
Hylonympha macrocerca,Forest,Aerial
Hylopezus auricularis,Forest,Terrestrial
Hylopezus berlepschi,Forest,Terrestrial
Hylopezus dives,Forest,Terrestrial
Hylopezus fulviventris,Forest,Terrestrial
Hylopezus macularius,Forest,Terrestrial
Hylopezus nattereri,Forest,Terrestrial
Hylopezus ochroleucus,Forest,Terrestrial
Hylopezus paraensis,Forest,Terrestrial
Hylopezus perspicillatus,Forest,Terrestrial
Hylopezus whittakeri,Forest,Terrestrial
Hylophilus amaurocephalus,Shrubland,Insessorial
Hylophilus aurantiifrons,Woodland,Insessorial
Hylophilus brunneiceps,Shrubland,Insessorial
Hylophilus decurtatus,Forest,Insessorial
Hylophilus flavipes,Shrubland,Insessorial
Hylophilus griseiventris,Forest,Insessorial
Hylophilus hypoxanthus,Forest,Insessorial
Hylophilus insularis,Shrubland,Insessorial
Hylophilus muscicapinus,Forest,Insessorial
Hylophilus ochraceiceps,Forest,Insessorial
Hylophilus olivaceus,Forest,Insessorial
Hylophilus pectoralis,Forest,Insessorial
Hylophilus poicilotis,Forest,Insessorial
Hylophilus sclateri,Forest,Insessorial
Hylophilus semibrunneus,Forest,Insessorial
Hylophilus semicinereus,Human Modified,Insessorial
Hylophilus thoracicus,Forest,Insessorial
Hylophilus viridiflavus,Shrubland,Insessorial
Hylophylax naevioides,Forest,Insessorial
Hylophylax naevius,Forest,Insessorial
Hylophylax punctulatus,Forest,Insessorial
Hylopsar cupreocauda,Forest,Insessorial
Hylopsar purpureiceps,Forest,Insessorial
Hylorchilus navai,Forest,Generalist
Hylorchilus sumichrasti,Forest,Generalist
Hymenolaimus malacorhynchos,Riverine,Aquatic
Hymenops perspicillatus,Wetland,Terrestrial
Hypargos margaritatus,Shrubland,Terrestrial
Hypargos niveoguttatus,Shrubland,Terrestrial
Hypergerus atriceps,Forest,Insessorial
Hypnelus bicinctus,Forest,Insessorial
Hypnelus ruficollis,Forest,Insessorial
Hypocharmosyna placentis,Forest,Insessorial
Hypocharmosyna rubronotata,Forest,Insessorial
Hypocnemis cantator,Forest,Insessorial
Hypocnemis flavescens,Forest,Insessorial
Hypocnemis hypoxantha,Forest,Insessorial
Hypocnemis ochrogyna,Forest,Insessorial
Hypocnemis peruviana,Forest,Insessorial
Hypocnemis rondoni,Forest,Insessorial
Hypocnemis striata,Forest,Insessorial
Hypocnemis subflava,Forest,Insessorial
Hypocnemoides maculicauda,Forest,Insessorial
Hypocnemoides melanopogon,Forest,Insessorial
Hypocolius ampelinus,Woodland,Insessorial
Hypocryptadius cinnamomeus,Forest,Insessorial
Hypoedaleus guttatus,Forest,Insessorial
Hypogramma hypogrammicum,Forest,Insessorial
Hypopyrrhus pyrohypogaster,Forest,Insessorial
Hypositta corallirostris,Forest,Insessorial
Hypositta perdita,,Generalist
Hypotaenidia immaculata,Forest,Terrestrial
Hypotaenidia insignis,Forest,Terrestrial
Hypotaenidia okinawae,Forest,Terrestrial
Hypotaenidia owstoni,Forest,Terrestrial
Hypotaenidia philippensis,Wetland,Terrestrial
Hypotaenidia rovianae,Shrubland,Terrestrial
Hypotaenidia sylvestris,Forest,Terrestrial
Hypotaenidia tertia,Forest,Terrestrial
Hypotaenidia torquata,Grassland,Terrestrial
Hypotaenidia woodfordi,Forest,Terrestrial
Hypothymis azurea,Forest,Insessorial
Hypothymis coelestis,Forest,Insessorial
Hypothymis helenae,Forest,Insessorial
Hypothymis puella,Forest,Insessorial
Hypsipetes affinis,Forest,Insessorial
Hypsipetes amaurotis,Forest,Insessorial
Hypsipetes aureus,Forest,Insessorial
Hypsipetes borbonicus,Forest,Insessorial
Hypsipetes catarmanensis,Forest,Insessorial
Hypsipetes chloris,Forest,Insessorial
Hypsipetes crassirostris,Woodland,Insessorial
Hypsipetes everetti,Forest,Insessorial
Hypsipetes ganeesa,Forest,Insessorial
Hypsipetes guimarasensis,Forest,Insessorial
Hypsipetes harterti,Forest,Insessorial
Hypsipetes haynaldi,Forest,Insessorial
Hypsipetes leucocephalus,Forest,Insessorial
Hypsipetes longirostris,Forest,Insessorial
Hypsipetes lucasi,Forest,Insessorial
Hypsipetes madagascariensis,Forest,Insessorial
Hypsipetes mcclellandii,Woodland,Insessorial
Hypsipetes mindorensis,Forest,Insessorial
Hypsipetes moheliensis,Forest,Insessorial
Hypsipetes mysticalis,Forest,Insessorial
Hypsipetes nicobariensis,Forest,Insessorial
Hypsipetes olivaceus,Forest,Insessorial
Hypsipetes parvirostris,Forest,Insessorial
Hypsipetes philippinus,Forest,Insessorial
Hypsipetes platenae,Forest,Insessorial
Hypsipetes rufigularis,Forest,Insessorial
Hypsipetes siquijorensis,Forest,Insessorial
Hypsipetes thompsoni,Forest,Insessorial
Hypsipetes virescens,Forest,Insessorial
Ianthocincla bieti,Forest,Generalist
Ianthocincla cineracea,Forest,Terrestrial
Ianthocincla konkakinhensis,Forest,Insessorial
Ianthocincla lunulata,Forest,Terrestrial
Ianthocincla maxima,Forest,Terrestrial
Ianthocincla ocellata,Forest,Insessorial
Ianthocincla rufogularis,Forest,Insessorial
Ianthocincla sukatschewi,Forest,Insessorial
Ibidorhyncha struthersii,Riverine,Terrestrial
Ibycter americanus,Forest,Insessorial
Ichthyaetus audouinii,Marine,Aerial
Ichthyaetus hemprichii,Marine,Terrestrial
Ichthyaetus ichthyaetus,Coastal,Generalist
Ichthyaetus leucophthalmus,Coastal,Generalist
Ichthyaetus melanocephalus,Coastal,Generalist
Ichthyaetus relictus,Wetland,Aerial
Ichthyophaga humilis,Wetland,Insessorial
Ichthyophaga ichthyaetus,Woodland,Insessorial
Icteria virens,Forest,Insessorial
Icterus abeillei,Forest,Insessorial
Icterus auratus,Woodland,Insessorial
Icterus auricapillus,Woodland,Insessorial
Icterus bonana,Forest,Insessorial
Icterus bullockii,Forest,Insessorial
Icterus bullockiorum,Forest,Insessorial
Icterus cayanensis,Forest,Insessorial
Icterus chrysater,Woodland,Insessorial
Icterus chrysocephalus,Forest,Insessorial
Icterus croconotus,Woodland,Insessorial
Icterus cucullatus,Woodland,Insessorial
Icterus dominicensis,Forest,Insessorial
Icterus fuertesi,Forest,Insessorial
Icterus galbula,Forest,Insessorial
Icterus graceannae,Woodland,Insessorial
Icterus graduacauda,Forest,Insessorial
Icterus gularis,Woodland,Insessorial
Icterus icterus,Forest,Insessorial
Icterus jamacaii,Shrubland,Insessorial
Icterus laudabilis,Forest,Insessorial
Icterus leucopteryx,Human Modified,Insessorial
Icterus maculialatus,Forest,Insessorial
Icterus melanopsis,Forest,Insessorial
Icterus mesomelas,Woodland,Insessorial
Icterus nigrogularis,Woodland,Insessorial
Icterus northropi,Forest,Insessorial
Icterus oberi,Forest,Insessorial
Icterus parisorum,Shrubland,Insessorial
Icterus pectoralis,Woodland,Insessorial
Icterus portoricensis,Forest,Insessorial
Icterus prosthemelas,Forest,Insessorial
Icterus pustulatus,Woodland,Insessorial
Icterus pyrrhopterus,Forest,Insessorial
Icterus spurius,Forest,Insessorial
Icterus wagleri,Forest,Insessorial
Icthyophaga humilis,Wetland,Insessorial
Icthyophaga ichthyaetus,Woodland,Insessorial
Ictinaetus malaiensis,Forest,Aerial
Ictinaetus malayensis,Forest,Aerial
Ictinia mississippiensis,Woodland,Generalist
Ictinia plumbea,Forest,Generalist
Idiopsar brachyurus,Grassland,Terrestrial
Idiopsar dorsalis,Grassland,Terrestrial
Idiopsar erythronotus,Grassland,Terrestrial
Idiopsar speculifer,Grassland,Terrestrial
Iduna caligata,Shrubland,Insessorial
Iduna natalensis,Shrubland,Insessorial
Iduna opaca,Shrubland,Insessorial
Iduna pallida,Shrubland,Insessorial
Iduna rama,Shrubland,Insessorial
Iduna similis,Forest,Insessorial
Ifrita kowaldi,Forest,Insessorial
Ilicura militaris,Forest,Insessorial
Illadopsis albipectus,Forest,Terrestrial
Illadopsis cleaveri,Forest,Terrestrial
Illadopsis distans,Forest,Generalist
Illadopsis fulvescens,Forest,Insessorial
Illadopsis puveli,Forest,Terrestrial
Illadopsis pyrrhoptera,Forest,Generalist
Illadopsis rufescens,Forest,Generalist
Illadopsis rufipennis,Forest,Generalist
Illadopsis turdina,Forest,Generalist
Incana incana,Shrubland,Generalist
Incaspiza laeta,Shrubland,Generalist
Incaspiza ortizi,Shrubland,Generalist
Incaspiza personata,Shrubland,Terrestrial
Incaspiza pulchra,Shrubland,Terrestrial
Incaspiza watkinsi,Shrubland,Terrestrial
Indicator archipelagicus,Forest,Insessorial
Indicator conirostris,Woodland,Insessorial
Indicator exilis,Forest,Insessorial
Indicator indicator,Shrubland,Insessorial
Indicator maculatus,Forest,Insessorial
Indicator meliphilus,Woodland,Insessorial
Indicator minor,Woodland,Insessorial
Indicator pumilio,Forest,Insessorial
Indicator variegatus,Woodland,Insessorial
Indicator willcocksi,Forest,Insessorial
Indicator xanthonotus,Wetland,Insessorial
Inezia caudata,Forest,Insessorial
Inezia inornata,Woodland,Insessorial
Inezia subflava,Forest,Insessorial
Inezia tenuirostris,Woodland,Insessorial
Iodopleura fusca,Forest,Insessorial
Iodopleura isabellae,Forest,Insessorial
Iodopleura pipra,Forest,Insessorial
Iole cacharensis,Forest,Insessorial
Iole charlottae,Forest,Insessorial
Iole crypta,Forest,Insessorial
Iole finschii,Forest,Insessorial
Iole indica,Forest,Insessorial
Iole olivacea,Forest,Insessorial
Iole palawanensis,Forest,Insessorial
Iole propinqua,Forest,Insessorial
Iole virescens,Forest,Insessorial
Iole viridescens,Forest,Insessorial
Irania gutturalis,Shrubland,Insessorial
Irediparra gallinacea,Wetland,Terrestrial
Irena cyanogastra,Forest,Insessorial
Irena puella,Forest,Insessorial
Irena tweeddalii,Forest,Insessorial
Iridophanes pulcherrimus,Forest,Insessorial
Iridosornis analis,Forest,Insessorial
Iridosornis jelskii,Forest,Insessorial
Iridosornis porphyrocephalus,Forest,Insessorial
Iridosornis reinhardti,Forest,Insessorial
Iridosornis rufivertex,Forest,Insessorial
Isleria guttata,Forest,Insessorial
Isleria hauxwelli,Forest,Insessorial
Islerothraupis cristata,Forest,Insessorial
Islerothraupis luctuosa,Forest,Insessorial
Islerothraupis rufiventer,Forest,Insessorial
Ispidina lecontei,Forest,Insessorial
Ispidina picta,Forest,Insessorial
Ithaginis cruentus,Shrubland,Terrestrial
Ixidia cyaniventris,Forest,Insessorial
Ixidia erythropthalmos,Forest,Insessorial
Ixidia squamata,Forest,Insessorial
Ixobrychus cinnamomeus,Human Modified,Terrestrial
Ixobrychus dubius,Wetland,Terrestrial
Ixobrychus eurhythmus,Wetland,Terrestrial
Ixobrychus exilis,Wetland,Terrestrial
Ixobrychus flavicollis,Wetland,Terrestrial
Ixobrychus involucris,Wetland,Terrestrial
Ixobrychus minutus,Wetland,Terrestrial
Ixobrychus sinensis,Wetland,Terrestrial
Ixobrychus sturmii,Wetland,Terrestrial
Ixonotus guttatus,Forest,Insessorial
Ixoreus naevius,Forest,Generalist
Ixos amaurotis,Forest,Insessorial
Ixos everetti,Forest,Insessorial
Ixos malaccensis,Forest,Insessorial
Ixos mcclellandii,Woodland,Insessorial
Ixos nicobariensis,Forest,Insessorial
Ixos palawanensis,Forest,Insessorial
Ixos philippinus,Forest,Insessorial
Ixos rufigularis,Forest,Insessorial
Ixos siquijorensis,Forest,Insessorial
Ixos sumatranus,Forest,Insessorial
Ixos virescens,Forest,Insessorial
Ixothraupis guttata,Forest,Insessorial
Ixothraupis punctata,Forest,Insessorial
Ixothraupis rufigula,Forest,Insessorial
Ixothraupis varia,Forest,Insessorial
Ixothraupis xanthogastra,Forest,Insessorial
Jabiru mycteria,Grassland,Terrestrial
Jabouilleia danjoui,Forest,Terrestrial
Jacamaralcyon tridactyla,Forest,Insessorial
Jacamerops aureus,Forest,Insessorial
Jacana jacana,Wetland,Terrestrial
Jacana spinosa,Wetland,Terrestrial
Jubula lettii,Forest,Insessorial
Junco bairdi,Forest,Generalist
Junco hyemalis,Forest,Generalist
Junco insularis,Woodland,Generalist
Junco phaeonotus,Forest,Generalist
Junco vulcani,Shrubland,Generalist
Jynx ruficollis,Woodland,Insessorial
Jynx torquilla,Woodland,Terrestrial
Kakamega poliothorax,Forest,Terrestrial
Kaupifalco monogrammicus,Woodland,Insessorial
Kempiella flavovirescens,Forest,Insessorial
Kempiella griseoceps,Forest,Insessorial
Kenopia striata,Forest,Terrestrial
Ketupa blakistoni,Riverine,Insessorial
Ketupa flavipes,Riverine,Insessorial
Ketupa ketupu,Riverine,Insessorial
Ketupa zeylonensis,Riverine,Insessorial
Kittacincla albiventris,Forest,Insessorial
Kittacincla cebuensis,Forest,Generalist
Kittacincla luzoniensis,Forest,Generalist
Kittacincla malabarica,Forest,Insessorial
Kittacincla nigra,Forest,Generalist
Kittacincla superciliaris,Forest,Generalist
Klais guimeti,Forest,Aerial
Kleinothraupis atropileus,Forest,Insessorial
Kleinothraupis auricularis,Forest,Insessorial
Kleinothraupis calophrys,Forest,Insessorial
Kleinothraupis parodii,Forest,Insessorial
Kleinothraupis reyi,Shrubland,Insessorial
Knipolegus aterrimus,Shrubland,Insessorial
Knipolegus cabanisi,Forest,Insessorial
Knipolegus cyanirostris,Forest,Insessorial
Knipolegus franciscanus,Woodland,Insessorial
Knipolegus heterogyna,Shrubland,Insessorial
Knipolegus hudsoni,Shrubland,Insessorial
Knipolegus lophotes,Shrubland,Insessorial
Knipolegus nigerrimus,Forest,Insessorial
Knipolegus orenocensis,Shrubland,Insessorial
Knipolegus poecilocercus,Forest,Insessorial
Knipolegus poecilurus,Forest,Insessorial
Knipolegus sclateri,Shrubland,Insessorial
Knipolegus signatus,Forest,Insessorial
Knipolegus striaticeps,Shrubland,Insessorial
Kupeornis chapini,Forest,Insessorial
Kupeornis gilberti,Forest,Insessorial
Kupeornis rufocinctus,Forest,Insessorial
Kurochkinegramma hypogrammica,Forest,Insessorial
Kurochkinegramma hypogrammicum,Forest,Insessorial
Lacedo melanops,Forest,Insessorial
Lacedo pulchella,Forest,Insessorial
Lafresnaya lafresnayi,Forest,Aerial
Lagonosticta landanae,Woodland,Terrestrial
Lagonosticta larvata,Shrubland,Terrestrial
Lagonosticta nigricollis,Shrubland,Terrestrial
Lagonosticta nitidula,Shrubland,Terrestrial
Lagonosticta rara,Grassland,Terrestrial
Lagonosticta rhodopareia,Shrubland,Terrestrial
Lagonosticta rubricata,Woodland,Terrestrial
Lagonosticta rufopicta,Grassland,Terrestrial
Lagonosticta sanguinodorsalis,Rock,Terrestrial
Lagonosticta senegala,Woodland,Terrestrial
Lagonosticta umbrinodorsalis,Rock,Terrestrial
Lagonosticta vinacea,Shrubland,Terrestrial
Lagonosticta virata,Shrubland,Terrestrial
Lagopus lagopus,Grassland,Terrestrial
Lagopus leucura,Grassland,Terrestrial
Lagopus muta,Grassland,Terrestrial
Lalage atrovirens,Forest,Insessorial
Lalage aurea,Forest,Insessorial
Lalage conjuncta,Forest,Insessorial
Lalage fimbriata,Forest,Insessorial
Lalage leucomela,Forest,Insessorial
Lalage leucoptera,Forest,Insessorial
Lalage leucopyga,Forest,Insessorial
Lalage leucopygialis,Woodland,Insessorial
Lalage maculosa,Shrubland,Insessorial
Lalage melanoleuca,Forest,Insessorial
Lalage melanoptera,Forest,Insessorial
Lalage melaschistos,Forest,Insessorial
Lalage minor,Forest,Insessorial
Lalage moesta,Forest,Insessorial
Lalage newtoni,Forest,Insessorial
Lalage nigra,Shrubland,Insessorial
Lalage polioptera,Forest,Insessorial
Lalage sharpei,Forest,Insessorial
Lalage sueurii,Shrubland,Generalist
Lalage tricolor,Woodland,Insessorial
Lalage typica,Forest,Insessorial
Lampornis amethystinus,Forest,Aerial
Lampornis calolaemus,Forest,Aerial
Lampornis castaneoventris,Forest,Aerial
Lampornis cinereicauda,Forest,Aerial
Lampornis clemenciae,Forest,Aerial
Lampornis hemileucus,Forest,Aerial
Lampornis sybillae,Forest,Aerial
Lampornis viridipallens,Forest,Aerial
Lamprolaima rhami,Forest,Aerial
Lamprolia klinesmithi,Forest,Generalist
Lamprolia victoriae,Forest,Generalist
Lampropsar tanagrinus,Forest,Insessorial
Lamprospiza melanoleuca,Forest,Insessorial
Lamprotornis acuticaudus,Woodland,Insessorial
Lamprotornis albicapillus,Shrubland,Generalist
Lamprotornis australis,Woodland,Generalist
Lamprotornis benguelensis,Grassland,Terrestrial
Lamprotornis bicolor,Grassland,Generalist
Lamprotornis caudatus,Woodland,Insessorial
Lamprotornis chalcurus,Shrubland,Generalist
Lamprotornis chalybaeus,Shrubland,Generalist
Lamprotornis chloropterus,Woodland,Insessorial
Lamprotornis corruscus,Woodland,Insessorial
Lamprotornis cupreocauda,Forest,Insessorial
Lamprotornis elisabeth,Woodland,Insessorial
Lamprotornis fischeri,Shrubland,Terrestrial
Lamprotornis hildebrandti,Woodland,Terrestrial
Lamprotornis iris,Woodland,Insessorial
Lamprotornis mevesii,Grassland,Terrestrial
Lamprotornis nitens,Grassland,Insessorial
Lamprotornis ornatus,Forest,Insessorial
Lamprotornis pulcher,Shrubland,Terrestrial
Lamprotornis purpureiceps,Forest,Insessorial
Lamprotornis purpureus,Shrubland,Insessorial
Lamprotornis purpuroptera,Shrubland,Terrestrial
Lamprotornis regius,Shrubland,Generalist
Lamprotornis shelleyi,Shrubland,Insessorial
Lamprotornis splendidus,Forest,Insessorial
Lamprotornis superbus,Shrubland,Terrestrial
Lamprotornis unicolor,Woodland,Terrestrial
Lamprotornis violacior,Grassland,Terrestrial
Laniarius aethiopicus,Woodland,Insessorial
Laniarius amboimensis,Forest,Insessorial
Laniarius atrococcineus,Woodland,Insessorial
Laniarius atroflavus,Forest,Insessorial
Laniarius barbarus,Woodland,Generalist
Laniarius bicolor,Shrubland,Insessorial
Laniarius brauni,Forest,Insessorial
Laniarius erythrogaster,Shrubland,Insessorial
Laniarius ferrugineus,Woodland,Insessorial
Laniarius fuelleborni,Forest,Insessorial
Laniarius funebris,Shrubland,Generalist
Laniarius holomelas,Forest,Insessorial
Laniarius leucorhynchus,Shrubland,Insessorial
Laniarius luehderi,Forest,Insessorial
Laniarius major,Woodland,Insessorial
Laniarius mufumbiri,Wetland,Insessorial
Laniarius nigerrimus,Woodland,Insessorial
Laniarius poensis,Forest,Insessorial
Laniarius ruficeps,Shrubland,Generalist
Laniarius sublacteus,Woodland,Insessorial
Laniarius turatii,Woodland,Generalist
Laniarius willardi,Forest,Insessorial
Laniellus albonotatus,Forest,Insessorial
Laniellus langbianis,Forest,Insessorial
Laniisoma buckleyi,Forest,Insessorial
Laniisoma elegans,Forest,Insessorial
Lanio aurantius,Forest,Insessorial
Lanio fulvus,Forest,Insessorial
Lanio leucothorax,Forest,Insessorial
Lanio versicolor,Forest,Insessorial
Laniocera hypopyrra,Forest,Insessorial
Laniocera rufescens,Forest,Insessorial
Lanioturdus torquatus,Woodland,Generalist
Lanius borealis,Shrubland,Insessorial
Lanius bucephalus,Shrubland,Insessorial
Lanius cabanisi,Shrubland,Insessorial
Lanius collaris,Grassland,Insessorial
Lanius collurio,Woodland,Insessorial
Lanius collurioides,Shrubland,Insessorial
Lanius corvinus,Shrubland,Insessorial
Lanius cristatus,Shrubland,Insessorial
Lanius dorsalis,Shrubland,Insessorial
Lanius excubitor,Shrubland,Insessorial
Lanius excubitoroides,Shrubland,Insessorial
Lanius giganteus,Grassland,Insessorial
Lanius gubernator,Shrubland,Insessorial
Lanius humeralis,Grassland,Insessorial
Lanius isabellinus,Shrubland,Insessorial
Lanius ludovicianus,Shrubland,Insessorial
Lanius mackinnoni,Woodland,Insessorial
Lanius marwitzi,Grassland,Insessorial
Lanius melanoleucus,Woodland,Insessorial
Lanius meridionalis,Shrubland,Insessorial
Lanius minor,Grassland,Insessorial
Lanius newtoni,Forest,Insessorial
Lanius nubicus,Woodland,Insessorial
Lanius phoenicuroides,Shrubland,Insessorial
Lanius schach,Shrubland,Insessorial
Lanius senator,Shrubland,Insessorial
Lanius somalicus,Desert,Insessorial
Lanius souzae,Woodland,Insessorial
Lanius sphenocercus,Grassland,Insessorial
Lanius tephronotus,Grassland,Insessorial
Lanius tigrinus,Woodland,Insessorial
Lanius validirostris,Forest,Insessorial
Lanius vittatus,Shrubland,Insessorial
Larosterna inca,Marine,Aerial
Larus argentatus,Coastal,Generalist
Larus armenicus,Wetland,Generalist
Larus atlanticus,Coastal,Aerial
Larus atricilla,Marine,Aerial
Larus audouinii,Marine,Aerial
Larus belcheri,Marine,Generalist
Larus brachyrhynchus,Coastal,Terrestrial
Larus brunnicephalus,Wetland,Generalist
Larus bulleri,Riverine,Generalist
Larus cachinnans,Coastal,Generalist
Larus californicus,Coastal,Terrestrial
Larus canus,Coastal,Terrestrial
Larus cirrocephalus,Wetland,Aerial
Larus crassirostris,Coastal,Aerial
Larus delawarensis,Coastal,Terrestrial
Larus dominicanus,Marine,Generalist
Larus fuliginosus,Coastal,Aerial
Larus fuscus,Coastal,Generalist
Larus genei,Coastal,Generalist
Larus glaucescens,Coastal,Generalist
Larus glaucoides,Coastal,Generalist
Larus hartlaubii,Coastal,Generalist
Larus heermanni,Coastal,Aerial
Larus hemprichii,Marine,Terrestrial
Larus hyperboreus,Coastal,Generalist
Larus ichthyaetus,Coastal,Generalist
Larus leucophthalmus,Coastal,Generalist
Larus livens,Marine,Generalist
Larus maculipennis,Wetland,Generalist
Larus marinus,Coastal,Terrestrial
Larus melanocephalus,Coastal,Generalist
Larus michahellis,Coastal,Generalist
Larus minutus,Coastal,Generalist
Larus modestus,Marine,Generalist
Larus novaehollandiae,Coastal,Generalist
Larus occidentalis,Marine,Generalist
Larus pacificus,Coastal,Generalist
Larus philadelphia,Wetland,Aerial
Larus pipixcan,Coastal,Generalist
Larus relictus,Wetland,Aerial
Larus ridibundus,Wetland,Generalist
Larus saundersi,Coastal,Generalist
Larus schistisagus,Coastal,Generalist
Larus scopulinus,Coastal,Generalist
Larus scoresbii,Marine,Terrestrial
Larus serranus,Wetland,Generalist
Larus smithsonianus,Coastal,Generalist
Larus thayeri,Coastal,Generalist
Larvivora akahige,Forest,Terrestrial
Larvivora brunnea,Shrubland,Terrestrial
Larvivora cyane,Forest,Generalist
Larvivora komadori,Forest,Terrestrial
Larvivora namiyei,Forest,Terrestrial
Larvivora ruficeps,Forest,Terrestrial
Larvivora sibilans,Forest,Terrestrial
Larvivora tanensis,Forest,Terrestrial
Laterallus albigularis,Wetland,Terrestrial
Laterallus exilis,Wetland,Terrestrial
Laterallus flaviventer,Wetland,Terrestrial
Laterallus jamaicensis,Wetland,Terrestrial
Laterallus leucopyrrhus,Wetland,Terrestrial
Laterallus levraudi,Wetland,Terrestrial
Laterallus melanophaius,Wetland,Terrestrial
Laterallus rogersi,Grassland,Terrestrial
Laterallus ruber,Wetland,Terrestrial
Laterallus spilonota,Forest,Terrestrial
Laterallus spilonotus,Forest,Terrestrial
Laterallus spilopterus,Wetland,Terrestrial
Laterallus tuerosi,Wetland,Terrestrial
Laterallus xenopterus,Grassland,Terrestrial
Lathamus discolor,Forest,Insessorial
Lathrotriccus euleri,Forest,Insessorial
Lathrotriccus griseipectus,Forest,Insessorial
Laticilla burnesii,Grassland,Generalist
Laticilla cinerascens,Grassland,Generalist
Latoucheornis siemsseni,Shrubland,Terrestrial
Legatus leucophaius,Forest,Insessorial
Leiopicus auriceps,Forest,Insessorial
Leiopicus mahrattensis,Woodland,Insessorial
Leiopicus medius,Woodland,Insessorial
Leioptila annectens,Forest,Insessorial
Leiothlypis celata,Shrubland,Insessorial
Leiothlypis crissalis,Forest,Insessorial
Leiothlypis luciae,Forest,Insessorial
Leiothlypis peregrina,Forest,Insessorial
Leiothlypis ruficapilla,Forest,Insessorial
Leiothlypis virginiae,Shrubland,Insessorial
Leiothrix argentauris,Forest,Insessorial
Leiothrix laurinae,Forest,Insessorial
Leiothrix lutea,Shrubland,Insessorial
Leipoa ocellata,Shrubland,Terrestrial
Leistes bellicosus,Grassland,Terrestrial
Leistes defilippii,Grassland,Terrestrial
Leistes loyca,Grassland,Terrestrial
Leistes militaris,Grassland,Terrestrial
Leistes superciliaris,Grassland,Terrestrial
Leonardina woodi,Forest,Generalist
Lepidocolaptes affinis,Forest,Insessorial
Lepidocolaptes albolineatus,Forest,Insessorial
Lepidocolaptes angustirostris,Woodland,Insessorial
Lepidocolaptes duidae,Forest,Insessorial
Lepidocolaptes falcinellus,Forest,Insessorial
Lepidocolaptes fatimalimae,Forest,Insessorial
Lepidocolaptes fuscicapillus,Forest,Insessorial
Lepidocolaptes lacrymiger,Forest,Insessorial
Lepidocolaptes leucogaster,Forest,Insessorial
Lepidocolaptes neglectus,Forest,Insessorial
Lepidocolaptes souleyetii,Woodland,Insessorial
Lepidocolaptes squamatus,Forest,Insessorial
Lepidogrammus cumingi,Forest,Insessorial
Lepidopyga coeruleogularis,Shrubland,Aerial
Lepidopyga goudoti,Shrubland,Aerial
Lepidopyga lilliae,Forest,Aerial
Lepidopygia nana,Woodland,Generalist
Lepidothrix coeruleocapilla,Forest,Insessorial
Lepidothrix coronata,Forest,Insessorial
Lepidothrix iris,Forest,Insessorial
Lepidothrix isidorei,Forest,Insessorial
Lepidothrix nattereri,Forest,Insessorial
Lepidothrix serena,Forest,Insessorial
Lepidothrix suavissima,Forest,Insessorial
Lepidothrix vilasboasi,Forest,Insessorial
Leptasthenura aegithaloides,Shrubland,Insessorial
Leptasthenura andicola,Shrubland,Insessorial
Leptasthenura berlepschi,Shrubland,Insessorial
Leptasthenura fuliginiceps,Shrubland,Insessorial
Leptasthenura pallida,Shrubland,Insessorial
Leptasthenura pileata,Shrubland,Insessorial
Leptasthenura platensis,Forest,Insessorial
Leptasthenura setaria,Forest,Insessorial
Leptasthenura striata,Shrubland,Insessorial
Leptasthenura striolata,Forest,Insessorial
Leptasthenura xenothorax,Forest,Insessorial
Leptasthenura yanacensis,Forest,Insessorial
Leptocoma aspasia,Forest,Insessorial
Leptocoma brasiliana,Forest,Insessorial
Leptocoma calcostetha,Woodland,Insessorial
Leptocoma juliae,Forest,Insessorial
Leptocoma minima,Forest,Insessorial
Leptocoma sperata,Forest,Insessorial
Leptocoma zeylonica,Forest,Insessorial
Leptodon cayanensis,Forest,Insessorial
Leptodon forbesi,Forest,Insessorial
Leptopoecile elegans,Forest,Insessorial
Leptopoecile sophiae,Forest,Insessorial
Leptopogon albidiventer,Forest,Insessorial
Leptopogon amaurocephalus,Forest,Insessorial
Leptopogon rufipectus,Forest,Insessorial
Leptopogon superciliaris,Forest,Insessorial
Leptopogon taczanowskii,Forest,Insessorial
Leptopterus chabert,Forest,Insessorial
Leptoptilos crumenifer,Grassland,Terrestrial
Leptoptilos crumeniferus,Grassland,Terrestrial
Leptoptilos dubius,Wetland,Terrestrial
Leptoptilos javanicus,Wetland,Terrestrial
Leptosittaca branickii,Forest,Insessorial
Leptosomus discolor,Forest,Insessorial
Leptotila battyi,Forest,Terrestrial
Leptotila cassini,Forest,Terrestrial
Leptotila cassinii,Forest,Terrestrial
Leptotila conoveri,Forest,Terrestrial
Leptotila jamaicensis,Shrubland,Terrestrial
Leptotila megalura,Forest,Terrestrial
Leptotila ochraceiventris,Forest,Generalist
Leptotila pallida,Forest,Terrestrial
Leptotila plumbeiceps,Forest,Terrestrial
Leptotila rufaxilla,Forest,Terrestrial
Leptotila verreauxi,Shrubland,Terrestrial
Leptotila wellsi,Woodland,Terrestrial
Leptotrygon veraguensis,Forest,Insessorial
Lerwa lerwa,Grassland,Terrestrial
Lesbia nuna,Shrubland,Aerial
Lesbia victoriae,Shrubland,Aerial
Lessonia oreas,Wetland,Generalist
Lessonia rufa,Wetland,Terrestrial
Leucippus baeri,Shrubland,Aerial
Leucippus chlorocercus,Shrubland,Aerial
Leucippus fallax,Shrubland,Aerial
Leucippus taczanowskii,Shrubland,Aerial
Leucocarbo atriceps,Marine,Aquatic
Leucocarbo bougainvillii,Marine,Aquatic
Leucocarbo bougainvilliorum,Marine,Aquatic
Leucocarbo bransfieldensis,Marine,Aquatic
Leucocarbo campbelli,Marine,Aquatic
Leucocarbo carunculatus,Marine,Aquatic
Leucocarbo chalconotus,Marine,Aquatic
Leucocarbo colensoi,Marine,Aquatic
Leucocarbo georgianus,Marine,Aquatic
Leucocarbo magellanicus,Marine,Aquatic
Leucocarbo melanogenis,Marine,Aquatic
Leucocarbo nivalis,Marine,Aquatic
Leucocarbo onslowi,Marine,Aquatic
Leucocarbo purpurascens,Marine,Aquatic
Leucocarbo ranfurlyi,Marine,Aquatic
Leucocarbo verrucosus,Marine,Aquatic
Leucochloris albicollis,Forest,Aerial
Leucogeranus leucogeranus,Wetland,Terrestrial
Leucolia violiceps,Shrubland,Aerial
Leucolia viridifrons,Woodland,Aerial
Leuconotopicus albolarvatus,Forest,Insessorial
Leuconotopicus arizonae,Forest,Insessorial
Leuconotopicus borealis,Forest,Insessorial
Leuconotopicus fumigatus,Forest,Insessorial
Leuconotopicus stricklandi,Forest,Insessorial
Leuconotopicus villosus,Forest,Insessorial
Leucopeza semperi,,Terrestrial
Leucophaeus atricilla,Marine,Aerial
Leucophaeus fuliginosus,Coastal,Aerial
Leucophaeus modestus,Marine,Generalist
Leucophaeus pipixcan,Coastal,Generalist
Leucophaeus scoresbii,Marine,Terrestrial
Leucopsar rothschildi,Woodland,Insessorial
Leucopternis albicollis,Forest,Insessorial
Leucopternis kuhli,Forest,Insessorial
Leucopternis lacernulatus,Forest,Insessorial
Leucopternis melanops,Forest,Insessorial
Leucopternis occidentalis,Forest,Insessorial
Leucopternis plumbeus,Forest,Insessorial
Leucopternis polionotus,Forest,Insessorial
Leucopternis princeps,Forest,Insessorial
Leucopternis schistaceus,Forest,Insessorial
Leucopternis semiplumbeus,Forest,Insessorial
Leucosarcia melanoleuca,Forest,Terrestrial
Leucosticte arctoa,Grassland,Insessorial
Leucosticte atrata,Grassland,Terrestrial
Leucosticte australis,Grassland,Terrestrial
Leucosticte brandti,Rock,Terrestrial
Leucosticte nemoricola,Grassland,Terrestrial
Leucosticte sillemi,Rock,Terrestrial
Leucosticte tephrocotis,Grassland,Terrestrial
Lewinia mirifica,Wetland,Terrestrial
Lewinia muelleri,Forest,Terrestrial
Lewinia pectoralis,Wetland,Terrestrial
Lewinia striata,Wetland,Terrestrial
Lichenostomus chrysops,Forest,Insessorial
Lichenostomus cratitius,Woodland,Insessorial
Lichenostomus fasciogularis,Woodland,Insessorial
Lichenostomus flavescens,Forest,Insessorial
Lichenostomus flavicollis,Forest,Insessorial
Lichenostomus flavus,Forest,Generalist
Lichenostomus frenatus,Forest,Insessorial
Lichenostomus fuscus,Forest,Insessorial
Lichenostomus hindwoodi,Forest,Insessorial
Lichenostomus keartlandi,Woodland,Insessorial
Lichenostomus leucotis,Shrubland,Insessorial
Lichenostomus melanops,Forest,Insessorial
Lichenostomus obscurus,Forest,Insessorial
Lichenostomus ornatus,Woodland,Insessorial
Lichenostomus penicillatus,Forest,Insessorial
Lichenostomus plumulus,Woodland,Insessorial
Lichenostomus subfrenatus,Forest,Insessorial
Lichenostomus unicolor,Forest,Insessorial
Lichenostomus versicolor,Woodland,Insessorial
Lichenostomus virescens,Shrubland,Insessorial
Lichmera alboauricularis,Shrubland,Insessorial
Lichmera argentauris,Woodland,Insessorial
Lichmera deningeri,Forest,Insessorial
Lichmera flavicans,Forest,Insessorial
Lichmera incana,Forest,Insessorial
Lichmera indistincta,Woodland,Insessorial
Lichmera limbata,Woodland,Insessorial
Lichmera lombokia,Forest,Insessorial
Lichmera monticola,Forest,Insessorial
Lichmera notabilis,Forest,Insessorial
Lichmera squamata,Forest,Insessorial
Limicola falcinellus,Wetland,Terrestrial
Limnoctites rectirostris,Wetland,Insessorial
Limnoctites sulphuriferus,Wetland,Insessorial
Limnodromus griseus,Wetland,Terrestrial
Limnodromus scolopaceus,Wetland,Terrestrial
Limnodromus semipalmatus,Wetland,Terrestrial
Limnornis curvirostris,Wetland,Insessorial
Limnothlypis swainsonii,Shrubland,Terrestrial
Limosa fedoa,Wetland,Terrestrial
Limosa haemastica,Wetland,Terrestrial
Limosa lapponica,Wetland,Terrestrial
Limosa limosa,Wetland,Terrestrial
Linaria cannabina,Shrubland,Terrestrial
Linaria flavirostris,Grassland,Insessorial
Linaria johannis,Shrubland,Generalist
Linaria yemenensis,Shrubland,Terrestrial
Linurgus olivaceus,Forest,Insessorial
Liocichla bugunorum,Shrubland,Insessorial
Liocichla omeiensis,Forest,Insessorial
Liocichla phoenicea,Shrubland,Insessorial
Liocichla ripponi,Shrubland,Insessorial
Liocichla steerii,Forest,Insessorial
Lioparus chrysotis,Forest,Insessorial
Lioptilus nigricapillus,Forest,Insessorial
Liosceles thoracicus,Forest,Terrestrial
Lipaugus ater,Forest,Insessorial
Lipaugus conditus,Forest,Insessorial
Lipaugus fuscocinereus,Forest,Insessorial
Lipaugus lanioides,Forest,Insessorial
Lipaugus streptophorus,Forest,Insessorial
Lipaugus unirufus,Forest,Insessorial
Lipaugus uropygialis,Forest,Insessorial
Lipaugus vociferans,Forest,Insessorial
Lipaugus weberi,Forest,Insessorial
Lissotis hartlaubii,Grassland,Terrestrial
Lissotis melanogaster,Grassland,Terrestrial
Loboparadisea sericea,Forest,Insessorial
Lobotos lobatus,Forest,Insessorial
Lobotos oriolinus,Forest,Insessorial
Lochmias nematura,Riverine,Terrestrial
Locustella accentor,Forest,Generalist
Locustella alfredi,Forest,Generalist
Locustella alishanensis,Grassland,Generalist
Locustella amnicola,Shrubland,Insessorial
Locustella castanea,Forest,Generalist
Locustella caudata,Forest,Generalist
Locustella certhiola,Shrubland,Insessorial
Locustella chengi,,Insessorial
Locustella davidi,Shrubland,Generalist
Locustella disturbans,Forest,Generalist
Locustella fasciolata,Shrubland,Insessorial
Locustella fluviatilis,Wetland,Generalist
Locustella idonea,Shrubland,Generalist
Locustella kashmirensis,Shrubland,Generalist
Locustella lanceolata,Grassland,Generalist
Locustella luscinioides,Wetland,Generalist
Locustella luteoventris,Shrubland,Generalist
Locustella major,Shrubland,Generalist
Locustella mandelli,Shrubland,Generalist
Locustella montis,Shrubland,Generalist
Locustella musculus,Forest,Generalist
Locustella naevia,Shrubland,Generalist
Locustella ochotensis,Shrubland,Generalist
Locustella pleskei,Wetland,Generalist
Locustella portenta,,Insessorial
Locustella pryeri,Wetland,Insessorial
Locustella seebohmi,Grassland,Generalist
Locustella tacsanowskia,Shrubland,Generalist
Locustella thoracica,Shrubland,Generalist
Loddigesia mirabilis,Shrubland,Insessorial
Lonchura atricapilla,Wetland,Generalist
Lonchura bicolor,Woodland,Insessorial
Lonchura caniceps,Wetland,Generalist
Lonchura cantans,Grassland,Terrestrial
Lonchura castaneothorax,Wetland,Generalist
Lonchura cucullata,Woodland,Terrestrial
Lonchura ferruginosa,,Insessorial
Lonchura flaviprymna,Wetland,Generalist
Lonchura forbesi,Grassland,Generalist
Lonchura fringilloides,Forest,Insessorial
Lonchura fuscans,Grassland,Insessorial
Lonchura fuscata,Shrubland,Terrestrial
Lonchura grandis,Grassland,Insessorial
Lonchura griseicapilla,Shrubland,Terrestrial
Lonchura hunsteini,Grassland,Generalist
Lonchura kelaarti,Shrubland,Insessorial
Lonchura leucogastra,Forest,Generalist
Lonchura leucogastroides,Grassland,Generalist
Lonchura leucosticta,Grassland,Generalist
Lonchura maja,Wetland,Generalist
Lonchura malabarica,Grassland,Terrestrial
Lonchura malacca,Wetland,Insessorial
Lonchura melaena,Grassland,Generalist
Lonchura molucca,Grassland,Generalist
Lonchura montana,Grassland,Generalist
Lonchura monticola,Grassland,Insessorial
Lonchura nana,Woodland,Generalist
Lonchura nevermanni,Wetland,Insessorial
Lonchura nigerrima,Grassland,Generalist
Lonchura nigriceps,Woodland,Insessorial
Lonchura oryzivora,Human Modified,Generalist
Lonchura pallida,Shrubland,Generalist
Lonchura punctulata,Grassland,Generalist
Lonchura quinticolor,Shrubland,Insessorial
Lonchura spectabilis,Grassland,Generalist
Lonchura striata,Shrubland,Insessorial
Lonchura stygia,Grassland,Insessorial
Lonchura teerinki,Grassland,Insessorial
Lonchura tristissima,Forest,Generalist
Lonchura vana,Grassland,Generalist
Lophaetus occipitalis,Forest,Insessorial
Lophoceros alboterminatus,Forest,Insessorial
Lophoceros bradfieldi,Woodland,Insessorial
Lophoceros camurus,Forest,Insessorial
Lophoceros fasciatus,Forest,Insessorial
Lophoceros hemprichii,Shrubland,Insessorial
Lophoceros nasutus,Shrubland,Insessorial
Lophoceros pallidirostris,Woodland,Insessorial
Lophoceros semifasciatus,Forest,Insessorial
Lophochroa leadbeateri,Shrubland,Insessorial
Lophodytes cucullatus,Wetland,Aquatic
Lophoictinia isura,Forest,Aerial
Lopholaimus antarcticus,Forest,Insessorial
Lophonetta specularioides,Wetland,Generalist
Lophophanes cristatus,Woodland,Insessorial
Lophophanes dichrous,Forest,Insessorial
Lophophorus impejanus,Forest,Terrestrial
Lophophorus lhuysii,Shrubland,Terrestrial
Lophophorus sclateri,Forest,Terrestrial
Lophorina feminina,Forest,Insessorial
Lophorina intercedens,Forest,Insessorial
Lophorina magnifica,Forest,Insessorial
Lophorina minor,Forest,Insessorial
Lophorina niedda,Forest,Insessorial
Lophorina paradisea,Forest,Insessorial
Lophorina superba,Forest,Insessorial
Lophorina victoriae,Forest,Insessorial
Lophornis adorabilis,Forest,Aerial
Lophornis brachylophus,Forest,Aerial
Lophornis chalybeus,Forest,Aerial
Lophornis delattrei,Human Modified,Aerial
Lophornis gouldii,Human Modified,Aerial
Lophornis helenae,Forest,Aerial
Lophornis magnificus,Human Modified,Aerial
Lophornis ornatus,Human Modified,Aerial
Lophornis pavoninus,Human Modified,Aerial
Lophornis stictolophus,Human Modified,Aerial
Lophornis verreauxii,Forest,Aerial
Lophospingus griseocristatus,Shrubland,Terrestrial
Lophospingus pusillus,Shrubland,Terrestrial
Lophostrix cristata,Forest,Insessorial
Lophotibis cristata,Woodland,Terrestrial
Lophotis gindiana,Shrubland,Terrestrial
Lophotis ruficrista,Shrubland,Terrestrial
Lophotis savilei,Shrubland,Terrestrial
Lophotriccus eulophotes,Forest,Insessorial
Lophotriccus galeatus,Human Modified,Insessorial
Lophotriccus pileatus,Forest,Insessorial
Lophotriccus vitiosus,Forest,Insessorial
Lophotriorchis kienerii,Forest,Aerial
Lophozosterops dohertyi,Forest,Insessorial
Lophozosterops goodfellowi,Forest,Insessorial
Lophozosterops javanicus,Forest,Insessorial
Lophozosterops pinaiae,Forest,Insessorial
Lophozosterops squamiceps,Forest,Insessorial
Lophozosterops superciliaris,Forest,Insessorial
Lophura bulweri,Forest,Terrestrial
Lophura diardi,Forest,Terrestrial
Lophura edwardsi,Forest,Terrestrial
Lophura erythrophthalma,Forest,Terrestrial
Lophura hatinhensis,,Terrestrial
Lophura hoogerwerfi,Forest,Terrestrial
Lophura ignita,Forest,Terrestrial
Lophura inornata,Forest,Terrestrial
Lophura leucomelanos,Forest,Terrestrial
Lophura nycthemera,Forest,Terrestrial
Lophura pyronota,Forest,Terrestrial
Lophura rufa,Forest,Terrestrial
Lophura swinhoii,Forest,Terrestrial
Loriculus amabilis,Forest,Insessorial
Loriculus aurantiifrons,Forest,Insessorial
Loriculus beryllinus,Forest,Insessorial
Loriculus camiguinensis,Forest,Insessorial
Loriculus catamene,Forest,Insessorial
Loriculus exilis,Forest,Insessorial
Loriculus flosculus,Forest,Insessorial
Loriculus galgulus,Forest,Insessorial
Loriculus philippensis,Forest,Insessorial
Loriculus pusillus,Forest,Insessorial
Loriculus sclateri,Forest,Insessorial
Loriculus stigmatus,Forest,Insessorial
Loriculus tener,Forest,Insessorial
Loriculus vernalis,Forest,Insessorial
Loriotus cristatus,Forest,Insessorial
Loriotus luctuosus,Forest,Insessorial
Loriotus rufiventer,Forest,Insessorial
Lorius albidinucha,Forest,Insessorial
Lorius chlorocercus,Forest,Insessorial
Lorius domicella,Forest,Insessorial
Lorius garrulus,Forest,Insessorial
Lorius hypoinochrous,Forest,Insessorial
Lorius lory,Forest,Insessorial
Loxia curvirostra,Forest,Insessorial
Loxia leucoptera,Forest,Insessorial
Loxia megaplaga,Forest,Insessorial
Loxia pytyopsittacus,Forest,Insessorial
Loxia scotica,Forest,Insessorial
Loxia sinesciuris,Forest,Insessorial
Loxigilla barbadensis,Forest,Generalist
Loxigilla noctis,Forest,Insessorial
Loxigilla portoricensis,Forest,Insessorial
Loxigilla violacea,Forest,Insessorial
Loxioides bailleui,Woodland,Insessorial
Loxipasser anoxanthus,Forest,Insessorial
Loxops caeruleirostris,Forest,Insessorial
Loxops coccineus,Forest,Insessorial
Loxops mana,Forest,Insessorial
Loxops ochraceus,Forest,Insessorial
Lugensa brevirostris,Marine,Generalist
Lullula arborea,Woodland,Terrestrial
Lurocalis rufiventris,Forest,Aerial
Lurocalis semitorquatus,Forest,Aerial
Luscinia brunnea,Shrubland,Terrestrial
Luscinia calliope,Shrubland,Terrestrial
Luscinia cyane,Forest,Generalist
Luscinia luscinia,Shrubland,Generalist
Luscinia megarhynchos,Woodland,Generalist
Luscinia obscura,Forest,Generalist
Luscinia pectardens,Forest,Terrestrial
Luscinia pectoralis,Grassland,Terrestrial
Luscinia phaenicuroides,Forest,Generalist
Luscinia ruficeps,Forest,Terrestrial
Luscinia sibilans,Forest,Terrestrial
Luscinia svecica,Grassland,Generalist
Lybius bidentatus,Forest,Insessorial
Lybius chaplini,Woodland,Insessorial
Lybius dubius,Woodland,Insessorial
Lybius guifsobalito,Woodland,Insessorial
Lybius leucocephalus,Woodland,Insessorial
Lybius leucogaster,Woodland,Insessorial
Lybius melanopterus,Forest,Insessorial
Lybius minor,Woodland,Insessorial
Lybius rolleti,Woodland,Insessorial
Lybius rubrifacies,Woodland,Insessorial
Lybius senex,Woodland,Insessorial
Lybius torquatus,Grassland,Insessorial
Lybius undatus,Shrubland,Insessorial
Lybius vieilloti,Woodland,Insessorial
Lycocorax obiensis,Forest,Insessorial
Lycocorax pyrrhopterus,Forest,Insessorial
Lymnocryptes minimus,Wetland,Terrestrial
Lyncornis macrotis,Forest,Aerial
Lyncornis temminckii,Forest,Aerial
Lyrurus mlokosiewiczi,Shrubland,Generalist
Lyrurus tetrix,Forest,Terrestrial
Macgregoria pulchra,Forest,Insessorial
Machaerirhynchus flaviventer,Forest,Insessorial
Machaerirhynchus nigripectus,Forest,Insessorial
Machaeropterus deliciosus,Forest,Insessorial
Machaeropterus eckelberryi,Forest,Insessorial
Machaeropterus pyrocephalus,Forest,Insessorial
Machaeropterus regulus,Forest,Insessorial
Machaeropterus striolatus,Forest,Insessorial
Macheiramphus alcinus,Forest,Aerial
Machetornis rixosa,Grassland,Terrestrial
Machlolophus aplonotus,Forest,Insessorial
Machlolophus holsti,Forest,Insessorial
Machlolophus nuchalis,Woodland,Insessorial
Machlolophus spilonotus,Forest,Insessorial
Machlolophus xanthogenys,Forest,Insessorial
Mackenziaena leachii,Forest,Insessorial
Mackenziaena severa,Forest,Insessorial
Macroagelaius imthurni,Forest,Insessorial
Macroagelaius subalaris,Forest,Insessorial
Macrocephalon maleo,Forest,Terrestrial
Macrodipteryx longipennis,Grassland,Aerial
Macrodipteryx vexillarius,Woodland,Aerial
Macronectes giganteus,Marine,Generalist
Macronectes halli,Marine,Generalist
Macronous bornensis,Forest,Insessorial
Macronous flavicollis,Forest,Insessorial
Macronous gularis,Forest,Insessorial
Macronous kelleyi,Forest,Insessorial
Macronous ptilosus,Forest,Insessorial
Macronous striaticeps,Forest,Insessorial
Macronus ptilosus,Forest,Insessorial
Macronus striaticeps,Forest,Insessorial
Macronyx ameliae,Grassland,Terrestrial
Macronyx aurantiigula,Grassland,Terrestrial
Macronyx capensis,Grassland,Terrestrial
Macronyx croceus,Grassland,Terrestrial
Macronyx flavicollis,Grassland,Terrestrial
Macronyx fuelleborni,Grassland,Terrestrial
Macronyx fuellebornii,Grassland,Terrestrial
Macronyx grimwoodi,Grassland,Terrestrial
Macronyx sharpei,Grassland,Terrestrial
Macropsalis forcipata,Forest,Generalist
Macropygia amboinensis,Forest,Insessorial
Macropygia cinnamomea,Forest,Insessorial
Macropygia doreya,Forest,Insessorial
Macropygia emiliana,Forest,Insessorial
Macropygia macassariensis,Forest,Insessorial
Macropygia mackinlayi,Forest,Insessorial
Macropygia magna,Forest,Insessorial
Macropygia modiglianii,Forest,Insessorial
Macropygia nigrirostris,Forest,Insessorial
Macropygia phasianella,,Insessorial
Macropygia ruficeps,Forest,Generalist
Macropygia rufipennis,Forest,Insessorial
Macropygia tenuirostris,Forest,Insessorial
Macropygia timorlaoensis,Forest,Insessorial
Macropygia unchall,Forest,Insessorial
Macrosphenus concolor,Forest,Insessorial
Macrosphenus flavicans,Forest,Insessorial
Macrosphenus kempi,Forest,Insessorial
Macrosphenus kretschmeri,Forest,Insessorial
Macrosphenus pulitzeri,Woodland,Insessorial
Madanga ruficollis,Forest,Insessorial
Magumma parva,Forest,Insessorial
Malacocincla abbotti,Forest,Terrestrial
Malacocincla cinereiceps,Forest,Generalist
Malacocincla malaccensis,Forest,Generalist
Malacocincla perspicillata,Forest,Generalist
Malacocincla sepiaria,Forest,Generalist
Malaconotus alius,Forest,Insessorial
Malaconotus blanchoti,Woodland,Insessorial
Malaconotus cruentus,Woodland,Insessorial
Malaconotus gladiator,Forest,Insessorial
Malaconotus lagdeni,Forest,Insessorial
Malaconotus monteiri,Forest,Insessorial
Malacopteron affine,Forest,Insessorial
Malacopteron albogulare,Forest,Insessorial
Malacopteron cinereum,Forest,Insessorial
Malacopteron magnirostre,Forest,Insessorial
Malacopteron magnum,Forest,Insessorial
Malacopteron palawanense,Forest,Insessorial
Malacoptila fulvogularis,Forest,Insessorial
Malacoptila fusca,Forest,Insessorial
Malacoptila minor,Forest,Insessorial
Malacoptila mystacalis,Forest,Insessorial
Malacoptila panamensis,Forest,Insessorial
Malacoptila rufa,Forest,Insessorial
Malacoptila semicincta,Forest,Insessorial
Malacoptila striata,Forest,Insessorial
Malacorhynchus membranaceus,Wetland,Aquatic
Malcorus pectoralis,Shrubland,Generalist
Malia grata,Forest,Insessorial
Malimbus ballmanni,Forest,Insessorial
Malimbus cassini,Forest,Insessorial
Malimbus coronatus,Forest,Insessorial
Malimbus erythrogaster,Forest,Insessorial
Malimbus ibadanensis,Forest,Insessorial
Malimbus malimbicus,Forest,Insessorial
Malimbus nitens,Forest,Insessorial
Malimbus racheliae,Forest,Insessorial
Malimbus rubricollis,Forest,Insessorial
Malimbus scutatus,Forest,Insessorial
Malindangia mcgregori,Forest,Insessorial
Malurus alboscapulatus,Shrubland,Insessorial
Malurus amabilis,Forest,Insessorial
Malurus assimilis,Shrubland,Insessorial
Malurus campbelli,Forest,Insessorial
Malurus coronatus,Riverine,Insessorial
Malurus cyaneus,Shrubland,Terrestrial
Malurus cyanocephalus,Forest,Insessorial
Malurus elegans,Forest,Terrestrial
Malurus grayi,Forest,Insessorial
Malurus lamberti,Shrubland,Insessorial
Malurus leucopterus,Shrubland,Insessorial
Malurus melanocephalus,Woodland,Terrestrial
Malurus pulcherrimus,Woodland,Generalist
Malurus splendens,Shrubland,Terrestrial
Manacus aurantiacus,Forest,Insessorial
Manacus candei,Forest,Insessorial
Manacus manacus,Forest,Insessorial
Manacus vitellinus,Forest,Insessorial
Mandingoa nitidula,Forest,Terrestrial
Manorina flavigula,Woodland,Insessorial
Manorina melanocephala,Woodland,Insessorial
Manorina melanophrys,Forest,Insessorial
Manorina melanotis,Woodland,Insessorial
Manucerthia mana,Forest,Insessorial
Manucodia ater,Forest,Insessorial
Manucodia chalybatus,Forest,Insessorial
Manucodia comrii,Forest,Insessorial
Manucodia jobiensis,Forest,Insessorial
Manucodia keraudrenii,Forest,Insessorial
Mareca americana,Wetland,Terrestrial
Mareca falcata,Wetland,Aquatic
Mareca penelope,Wetland,Terrestrial
Mareca sibilatrix,Wetland,Terrestrial
Mareca strepera,Wetland,Aquatic
Margarobyas lawrencii,Forest,Insessorial
Margaroperdix madagarensis,Forest,Terrestrial
Margaroperdix madagascariensis,Forest,Terrestrial
Margarops fuscatus,Shrubland,Insessorial
Margarops fuscus,Shrubland,Insessorial
Margarornis bellulus,Forest,Insessorial
Margarornis rubiginosus,Forest,Insessorial
Margarornis squamiger,Forest,Insessorial
Margarornis stellatus,Forest,Insessorial
Marmaronetta angustirostris,Wetland,Aquatic
Maschalethraupis surinama,Forest,Insessorial
Masius chrysopterus,Forest,Insessorial
Mayrimunia leucosticta,Grassland,Generalist
Mayrimunia tristissima,Forest,Generalist
Mayrornis lessoni,Forest,Insessorial
Mayrornis schistaceus,Forest,Insessorial
Mayrornis versicolor,Forest,Insessorial
Mazaria propinqua,Shrubland,Insessorial
Mearnsia novaeguineae,Forest,Aerial
Mearnsia picina,Forest,Aerial
Mecocerculus calopterus,Forest,Insessorial
Mecocerculus hellmayri,Forest,Insessorial
Mecocerculus leucophrys,Forest,Insessorial
Mecocerculus minor,Forest,Insessorial
Mecocerculus poecilocercus,Forest,Insessorial
Mecocerculus stictopterus,Forest,Insessorial
Megabyas flammulatus,Forest,Insessorial
Megaceryle alcyon,Riverine,Insessorial
Megaceryle lugubris,Riverine,Insessorial
Megaceryle maxima,Wetland,Insessorial
Megaceryle torquata,Riverine,Insessorial
Megacrex inepta,Woodland,Terrestrial
Megadyptes antipodes,Marine,Aquatic
Megalaima armillaris,Forest,Insessorial
Megalaima asiatica,Forest,Insessorial
Megalaima australis,Forest,Insessorial
Megalaima chrysopogon,Forest,Insessorial
Megalaima corvina,Forest,Insessorial
Megalaima eximia,Forest,Insessorial
Megalaima faber,Forest,Insessorial
Megalaima faiostricta,Forest,Insessorial
Megalaima flavifrons,Forest,Insessorial
Megalaima franklinii,Forest,Insessorial
Megalaima haemacephala,Woodland,Insessorial
Megalaima henricii,Forest,Insessorial
Megalaima incognita,Forest,Insessorial
Megalaima javensis,Forest,Insessorial
Megalaima lagrandieri,Forest,Insessorial
Megalaima lineata,Forest,Insessorial
Megalaima monticola,Forest,Insessorial
Megalaima mystacophanos,Forest,Insessorial
Megalaima nuchalis,Forest,Insessorial
Megalaima oorti,Forest,Insessorial
Megalaima pulcherrima,Forest,Insessorial
Megalaima rafflesii,Forest,Insessorial
Megalaima rubricapillus,Forest,Insessorial
Megalaima virens,Forest,Insessorial
Megalaima viridis,Forest,Insessorial
Megalaima zeylanica,Forest,Insessorial
Megalampitta gigantea,Forest,Terrestrial
Megaloprepia formosa,Forest,Insessorial
Megaloprepia magnifica,Forest,Insessorial
Megalurulus grosvenori,,Terrestrial
Megalurulus llaneae,Forest,Terrestrial
Megalurulus mariae,Shrubland,Terrestrial
Megalurulus mariei,Shrubland,Terrestrial
Megalurulus rubiginosus,Forest,Terrestrial
Megalurulus rufus,Forest,Terrestrial
Megalurulus turipavae,Forest,Terrestrial
Megalurulus whitneyi,Forest,Terrestrial
Megalurus albolimbatus,Wetland,Generalist
Megalurus gramineus,Wetland,Generalist
Megalurus palustris,Shrubland,Generalist
Megalurus timoriensis,Wetland,Generalist
Megapodius affinis,Forest,Terrestrial
Megapodius bernsteinii,Forest,Terrestrial
Megapodius cumingii,Forest,Terrestrial
Megapodius decollatus,Forest,Terrestrial
Megapodius eremita,Forest,Terrestrial
Megapodius forsteni,Forest,Terrestrial
Megapodius freycinet,Forest,Terrestrial
Megapodius geelvinkianus,Forest,Terrestrial
Megapodius laperouse,Forest,Terrestrial
Megapodius layardi,Forest,Terrestrial
Megapodius nicobariensis,Forest,Terrestrial
Megapodius pritchardii,Forest,Terrestrial
Megapodius reinwardt,Forest,Terrestrial
Megapodius tenimberensis,Forest,Terrestrial
Megarynchus pitangua,Woodland,Insessorial
Megascops albogularis,Forest,Insessorial
Megascops asio,Woodland,Insessorial
Megascops atricapilla,Forest,Insessorial
Megascops barbarus,Forest,Insessorial
Megascops centralis,Forest,Insessorial
Megascops choliba,Human Modified,Insessorial
Megascops clarkii,Forest,Insessorial
Megascops colombianus,Forest,Insessorial
Megascops cooperi,Woodland,Insessorial
Megascops gilesi,Human Modified,Insessorial
Megascops guatemalae,Forest,Insessorial
Megascops hoyi,Forest,Insessorial
Megascops ingens,Forest,Insessorial
Megascops kennicottii,Forest,Insessorial
Megascops koepckeae,Forest,Insessorial
Megascops marshalli,Forest,Insessorial
Megascops nudipes,Forest,Insessorial
Megascops petersoni,Forest,Insessorial
Megascops roboratus,Woodland,Insessorial
Megascops roraimae,Forest,Insessorial
Megascops sanctaecatarinae,Woodland,Insessorial
Megascops seductus,Woodland,Insessorial
Megascops trichopsis,Forest,Insessorial
Megascops vermiculatus,Forest,Insessorial
Megascops watsonii,Forest,Insessorial
Megastictus margaritatus,Forest,Insessorial
Megatriorchis doriae,Forest,Insessorial
Megaxenops parnaguae,Woodland,Insessorial
Megazosterops palauensis,Forest,Insessorial
Meiglyptes grammithorax,Forest,Insessorial
Meiglyptes jugularis,Forest,Insessorial
Meiglyptes tristis,Forest,Insessorial
Meiglyptes tukki,Forest,Insessorial
Melaenornis annamarulae,Forest,Insessorial
Melaenornis ardesiacus,Forest,Insessorial
Melaenornis brunneus,Forest,Insessorial
Melaenornis chocolatinus,Woodland,Insessorial
Melaenornis edolioides,Woodland,Insessorial
Melaenornis fischeri,Forest,Insessorial
Melaenornis herero,Shrubland,Insessorial
Melaenornis pammelaina,Woodland,Insessorial
Melaenornis semipartitus,Shrubland,Insessorial
Melaenornis silens,Woodland,Insessorial
Melampitta gigantea,Forest,Terrestrial
Melampitta lugubris,Forest,Terrestrial
Melamprosops phaeosoma,Forest,Insessorial
Melanerpes aurifrons,Shrubland,Insessorial
Melanerpes cactorum,Woodland,Insessorial
Melanerpes candidus,Grassland,Insessorial
Melanerpes carolinus,Woodland,Insessorial
Melanerpes chrysauchen,Forest,Insessorial
Melanerpes chrysogenys,Woodland,Insessorial
Melanerpes cruentatus,Forest,Insessorial
Melanerpes erythrocephalus,Forest,Insessorial
Melanerpes flavifrons,Forest,Insessorial
Melanerpes formicivorus,Woodland,Insessorial
Melanerpes herminieri,Forest,Insessorial
Melanerpes hoffmannii,Woodland,Insessorial
Melanerpes hypopolius,Shrubland,Insessorial
Melanerpes lewis,Woodland,Insessorial
Melanerpes portoricensis,Forest,Insessorial
Melanerpes pucherani,Forest,Insessorial
Melanerpes pulcher,Forest,Insessorial
Melanerpes pygmaeus,Shrubland,Insessorial
Melanerpes radiolatus,Forest,Insessorial
Melanerpes rubricapillus,Woodland,Insessorial
Melanerpes striatus,Forest,Insessorial
Melanerpes superciliaris,Forest,Insessorial
Melanerpes uropygialis,Shrubland,Insessorial
Melaniparus afer,Shrubland,Insessorial
Melaniparus albiventris,Woodland,Insessorial
Melaniparus carpi,Woodland,Insessorial
Melaniparus cinerascens,Shrubland,Insessorial
Melaniparus fasciiventer,Forest,Insessorial
Melaniparus fringillinus,Woodland,Insessorial
Melaniparus funereus,Forest,Insessorial
Melaniparus griseiventris,Woodland,Insessorial
Melaniparus guineensis,Woodland,Insessorial
Melaniparus leucomelas,Woodland,Insessorial
Melaniparus leuconotus,Forest,Insessorial
Melaniparus niger,Woodland,Insessorial
Melaniparus pallidiventris,Woodland,Insessorial
Melaniparus rufiventris,Woodland,Insessorial
Melaniparus thruppi,Woodland,Insessorial
Melanitta americana,Wetland,Aquatic
Melanitta deglandi,Wetland,Aquatic
Melanitta fusca,Wetland,Aquatic
Melanitta nigra,Wetland,Aquatic
Melanitta perspicillata,Wetland,Aquatic
Melanitta stejnegeri,Wetland,Aquatic
Melanocharis arfakiana,Forest,Insessorial
Melanocharis citreola,Forest,Insessorial
Melanocharis crassirostris,Forest,Insessorial
Melanocharis longicauda,Forest,Insessorial
Melanocharis nigra,Forest,Insessorial
Melanocharis striativentris,Forest,Insessorial
Melanocharis versteri,Forest,Insessorial
Melanochlora sultanea,Forest,Insessorial
Melanocichla calva,Forest,Insessorial
Melanocichla lugubris,Forest,Terrestrial
Melanocorypha bimaculata,Grassland,Terrestrial
Melanocorypha calandra,Grassland,Terrestrial
Melanocorypha leucoptera,Grassland,Terrestrial
Melanocorypha maxima,Grassland,Terrestrial
Melanocorypha mongolica,Grassland,Terrestrial
Melanocorypha yeltoniensis,Grassland,Terrestrial
Melanodera melanodera,Grassland,Terrestrial
Melanodera xanthogramma,Grassland,Terrestrial
Melanodryas cucullata,Shrubland,Insessorial
Melanodryas vittata,Forest,Insessorial
Melanopareia elegans,Woodland,Terrestrial
Melanopareia maranonica,Woodland,Terrestrial
Melanopareia maximiliani,Woodland,Terrestrial
Melanopareia torquata,Woodland,Terrestrial
Melanoperdix niger,Forest,Terrestrial
Melanoptila glabrirostris,Woodland,Insessorial
Melanorectes nigrescens,Forest,Insessorial
Melanospiza bicolor,Shrubland,Terrestrial
Melanospiza richardsoni,Forest,Generalist
Melanotis caerulescens,Forest,Generalist
Melanotis hypoleucus,Forest,Generalist
Meleagris gallopavo,Forest,Terrestrial
Meleagris ocellata,Forest,Terrestrial
Meliarchus sclateri,Forest,Insessorial
Melichneutes robustus,Forest,Insessorial
Melidectes belfordi,Forest,Insessorial
Melidectes foersteri,Forest,Insessorial
Melidectes fuscus,Forest,Insessorial
Melidectes leucostephes,Forest,Insessorial
Melidectes nouhuysi,Forest,Insessorial
Melidectes ochromelas,Forest,Insessorial
Melidectes princeps,Forest,Insessorial
Melidectes rufocrissalis,Forest,Insessorial
Melidectes sclateri,Forest,Insessorial
Melidectes torquatus,Forest,Insessorial
Melidectes whitemanensis,Forest,Insessorial
Melidora macrorrhina,Forest,Insessorial
Melierax canorus,Shrubland,Generalist
Melierax gabar,Grassland,Insessorial
Melierax metabates,Shrubland,Insessorial
Melierax poliopterus,Shrubland,Insessorial
Melignomon eisentrauti,Forest,Insessorial
Melignomon zenkeri,Forest,Insessorial
Melilestes megarhynchus,Forest,Insessorial
Meliphacator provocator,Forest,Insessorial
Meliphaga albilineata,Forest,Insessorial
Meliphaga albonotata,Shrubland,Insessorial
Meliphaga analoga,Forest,Insessorial
Meliphaga aruensis,Forest,Insessorial
Meliphaga flavirictus,Forest,Insessorial
Meliphaga gracilis,Shrubland,Insessorial
Meliphaga lewinii,Forest,Insessorial
Meliphaga mimikae,Forest,Insessorial
Meliphaga montana,Forest,Insessorial
Meliphaga notata,Forest,Insessorial
Meliphaga orientalis,Forest,Insessorial
Meliphaga reticulata,Forest,Insessorial
Meliphaga vicina,Forest,Insessorial
Melipotes ater,Forest,Insessorial
Melipotes carolae,Forest,Insessorial
Melipotes fumigatus,Forest,Insessorial
Melipotes gymnops,Forest,Insessorial
Melithreptus affinis,Forest,Insessorial
Melithreptus albogularis,Forest,Insessorial
Melithreptus brevirostris,Forest,Insessorial
Melithreptus chloropsis,Forest,Insessorial
Melithreptus gularis,Forest,Insessorial
Melithreptus laetior,Forest,Insessorial
Melithreptus lunatus,Forest,Insessorial
Melithreptus validirostris,Forest,Insessorial
Melitograis gilolensis,Forest,Insessorial
Mellisuga helenae,Forest,Aerial
Mellisuga minima,Human Modified,Aerial
Melloria quoyi,Forest,Insessorial
Melocichla mentalis,Shrubland,Insessorial
Melophus lathami,Grassland,Terrestrial
Melopsittacus undulatus,Woodland,Generalist
Melopyrrha grandis,Forest,Insessorial
Melopyrrha nigra,Forest,Insessorial
Melopyrrha portoricensis,Forest,Insessorial
Melopyrrha violacea,Forest,Insessorial
Melospiza georgiana,Wetland,Generalist
Melospiza lincolnii,Wetland,Generalist
Melospiza melodia,Shrubland,Generalist
Melozone aberti,Shrubland,Generalist
Melozone albicollis,Shrubland,Generalist
Melozone biarcuata,Shrubland,Generalist
Melozone cabanisi,Shrubland,Generalist
Melozone crissalis,Shrubland,Generalist
Melozone fusca,Shrubland,Generalist
Melozone kieneri,Shrubland,Generalist
Melozone leucotis,Forest,Generalist
Melozone occipitalis,Forest,Generalist
Mentocrex beankaensis,,Terrestrial
Mentocrex kioloides,Forest,Terrestrial
Menura alberti,Forest,Terrestrial
Menura novaehollandiae,Forest,Terrestrial
Merganetta armata,Riverine,Aquatic
Mergellus albellus,Wetland,Aquatic
Mergus merganser,Riverine,Aquatic
Mergus octosetaceus,Riverine,Aquatic
Mergus serrator,Wetland,Aquatic
Mergus squamatus,Wetland,Aquatic
Meropogon forsteni,Forest,Insessorial
Merops albicollis,Grassland,Insessorial
Merops americanus,Woodland,Insessorial
Merops apiaster,Woodland,Insessorial
Merops boehmi,Woodland,Insessorial
Merops breweri,Forest,Insessorial
Merops bullockoides,Woodland,Insessorial
Merops bulocki,Shrubland,Insessorial
Merops cyanophrys,Shrubland,Insessorial
Merops gularis,Forest,Insessorial
Merops hirundineus,Shrubland,Insessorial
Merops lafresnayii,Woodland,Insessorial
Merops leschenaulti,Woodland,Insessorial
Merops malimbicus,Woodland,Aerial
Merops mentalis,Forest,Insessorial
Merops muelleri,Forest,Insessorial
Merops nubicoides,Woodland,Insessorial
Merops nubicus,Grassland,Insessorial
Merops oreobates,Woodland,Insessorial
Merops orientalis,Shrubland,Insessorial
Merops ornatus,Woodland,Insessorial
Merops persicus,Desert,Insessorial
Merops philippinus,Wetland,Insessorial
Merops pusillus,Grassland,Insessorial
Merops revoilii,Shrubland,Insessorial
Merops superciliosus,Shrubland,Generalist
Merops variegatus,Wetland,Insessorial
Merops viridis,Woodland,Insessorial
Merops viridissimus,Shrubland,Insessorial
Merulaxis ater,Forest,Terrestrial
Merulaxis stresemanni,Forest,Terrestrial
Mesembrinibis cayennensis,Forest,Terrestrial
Mesitornis unicolor,Forest,Terrestrial
Mesitornis variegatus,Woodland,Terrestrial
Mesophoyx intermedia,Wetland,Terrestrial
Mesopicos elliotii,Forest,Insessorial
Mesopicos goertae,Woodland,Insessorial
Mesopicos griseocephalus,Forest,Insessorial
Metabolus godeffroyi,Forest,Insessorial
Metabolus rugensis,Forest,Insessorial
Metabolus takatsukasae,Forest,Insessorial
Metallura aeneocauda,Forest,Aerial
Metallura baroni,Forest,Aerial
Metallura eupogon,Forest,Aerial
Metallura iracunda,Grassland,Aerial
Metallura odomae,Forest,Aerial
Metallura phoebe,Shrubland,Aerial
Metallura theresiae,Forest,Aerial
Metallura tyrianthina,Forest,Aerial
Metallura williami,Forest,Aerial
Metopidius indicus,Wetland,Terrestrial
Metopothrix aurantiaca,Riverine,Insessorial
Metriopelia aymara,Grassland,Terrestrial
Metriopelia ceciliae,Shrubland,Terrestrial
Metriopelia melanoptera,Shrubland,Terrestrial
Metriopelia morenoi,Shrubland,Terrestrial
Micrastur buckleyi,Forest,Insessorial
Micrastur gilvicollis,Forest,Insessorial
Micrastur mintoni,Forest,Insessorial
Micrastur mirandollei,Forest,Insessorial
Micrastur plumbeus,Forest,Insessorial
Micrastur ruficollis,Forest,Generalist
Micrastur semitorquatus,Forest,Generalist
Micrathene whitneyi,Shrubland,Insessorial
Microbates cinereiventris,Forest,Generalist
Microbates collaris,Forest,Generalist
Microcarbo africanus,Wetland,Aquatic
Microcarbo coronatus,Marine,Aquatic
Microcarbo melanoleucos,Wetland,Aquatic
Microcarbo niger,Wetland,Aquatic
Microcarbo pygmaeus,Wetland,Aquatic
Microcerculus bambla,Forest,Terrestrial
Microcerculus marginatus,Forest,Generalist
Microcerculus philomela,Forest,Terrestrial
Microcerculus ustulatus,Forest,Generalist
Microchera albocoronata,Forest,Aerial
Microchera chionura,Forest,Aerial
Microchera cupreiceps,Forest,Aerial
Microdynamis parva,Forest,Insessorial
Microeca fascinans,Forest,Insessorial
Microeca flavigaster,Forest,Insessorial
Microeca flavovirescens,Forest,Insessorial
Microeca griseoceps,Forest,Insessorial
Microeca hemixantha,Forest,Insessorial
Microeca papuana,Forest,Insessorial
Microeca tormenti,Forest,Insessorial
Microhierax caerulescens,Forest,Insessorial
Microhierax erythrogenys,Forest,Insessorial
Microhierax fringillarius,Forest,Insessorial
Microhierax latifrons,Forest,Insessorial
Microhierax melanoleucos,Forest,Insessorial
Microligea palustris,Forest,Insessorial
Micromacronus leytensis,Forest,Insessorial
Micromacronus sordidus,,Insessorial
Micromonacha lanceolata,Forest,Insessorial
Micronisus gabar,Grassland,Insessorial
Microparra capensis,Wetland,Terrestrial
Micropsitta bruijnii,Forest,Insessorial
Micropsitta finschii,Forest,Insessorial
Micropsitta geelvinkiana,Forest,Insessorial
Micropsitta keiensis,Forest,Insessorial
Micropsitta meeki,Forest,Insessorial
Micropsitta pusio,Forest,Insessorial
Micropternus brachyurus,Forest,Insessorial
Microptilotis albilineatus,Forest,Insessorial
Microptilotis albonotatus,Shrubland,Insessorial
Microptilotis analogus,Forest,Insessorial
Microptilotis cinereifrons,Shrubland,Insessorial
Microptilotis flavirictus,Forest,Insessorial
Microptilotis fordianus,Forest,Insessorial
Microptilotis gracilis,Shrubland,Insessorial
Microptilotis imitatrix,Shrubland,Insessorial
Microptilotis mimikae,Forest,Insessorial
Microptilotis montanus,Forest,Insessorial
Microptilotis orientalis,Forest,Insessorial
Microptilotis reticulatus,Forest,Insessorial
Microptilotis vicina,Forest,Insessorial
Micropygia schomburgkii,Grassland,Terrestrial
Microrhopias quixensis,Forest,Insessorial
Microspingus alticola,Forest,Insessorial
Microspingus cabanisi,,Insessorial
Microspingus cinereus,Grassland,Insessorial
Microspingus erythrophrys,Forest,Insessorial
Microspingus lateralis,Forest,Insessorial
Microspingus melanoleucus,Shrubland,Insessorial
Microspingus pectoralis,Shrubland,Insessorial
Microspingus torquatus,Shrubland,Insessorial
Microspingus trifasciatus,Forest,Insessorial
Microstilbon burmeisteri,Shrubland,Aerial
Microtarsus melanoleucos,Forest,Insessorial
Microxenops milleri,Forest,Insessorial
Miliaria calandra,Grassland,Terrestrial
Milvago chimachima,Grassland,Terrestrial
Milvago chimango,Grassland,Terrestrial
Milvus aegyptius,Woodland,Aerial
Milvus migrans,Woodland,Aerial
Milvus milvus,Shrubland,Generalist
Mimizuku gurneyi,Forest,Insessorial
Mimus dorsalis,Shrubland,Generalist
Mimus gilvus,Shrubland,Generalist
Mimus graysoni,Woodland,Insessorial
Mimus gundlachii,Shrubland,Generalist
Mimus longicaudatus,Shrubland,Generalist
Mimus macdonaldi,Shrubland,Generalist
Mimus melanotis,Shrubland,Terrestrial
Mimus parvulus,Shrubland,Insessorial
Mimus patagonicus,Shrubland,Terrestrial
Mimus polyglottos,Shrubland,Generalist
Mimus saturninus,Shrubland,Terrestrial
Mimus thenca,Shrubland,Generalist
Mimus trifasciatus,Shrubland,Generalist
Mimus triurus,Shrubland,Terrestrial
Minla cyanouroptera,Forest,Insessorial
Minla ignotincta,Forest,Insessorial
Minla strigula,Forest,Insessorial
Mino anais,Forest,Insessorial
Mino dumontii,Forest,Insessorial
Mino kreffti,Forest,Insessorial
Mionectes galbinus,Forest,Insessorial
Mionectes macconnelli,Forest,Insessorial
Mionectes oleagineus,Forest,Insessorial
Mionectes olivaceus,Forest,Insessorial
Mionectes roraimae,Forest,Insessorial
Mionectes rufiventris,Forest,Insessorial
Mionectes striaticollis,Forest,Insessorial
Mirafra affinis,Grassland,Terrestrial
Mirafra africana,Grassland,Terrestrial
Mirafra africanoides,Grassland,Terrestrial
Mirafra albicauda,Grassland,Terrestrial
Mirafra alopex,Grassland,Terrestrial
Mirafra angolensis,Grassland,Terrestrial
Mirafra apiata,Grassland,Terrestrial
Mirafra ashi,Grassland,Terrestrial
Mirafra assamica,Grassland,Terrestrial
Mirafra cantillans,Grassland,Terrestrial
Mirafra cheniana,Grassland,Terrestrial
Mirafra collaris,Grassland,Terrestrial
Mirafra cordofanica,Grassland,Terrestrial
Mirafra erythrocephala,Grassland,Terrestrial
Mirafra erythroptera,Shrubland,Terrestrial
Mirafra fasciolata,Grassland,Terrestrial
Mirafra gilletti,Shrubland,Terrestrial
Mirafra hova,Shrubland,Terrestrial
Mirafra hypermetra,Grassland,Terrestrial
Mirafra javanica,Grassland,Terrestrial
Mirafra microptera,Grassland,Terrestrial
Mirafra passerina,Woodland,Terrestrial
Mirafra poecilosterna,Grassland,Terrestrial
Mirafra pulpa,Grassland,Terrestrial
Mirafra rufa,Woodland,Terrestrial
Mirafra rufocinnamomea,Woodland,Terrestrial
Mirafra sabota,Grassland,Terrestrial
Mirafra sharpii,Grassland,Terrestrial
Mirafra somalica,Grassland,Terrestrial
Mirafra williamsi,Desert,Terrestrial
Mitrephanes olivaceus,Forest,Insessorial
Mitrephanes phaeocercus,Forest,Insessorial
Mitrospingus cassinii,Forest,Insessorial
Mitrospingus oleagineus,Forest,Insessorial
Mitu mitu,Forest,Terrestrial
Mitu salvini,Forest,Terrestrial
Mitu tomentosum,Forest,Terrestrial
Mitu tuberosum,Forest,Terrestrial
Mixornis bornensis,Forest,Insessorial
Mixornis flavicollis,Forest,Insessorial
Mixornis gularis,Forest,Insessorial
Mixornis kelleyi,Forest,Insessorial
Mixornis prillwitzi,Forest,Insessorial
Mniotilta varia,Forest,Insessorial
Modulatrix orostruthus,Forest,Terrestrial
Modulatrix stictigula,Forest,Generalist
Mohoua albicilla,Forest,Insessorial
Mohoua novaeseelandiae,Forest,Insessorial
Mohoua ochrocephala,Forest,Insessorial
Molothrus aeneus,Forest,Terrestrial
Molothrus armenti,Forest,Terrestrial
Molothrus ater,Forest,Terrestrial
Molothrus bonariensis,Woodland,Terrestrial
Molothrus oryzivorus,Forest,Terrestrial
Molothrus rufoaxillaris,Human Modified,Terrestrial
Momotus aequatorialis,Forest,Insessorial
Momotus bahamensis,Forest,Insessorial
Momotus coeruliceps,Forest,Insessorial
Momotus lessonii,Forest,Insessorial
Momotus mexicanus,Woodland,Insessorial
Momotus momota,Forest,Insessorial
Momotus subrufescens,Forest,Insessorial
Monachella coultasi,Riverine,Insessorial
Monachella muelleriana,Riverine,Insessorial
Monarcha axillaris,Forest,Insessorial
Monarcha barbatus,Forest,Insessorial
Monarcha boanensis,Forest,Insessorial
Monarcha brehmii,Forest,Insessorial
Monarcha browni,Forest,Insessorial
Monarcha castaneiventris,Forest,Insessorial
Monarcha castus,,Insessorial
Monarcha chrysomela,Forest,Insessorial
Monarcha cinerascens,Forest,Insessorial
Monarcha erythrostictus,Forest,Insessorial
Monarcha everetti,Forest,Insessorial
Monarcha frater,Forest,Insessorial
Monarcha godeffroyi,Forest,Insessorial
Monarcha guttula,Forest,Insessorial
Monarcha infelix,Forest,Insessorial
Monarcha julianae,Forest,Insessorial
Monarcha leucotis,Shrubland,Insessorial
Monarcha leucurus,Forest,Insessorial
Monarcha loricatus,Forest,Insessorial
Monarcha manadensis,Forest,Insessorial
Monarcha megarhynchus,Forest,Insessorial
Monarcha melanopsis,Forest,Insessorial
Monarcha menckei,Forest,Insessorial
Monarcha mundus,Forest,Insessorial
Monarcha pileatus,Forest,Insessorial
Monarcha richardsii,Forest,Insessorial
Monarcha rubiensis,Forest,Insessorial
Monarcha sacerdotum,Forest,Insessorial
Monarcha takatsukasae,Forest,Insessorial
Monarcha trivirgatus,Forest,Insessorial
Monarcha ugiensis,Forest,Insessorial
Monarcha verticalis,Forest,Insessorial
Monarcha viduus,Forest,Insessorial
Monasa atra,Forest,Insessorial
Monasa flavirostris,Forest,Insessorial
Monasa morphoeus,Forest,Insessorial
Monasa nigrifrons,Forest,Insessorial
Monias benschi,Woodland,Terrestrial
Montecincla cachinnans,Forest,Insessorial
Montecincla fairbanki,Forest,Insessorial
Montecincla jerdoni,Forest,Insessorial
Montecincla meridionalis,Forest,Insessorial
Monticola angolensis,Woodland,Terrestrial
Monticola brevipes,Shrubland,Terrestrial
Monticola cinclorhyncha,Forest,Insessorial
Monticola cinclorhynchus,Forest,Insessorial
Monticola erythronotus,Forest,Insessorial
Monticola explorator,Grassland,Generalist
Monticola gularis,Forest,Terrestrial
Monticola imerina,Shrubland,Generalist
Monticola imerinus,Shrubland,Generalist
Monticola rufiventris,Forest,Generalist
Monticola rufocinereus,Rock,Insessorial
Monticola rupestris,Shrubland,Generalist
Monticola saxatilis,Rock,Insessorial
Monticola semirufus,Shrubland,Terrestrial
Monticola sharpei,Forest,Insessorial
Monticola solitarius,Rock,Insessorial
Montifringilla adamsi,Desert,Terrestrial
Montifringilla blanfordi,Grassland,Terrestrial
Montifringilla davidiana,Grassland,Terrestrial
Montifringilla henrici,Rock,Terrestrial
Montifringilla nivalis,Rock,Terrestrial
Montifringilla ruficollis,Grassland,Terrestrial
Montifringilla taczanowskii,Grassland,Terrestrial
Montifringilla theresae,Rock,Terrestrial
Morococcyx erythropygus,Shrubland,Insessorial
Morphnarchus princeps,Forest,Insessorial
Morphnus guianensis,Forest,Generalist
Morus bassanus,Marine,Aerial
Morus capensis,Marine,Aerial
Morus serrator,Marine,Aerial
Motacilla aguimp,Riverine,Terrestrial
Motacilla alba,Human Modified,Terrestrial
Motacilla bocagii,Forest,Terrestrial
Motacilla capensis,Wetland,Terrestrial
Motacilla cinerea,Riverine,Terrestrial
Motacilla citreola,Wetland,Terrestrial
Motacilla clara,Forest,Terrestrial
Motacilla flava,Grassland,Terrestrial
Motacilla flaviventris,Riverine,Terrestrial
Motacilla grandis,Riverine,Terrestrial
Motacilla madaraspatensis,Riverine,Terrestrial
Motacilla maderaspatensis,Riverine,Terrestrial
Motacilla samveasnae,Riverine,Generalist
Motacilla tschutschensis,Grassland,Terrestrial
Moupinia poecilotis,Grassland,Insessorial
Mulleripicus fuliginosus,Forest,Insessorial
Mulleripicus fulvus,Forest,Insessorial
Mulleripicus funebris,Forest,Insessorial
Mulleripicus pulverulentus,Forest,Insessorial
Muscicapa adusta,Forest,Insessorial
Muscicapa aquatica,Wetland,Insessorial
Muscicapa boehmi,Woodland,Insessorial
Muscicapa caerulescens,Woodland,Insessorial
Muscicapa cassini,Forest,Insessorial
Muscicapa comitata,Forest,Insessorial
Muscicapa dauurica,Woodland,Insessorial
Muscicapa epulata,Forest,Insessorial
Muscicapa ferruginea,Forest,Insessorial
Muscicapa gambagae,Woodland,Insessorial
Muscicapa griseisticta,Shrubland,Insessorial
Muscicapa infuscata,Forest,Insessorial
Muscicapa lendu,Forest,Insessorial
Muscicapa muttui,Forest,Insessorial
Muscicapa olivascens,Forest,Insessorial
Muscicapa randi,Forest,Insessorial
Muscicapa ruficauda,Forest,Insessorial
Muscicapa segregata,Forest,Insessorial
Muscicapa sethsmithi,Forest,Insessorial
Muscicapa sibirica,Forest,Insessorial
Muscicapa sodhii,Shrubland,Insessorial
Muscicapa striata,Forest,Insessorial
Muscicapa tessmanni,Shrubland,Insessorial
Muscicapa ussheri,Forest,Insessorial
Muscicapa williamsoni,Woodland,Insessorial
Muscicapella hodgsoni,Forest,Insessorial
Muscigralla brevicauda,Shrubland,Terrestrial
Muscipipra vetula,Forest,Insessorial
Muscisaxicola albifrons,Grassland,Terrestrial
Muscisaxicola albilora,Grassland,Terrestrial
Muscisaxicola alpinus,Grassland,Terrestrial
Muscisaxicola capistratus,Grassland,Terrestrial
Muscisaxicola cinereus,Grassland,Terrestrial
Muscisaxicola flavinucha,Grassland,Terrestrial
Muscisaxicola fluviatilis,Riverine,Terrestrial
Muscisaxicola frontalis,Grassland,Terrestrial
Muscisaxicola griseus,Grassland,Terrestrial
Muscisaxicola juninensis,Grassland,Terrestrial
Muscisaxicola maclovianus,Grassland,Terrestrial
Muscisaxicola maculirostris,Shrubland,Terrestrial
Muscisaxicola occipitalis,Grassland,Terrestrial
Muscisaxicola rufivertex,Grassland,Terrestrial
Musophaga rossae,Forest,Insessorial
Musophaga violacea,Forest,Insessorial
Mustelirallus albicollis,Wetland,Terrestrial
Mustelirallus colombianus,Wetland,Terrestrial
Mustelirallus erythrops,Wetland,Terrestrial
Myadestes coloratus,Forest,Insessorial
Myadestes elisabeth,Forest,Insessorial
Myadestes genibarbis,Forest,Insessorial
Myadestes lanaiensis,Forest,Insessorial
Myadestes melanops,Forest,Insessorial
Myadestes obscurus,Forest,Insessorial
Myadestes occidentalis,Forest,Insessorial
Myadestes palmeri,Forest,Insessorial
Myadestes ralloides,Forest,Insessorial
Myadestes townsendi,Forest,Insessorial
Myadestes unicolor,Forest,Insessorial
Mycerobas affinis,Forest,Insessorial
Mycerobas carnipes,Forest,Insessorial
Mycerobas icterioides,Forest,Insessorial
Mycerobas melanozanthos,Forest,Insessorial
Mycteria americana,Wetland,Terrestrial
Mycteria cinerea,Coastal,Terrestrial
Mycteria ibis,Wetland,Terrestrial
Mycteria leucocephala,Wetland,Terrestrial
Myiagra albiventris,Forest,Insessorial
Myiagra alecto,Riverine,Insessorial
Myiagra atra,Forest,Insessorial
Myiagra azureocapilla,Forest,Insessorial
Myiagra caledonica,Woodland,Insessorial
Myiagra castaneigularis,Forest,Insessorial
Myiagra cervinicauda,Forest,Insessorial
Myiagra cervinicolor,Forest,Insessorial
Myiagra cyanoleuca,Shrubland,Insessorial
Myiagra eichhorni,Forest,Insessorial
Myiagra erythrops,Forest,Insessorial
Myiagra ferrocyanea,Forest,Insessorial
Myiagra galeata,Forest,Insessorial
Myiagra hebetior,Forest,Insessorial
Myiagra inquieta,Woodland,Insessorial
Myiagra nana,Woodland,Insessorial
Myiagra oceanica,Forest,Insessorial
Myiagra pluto,Forest,Insessorial
Myiagra rubecula,Forest,Insessorial
Myiagra ruficollis,Woodland,Insessorial
Myiagra vanikorensis,Forest,Insessorial
Myiarchus antillarum,Woodland,Insessorial
Myiarchus apicalis,Shrubland,Insessorial
Myiarchus barbirostris,Forest,Insessorial
Myiarchus cephalotes,Forest,Insessorial
Myiarchus cinerascens,Shrubland,Insessorial
Myiarchus crinitus,Woodland,Insessorial
Myiarchus ferox,Forest,Insessorial
Myiarchus magnirostris,Shrubland,Insessorial
Myiarchus nugator,Forest,Insessorial
Myiarchus nuttingi,Woodland,Insessorial
Myiarchus oberi,Forest,Insessorial
Myiarchus panamensis,Woodland,Insessorial
Myiarchus phaeocephalus,Woodland,Insessorial
Myiarchus sagrae,Forest,Insessorial
Myiarchus semirufus,Shrubland,Insessorial
Myiarchus stolidus,Woodland,Insessorial
Myiarchus swainsoni,Forest,Insessorial
Myiarchus tuberculifer,Forest,Insessorial
Myiarchus tyrannulus,Woodland,Insessorial
Myiarchus validus,Forest,Insessorial
Myiarchus venezuelensis,Forest,Insessorial
Myiarchus yucatanensis,Woodland,Insessorial
Myiobius atricaudus,Forest,Insessorial
Myiobius barbatus,Forest,Insessorial
Myiobius sulphureipygius,Forest,Insessorial
Myiobius villosus,Forest,Insessorial
Myioborus albifacies,,Insessorial
Myioborus albifrons,Forest,Insessorial
Myioborus brunniceps,Forest,Insessorial
Myioborus cardonai,,Insessorial
Myioborus castaneocapilla,Forest,Insessorial
Myioborus chrysops,Forest,Insessorial
Myioborus flavivertex,Forest,Insessorial
Myioborus melanocephalus,Forest,Insessorial
Myioborus miniatus,Forest,Insessorial
Myioborus ornatus,Forest,Insessorial
Myioborus pariae,Forest,Insessorial
Myioborus pictus,Forest,Insessorial
Myioborus torquatus,Forest,Insessorial
Myiodynastes bairdii,Woodland,Insessorial
Myiodynastes chrysocephalus,Forest,Insessorial
Myiodynastes hemichrysus,Forest,Insessorial
Myiodynastes luteiventris,Woodland,Insessorial
Myiodynastes maculatus,Forest,Insessorial
Myiodynastes solitarius,Forest,Insessorial
Myiomela albiventris,Riverine,Generalist
Myiomela cambodiana,Forest,Generalist
Myiomela diana,Forest,Generalist
Myiomela leucura,Forest,Generalist
Myiomela major,Forest,Generalist
Myiopagis caniceps,Forest,Insessorial
Myiopagis cinerea,Forest,Insessorial
Myiopagis cotta,Forest,Insessorial
Myiopagis flavivertex,Forest,Insessorial
Myiopagis gaimardii,Forest,Insessorial
Myiopagis olallai,Forest,Insessorial
Myiopagis parambae,Forest,Insessorial
Myiopagis subplacens,Woodland,Insessorial
Myiopagis viridicata,Forest,Insessorial
Myioparus griseigularis,Forest,Insessorial
Myioparus plumbeus,Forest,Insessorial
Myiophobus crypterythrus,Shrubland,Insessorial
Myiophobus cryptoxanthus,Forest,Insessorial
Myiophobus fasciatus,Shrubland,Insessorial
Myiophobus flavicans,Forest,Insessorial
Myiophobus inornatus,Forest,Insessorial
Myiophobus lintoni,Forest,Insessorial
Myiophobus ochraceiventris,Forest,Insessorial
Myiophobus phoenicomitra,Forest,Insessorial
Myiophobus pulcher,Forest,Insessorial
Myiophobus roraimae,Forest,Insessorial
Myiophobus rufescens,Shrubland,Insessorial
Myiopsitta luchsi,Human Modified,Insessorial
Myiopsitta monachus,Human Modified,Insessorial
Myiornis albiventris,Forest,Insessorial
Myiornis atricapillus,Forest,Insessorial
Myiornis auricularis,Forest,Insessorial
Myiornis ecaudatus,Forest,Insessorial
Myiotheretes fumigatus,Forest,Insessorial
Myiotheretes fuscorufus,Forest,Insessorial
Myiotheretes pernix,Forest,Insessorial
Myiotheretes striaticollis,Shrubland,Insessorial
Myiothlypis basilica,Forest,Insessorial
Myiothlypis bivittata,Forest,Insessorial
Myiothlypis chlorophrys,Forest,Insessorial
Myiothlypis chrysogaster,Forest,Insessorial
Myiothlypis cinereicollis,Forest,Insessorial
Myiothlypis conspicillata,Forest,Insessorial
Myiothlypis coronata,Forest,Insessorial
Myiothlypis euophrys,Forest,Insessorial
Myiothlypis flaveola,Woodland,Generalist
Myiothlypis fraseri,Woodland,Insessorial
Myiothlypis fulvicauda,Forest,Terrestrial
Myiothlypis leucoblephara,Forest,Terrestrial
Myiothlypis leucophrys,Forest,Terrestrial
Myiothlypis luteoviridis,Forest,Insessorial
Myiothlypis mesoleuca,Forest,Terrestrial
Myiothlypis nigrocristata,Forest,Insessorial
Myiothlypis rivularis,Forest,Terrestrial
Myiothlypis roraimae,Forest,Insessorial
Myiothlypis signata,Forest,Insessorial
Myiothlypis striaticeps,Forest,Insessorial
Myiotriccus ornatus,Forest,Insessorial
Myiotriccus phoenicurus,Forest,Insessorial
Myiozetetes cayanensis,Shrubland,Insessorial
Myiozetetes granadensis,Forest,Insessorial
Myiozetetes luteiventris,Forest,Insessorial
Myiozetetes similis,Shrubland,Insessorial
Myophonus blighi,Forest,Terrestrial
Myophonus borneensis,Forest,Terrestrial
Myophonus caeruleus,Forest,Terrestrial
Myophonus castaneus,Forest,Insessorial
Myophonus glaucinus,Forest,Terrestrial
Myophonus horsfieldii,Forest,Terrestrial
Myophonus insularis,Forest,Terrestrial
Myophonus melanurus,Forest,Insessorial
Myophonus robinsoni,Forest,Terrestrial
Myornis senilis,Forest,Insessorial
Myrmeciza atrothorax,Forest,Insessorial
Myrmeciza berlepschi,Forest,Generalist
Myrmeciza castanea,Forest,Insessorial
Myrmeciza disjuncta,Forest,Insessorial
Myrmeciza exsul,Forest,Insessorial
Myrmeciza ferruginea,Forest,Terrestrial
Myrmeciza fortis,Forest,Insessorial
Myrmeciza goeldii,Forest,Insessorial
Myrmeciza griseiceps,Forest,Insessorial
Myrmeciza hemimelaena,Forest,Insessorial
Myrmeciza hyperythra,Forest,Insessorial
Myrmeciza immaculata,Forest,Insessorial
Myrmeciza laemosticta,Forest,Generalist
Myrmeciza longipes,Woodland,Terrestrial
Myrmeciza loricata,Forest,Generalist
Myrmeciza melanoceps,Forest,Insessorial
Myrmeciza nigricauda,Forest,Generalist
Myrmeciza pelzelni,Forest,Terrestrial
Myrmeciza ruficauda,Forest,Terrestrial
Myrmeciza squamosa,Forest,Generalist
Myrmecocichla aethiops,Grassland,Terrestrial
Myrmecocichla albifrons,Woodland,Generalist
Myrmecocichla arnoti,Woodland,Generalist
Myrmecocichla arnotti,Woodland,Generalist
Myrmecocichla cinnamomeiventris,Rock,Insessorial
Myrmecocichla collaris,Woodland,Generalist
Myrmecocichla formicivora,Grassland,Generalist
Myrmecocichla melaena,Rock,Terrestrial
Myrmecocichla monticola,Grassland,Insessorial
Myrmecocichla nigra,Grassland,Terrestrial
Myrmecocichla semirufa,Shrubland,Terrestrial
Myrmecocichla tholloni,Grassland,Terrestrial
Myrmelastes brunneiceps,Forest,Generalist
Myrmelastes caurensis,Forest,Generalist
Myrmelastes humaythae,Forest,Generalist
Myrmelastes hyperythrus,Forest,Insessorial
Myrmelastes leucostigma,Forest,Generalist
Myrmelastes rufifacies,Forest,Generalist
Myrmelastes saturatus,Forest,Generalist
Myrmelastes schistaceus,Forest,Generalist
Myrmia micrura,Shrubland,Aerial
Myrmoborus leucophrys,Forest,Insessorial
Myrmoborus lophotes,Forest,Insessorial
Myrmoborus lugubris,Forest,Insessorial
Myrmoborus melanurus,Forest,Insessorial
Myrmoborus myotherinus,Forest,Insessorial
Myrmochanes hemileucus,Shrubland,Insessorial
Myrmoderus eowilsoni,Forest,Terrestrial
Myrmoderus ferrugineus,Forest,Terrestrial
Myrmoderus loricatus,Forest,Generalist
Myrmoderus ruficauda,Forest,Terrestrial
Myrmoderus squamosus,Forest,Generalist
Myrmophylax atrothorax,Forest,Insessorial
Myrmorchilus strigilatus,Woodland,Terrestrial
Myrmornis stictoptera,Forest,Terrestrial
Myrmornis torquata,Forest,Terrestrial
Myrmothera berlepschi,Forest,Terrestrial
Myrmothera campanisona,Forest,Terrestrial
Myrmothera dives,Forest,Terrestrial
Myrmothera fulviventris,Forest,Terrestrial
Myrmothera simplex,Forest,Terrestrial
Myrmothera subcanescens,Forest,Terrestrial
Myrmotherula ambigua,Forest,Insessorial
Myrmotherula assimilis,Forest,Insessorial
Myrmotherula axillaris,Forest,Insessorial
Myrmotherula behni,Forest,Insessorial
Myrmotherula brachyura,Forest,Insessorial
Myrmotherula cherriei,Shrubland,Insessorial
Myrmotherula fluminensis,Forest,Insessorial
Myrmotherula grisea,Forest,Insessorial
Myrmotherula gularis,Forest,Insessorial
Myrmotherula guttata,Forest,Insessorial
Myrmotherula gutturalis,Forest,Insessorial
Myrmotherula hauxwelli,Forest,Insessorial
Myrmotherula ignota,Forest,Insessorial
Myrmotherula iheringi,Forest,Insessorial
Myrmotherula klagesi,Forest,Insessorial
Myrmotherula longicauda,Forest,Insessorial
Myrmotherula longipennis,Forest,Insessorial
Myrmotherula luctuosa,Forest,Insessorial
Myrmotherula menetriesii,Forest,Insessorial
Myrmotherula minor,Forest,Insessorial
Myrmotherula multostriata,Shrubland,Insessorial
Myrmotherula pacifica,Shrubland,Insessorial
Myrmotherula schisticolor,Forest,Insessorial
Myrmotherula sclateri,Forest,Insessorial
Myrmotherula snowi,Forest,Insessorial
Myrmotherula sunensis,Forest,Insessorial
Myrmotherula surinamensis,Shrubland,Insessorial
Myrmotherula unicolor,Forest,Insessorial
Myrmotherula urosticta,Forest,Insessorial
Myrtis fanny,Shrubland,Aerial
Mystacornis crossleyi,Forest,Terrestrial
Myza celebensis,Forest,Insessorial
Myza sarasinorum,Forest,Insessorial
Myzomela adolphinae,Forest,Insessorial
Myzomela albigula,,Insessorial
Myzomela batjanensis,Forest,Insessorial
Myzomela blasii,Forest,Insessorial
Myzomela boiei,Forest,Insessorial
Myzomela caledonica,Forest,Insessorial
Myzomela cardinalis,Forest,Insessorial
Myzomela chermesina,Forest,Insessorial
Myzomela chloroptera,Forest,Insessorial
Myzomela cineracea,Forest,Insessorial
Myzomela cruentata,Forest,Insessorial
Myzomela dammermani,Forest,Insessorial
Myzomela eichhorni,Forest,Insessorial
Myzomela eques,Forest,Insessorial
Myzomela erythrina,Forest,Insessorial
Myzomela erythrocephala,Woodland,Insessorial
Myzomela erythromelas,Forest,Insessorial
Myzomela irianawidodoae,,Insessorial
Myzomela jugularis,Forest,Insessorial
Myzomela kuehni,Shrubland,Insessorial
Myzomela lafargei,Forest,Insessorial
Myzomela longirostris,Shrubland,Insessorial
Myzomela malaitae,Forest,Insessorial
Myzomela melanocephala,Forest,Insessorial
Myzomela nigrita,Forest,Insessorial
Myzomela nigriventris,Forest,Insessorial
Myzomela obscura,Forest,Insessorial
Myzomela pammelaena,Forest,Insessorial
Myzomela prawiradilagae,,Insessorial
Myzomela pulchella,Forest,Insessorial
Myzomela rosenbergii,Shrubland,Insessorial
Myzomela rubratra,Forest,Insessorial
Myzomela rubrobrunnea,Forest,Insessorial
Myzomela rubrotincta,Forest,Insessorial
Myzomela sanguinolenta,Forest,Insessorial
Myzomela sclateri,Forest,Insessorial
Myzomela simplex,Forest,Insessorial
Myzomela tristrami,Forest,Insessorial
Myzomela vulnerata,Forest,Insessorial
Myzomela wahe,,Insessorial
Myzomela wakoloensis,Forest,Insessorial
Myzornis pyrrhoura,Shrubland,Insessorial
Namibornis herero,Shrubland,Insessorial
Nandayus nenday,Forest,Insessorial
Nannopsittaca dachilleae,Forest,Insessorial
Nannopsittaca panychlora,Forest,Insessorial
Nannopterum auritum,Marine,Aquatic
Nannopterum auritus,Marine,Aquatic
Nannopterum brasilianum,Wetland,Generalist
Nannopterum brasilianus,Wetland,Generalist
Nannopterum harrisi,Marine,Aquatic
Napothera albostriata,Forest,Terrestrial
Napothera brevicaudata,Forest,Terrestrial
Napothera crassa,Forest,Terrestrial
Napothera danjoui,Forest,Terrestrial
Napothera epilepidota,Forest,Terrestrial
Napothera malacoptila,Forest,Terrestrial
Napothera naungmungensis,Forest,Terrestrial
Napothera pasquieri,Forest,Terrestrial
Nasica longirostris,Forest,Insessorial
Neafrapus boehmi,Woodland,Aerial
Neafrapus cassini,Forest,Aerial
Necrosyrtes monachus,Shrubland,Terrestrial
Nectarinia adelberti,Forest,Insessorial
Nectarinia afra,Shrubland,Insessorial
Nectarinia alinae,Forest,Insessorial
Nectarinia amethystina,Woodland,Insessorial
Nectarinia asiatica,Shrubland,Insessorial
Nectarinia aspasia,Forest,Insessorial
Nectarinia balfouri,Shrubland,Insessorial
Nectarinia bannermani,Forest,Insessorial
Nectarinia batesi,Forest,Insessorial
Nectarinia bifasciata,Shrubland,Insessorial
Nectarinia bocagii,Woodland,Insessorial
Nectarinia bouvieri,Grassland,Insessorial
Nectarinia buettikoferi,Forest,Insessorial
Nectarinia calcostetha,Woodland,Insessorial
Nectarinia chalcomelas,Shrubland,Insessorial
Nectarinia chalybea,Shrubland,Insessorial
Nectarinia chloropygia,Shrubland,Insessorial
Nectarinia coccinigaster,Shrubland,Insessorial
Nectarinia comorensis,Forest,Insessorial
Nectarinia congensis,Forest,Insessorial
Nectarinia coquerellii,Shrubland,Insessorial
Nectarinia cuprea,Shrubland,Insessorial
Nectarinia cyanolaema,Forest,Insessorial
Nectarinia dussumieri,Forest,Insessorial
Nectarinia erythrocerca,Wetland,Insessorial
Nectarinia famosa,Shrubland,Insessorial
Nectarinia fuelleborni,Forest,Insessorial
Nectarinia fuliginosa,Woodland,Insessorial
Nectarinia fusca,Desert,Insessorial
Nectarinia habessinica,Shrubland,Insessorial
Nectarinia hartlaubii,Forest,Insessorial
Nectarinia humbloti,Forest,Insessorial
Nectarinia hunteri,Shrubland,Insessorial
Nectarinia johannae,Forest,Insessorial
Nectarinia johnstoni,Grassland,Insessorial
Nectarinia jugularis,Shrubland,Insessorial
Nectarinia kilimensis,Woodland,Insessorial
Nectarinia lotenia,Forest,Insessorial
Nectarinia loveridgei,Forest,Insessorial
Nectarinia ludovicensis,Forest,Insessorial
Nectarinia manoensis,Woodland,Insessorial
Nectarinia mariquensis,Woodland,Insessorial
Nectarinia mediocris,Forest,Insessorial
Nectarinia minima,Forest,Insessorial
Nectarinia minulla,Forest,Insessorial
Nectarinia moreaui,Forest,Insessorial
Nectarinia nectarinioides,Shrubland,Insessorial
Nectarinia neergardi,Shrubland,Insessorial
Nectarinia newtonii,Forest,Insessorial
Nectarinia notata,Forest,Insessorial
Nectarinia olivacea,Forest,Insessorial
Nectarinia oritis,Forest,Insessorial
Nectarinia osea,Shrubland,Insessorial
Nectarinia oustaleti,Shrubland,Insessorial
Nectarinia pembae,Forest,Insessorial
Nectarinia preussi,Forest,Insessorial
Nectarinia pulchella,Woodland,Insessorial
Nectarinia purpureiventris,Forest,Insessorial
Nectarinia regia,Forest,Insessorial
Nectarinia reichenbachii,Wetland,Insessorial
Nectarinia reichenowi,Grassland,Insessorial
Nectarinia rockefelleri,Forest,Insessorial
Nectarinia rubescens,Forest,Insessorial
Nectarinia rufipennis,Forest,Insessorial
Nectarinia seimundi,Forest,Insessorial
Nectarinia senegalensis,Shrubland,Insessorial
Nectarinia shelleyi,Shrubland,Insessorial
Nectarinia solaris,Forest,Insessorial
Nectarinia sovimanga,Forest,Insessorial
Nectarinia sperata,Forest,Insessorial
Nectarinia stuhlmanni,Shrubland,Insessorial
Nectarinia superba,Forest,Insessorial
Nectarinia tacazze,Forest,Insessorial
Nectarinia talatala,Woodland,Insessorial
Nectarinia thomensis,Forest,Insessorial
Nectarinia tsavoensis,Shrubland,Insessorial
Nectarinia ursulae,Forest,Insessorial
Nectarinia venusta,Woodland,Insessorial
Nectarinia veroxii,Forest,Insessorial
Nectarinia verticalis,Woodland,Insessorial
Nectarinia violacea,Shrubland,Insessorial
Nectarinia zeylonica,Forest,Insessorial
Nemosia pileata,Forest,Insessorial
Nemosia rourei,,Insessorial
Nengetus cinereus,Grassland,Insessorial
Neochelidon tibialis,Forest,Aerial
Neochen jubata,Riverine,Terrestrial
Neochmia evangelinae,Shrubland,Generalist
Neochmia modesta,Shrubland,Terrestrial
Neochmia phaeton,Shrubland,Generalist
Neochmia ruficauda,Wetland,Terrestrial
Neochmia temporalis,Woodland,Terrestrial
Neocichla gutturalis,Woodland,Generalist
Neocossyphus finschi,Forest,Insessorial
Neocossyphus fraseri,Forest,Insessorial
Neocossyphus poensis,Forest,Terrestrial
Neocossyphus rufus,Forest,Generalist
Neocrex colombiana,Wetland,Terrestrial
Neocrex erythrops,Wetland,Terrestrial
Neoctantes niger,Forest,Insessorial
Neodrepanis coruscans,Forest,Insessorial
Neodrepanis hypoxantha,Forest,Insessorial
Neolalage banksiana,Forest,Insessorial
Neolestes torquatus,Shrubland,Insessorial
Neomixis flavoviridis,Forest,Insessorial
Neomixis pallidior,Forest,Insessorial
Neomixis striatigula,Forest,Insessorial
Neomixis tenella,Forest,Insessorial
Neomixis viridis,Forest,Insessorial
Neomorphus geoffroyi,Forest,Terrestrial
Neomorphus pucheranii,Forest,Terrestrial
Neomorphus radiolosus,Forest,Terrestrial
Neomorphus rufipennis,Forest,Terrestrial
Neomorphus squamiger,Forest,Terrestrial
Neopelma aurifrons,Forest,Insessorial
Neopelma chrysocephalum,Shrubland,Insessorial
Neopelma chrysolophum,Forest,Insessorial
Neopelma pallescens,Forest,Insessorial
Neopelma sulphureiventer,Forest,Insessorial
Neophedina cincta,Grassland,Aerial
Neophema bourkii,Shrubland,Terrestrial
Neophema chrysogaster,Forest,Terrestrial
Neophema chrysostoma,Woodland,Terrestrial
Neophema elegans,Woodland,Terrestrial
Neophema petrophila,Woodland,Terrestrial
Neophema pulchella,Forest,Insessorial
Neophema splendida,Shrubland,Terrestrial
Neophron percnopterus,Grassland,Generalist
Neopipo cinnamomea,Forest,Insessorial
Neopsephotus bourkii,Shrubland,Terrestrial
Neopsittacus musschenbroekii,Forest,Insessorial
Neopsittacus pullicauda,Forest,Insessorial
Neospiza concolor,Forest,Insessorial
Neosuthora davidiana,Forest,Insessorial
Neothraupis fasciata,Woodland,Generalist
Neotis denhami,Grassland,Terrestrial
Neotis heuglinii,Desert,Terrestrial
Neotis ludwigii,Shrubland,Terrestrial
Neotis nuba,Desert,Terrestrial
Neoxolmis coronatus,Shrubland,Insessorial
Neoxolmis rubetra,Shrubland,Generalist
Neoxolmis rufiventris,Grassland,Insessorial
Neoxolmis salinarum,Shrubland,Generalist
Nephelomyias lintoni,Forest,Insessorial
Nephelomyias ochraceiventris,Forest,Insessorial
Nephelomyias pulcher,Forest,Insessorial
Nephelornis oneilli,Forest,Insessorial
Nesasio solomonensis,Forest,Insessorial
Nesillas brevicaudata,Forest,Insessorial
Nesillas lantzii,Shrubland,Insessorial
Nesillas longicaudata,Forest,Insessorial
Nesillas mariae,Forest,Insessorial
Nesillas typica,Forest,Insessorial
Nesocharis ansorgei,Forest,Insessorial
Nesocharis capistrata,Woodland,Insessorial
Nesocharis shelleyi,Forest,Insessorial
Nesocichla eremita,Shrubland,Terrestrial
Nesoclopeus woodfordi,Forest,Terrestrial
Nesoctites micromegas,Woodland,Insessorial
Nesoenas mayeri,Forest,Generalist
Nesoenas picturata,Forest,Terrestrial
Nesoenas picturatus,Forest,Terrestrial
Nesofregetta fuliginosa,Marine,Aerial
Nesophlox evelynae,Human Modified,Aerial
Nesophlox lyrura,Human Modified,Aerial
Nesopsar nigerrimus,Forest,Insessorial
Nesoptilotis flavicollis,Forest,Insessorial
Nesoptilotis leucotis,Shrubland,Insessorial
Nesospingus speculiferus,Forest,Insessorial
Nesospiza acunhae,Shrubland,Generalist
Nesospiza questi,Shrubland,Generalist
Nesospiza wilkinsi,Shrubland,Insessorial
Nesotriccus ridgwayi,Forest,Insessorial
Nestor meridionalis,Forest,Insessorial
Nestor notabilis,Grassland,Insessorial
Netta erythrophthalma,Wetland,Aquatic
Netta peposaca,Wetland,Aquatic
Netta rufina,Wetland,Aquatic
Nettapus auritus,Wetland,Aquatic
Nettapus coromandelianus,Wetland,Aquatic
Nettapus pulchellus,Wetland,Aquatic
Newtonia amphichroa,Forest,Insessorial
Newtonia archboldi,Shrubland,Insessorial
Newtonia brunneicauda,Forest,Insessorial
Newtonia fanovanae,Forest,Insessorial
Nicator chloris,Forest,Insessorial
Nicator gularis,Woodland,Insessorial
Nicator vireo,Forest,Insessorial
Nicopsitta calthrapae,Forest,Insessorial
Nicopsitta columboides,Forest,Insessorial
Nigrita bicolor,Forest,Insessorial
Nigrita canicapillus,Forest,Insessorial
Nigrita fusconotus,Forest,Insessorial
Nigrita luteifrons,Forest,Insessorial
Nilaus afer,Woodland,Insessorial
Niltava davidi,Forest,Insessorial
Niltava grandis,Forest,Insessorial
Niltava macgrigoriae,Forest,Insessorial
Niltava oatesi,Forest,Insessorial
Niltava sumatrana,Forest,Insessorial
Niltava sundara,Forest,Insessorial
Niltava vivida,Forest,Insessorial
Ninox affinis,Forest,Insessorial
Ninox boobook,Forest,Insessorial
Ninox burhani,Forest,Insessorial
Ninox connivens,Forest,Insessorial
Ninox forbesi,Forest,Insessorial
Ninox fusca,Forest,Insessorial
Ninox granti,Forest,Insessorial
Ninox hantu,Forest,Insessorial
Ninox hypogramma,Forest,Insessorial
Ninox ios,Forest,Insessorial
Ninox jacquinoti,Forest,Insessorial
Ninox japonica,Forest,Insessorial
Ninox leucopsis,Forest,Insessorial
Ninox leventisi,Forest,Insessorial
Ninox malaitae,Forest,Insessorial
Ninox meeki,Forest,Insessorial
Ninox mindorensis,Forest,Insessorial
Ninox natalis,Forest,Insessorial
Ninox novaeseelandiae,Forest,Insessorial
Ninox obscura,Forest,Insessorial
Ninox ochracea,Forest,Insessorial
Ninox odiosa,Forest,Insessorial
Ninox philippensis,Forest,Insessorial
Ninox plesseni,Forest,Insessorial
Ninox punctulata,Forest,Insessorial
Ninox randi,Forest,Insessorial
Ninox reyi,Forest,Insessorial
Ninox roseoaxillaris,Forest,Insessorial
Ninox rotiensis,Forest,Insessorial
Ninox rudolfi,Forest,Insessorial
Ninox rufa,Forest,Insessorial
Ninox rumseyi,Forest,Insessorial
Ninox scutulata,Forest,Insessorial
Ninox spilocephala,Forest,Insessorial
Ninox spilonotus,Forest,Insessorial
Ninox squamipila,Forest,Insessorial
Ninox strenua,Forest,Insessorial
Ninox sumbaensis,Forest,Insessorial
Ninox superciliaris,Shrubland,Insessorial
Ninox theomacha,Forest,Insessorial
Ninox variegata,Forest,Insessorial
Nipponia nippon,Wetland,Terrestrial
Nisaetus alboniger,Forest,Insessorial
Nisaetus bartelsi,Forest,Insessorial
Nisaetus cirrhatus,Forest,Insessorial
Nisaetus floris,Forest,Insessorial
Nisaetus kelaarti,Forest,Insessorial
Nisaetus lanceolatus,Forest,Insessorial
Nisaetus nanus,Forest,Insessorial
Nisaetus nipalensis,Forest,Insessorial
Nisaetus philippensis,Forest,Insessorial
Nisaetus pinskeri,Forest,Insessorial
Nok hualon,,Insessorial
Nomonyx dominicus,Wetland,Aquatic
Nonnula amaurocephala,Forest,Insessorial
Nonnula brunnea,Forest,Insessorial
Nonnula frontalis,Forest,Insessorial
Nonnula rubecula,Forest,Insessorial
Nonnula ruficapilla,Forest,Insessorial
Nonnula sclateri,Forest,Insessorial
Northiella haematogaster,Woodland,Insessorial
Northiella narethae,Woodland,Insessorial
Notharchus hyperrhynchus,Forest,Insessorial
Notharchus macrorhynchos,Forest,Insessorial
Notharchus ordii,Forest,Insessorial
Notharchus pectoralis,Forest,Insessorial
Notharchus subtectus,Forest,Insessorial
Notharchus swainsoni,Forest,Insessorial
Notharchus tectus,Forest,Insessorial
Nothocercus bonapartei,Forest,Terrestrial
Nothocercus julius,Forest,Terrestrial
Nothocercus nigrocapillus,Forest,Terrestrial
Nothocrax urumutum,Forest,Terrestrial
Nothoprocta cinerascens,Shrubland,Terrestrial
Nothoprocta curvirostris,Grassland,Terrestrial
Nothoprocta ornata,Grassland,Terrestrial
Nothoprocta pentlandii,Shrubland,Terrestrial
Nothoprocta perdicaria,Shrubland,Terrestrial
Nothoprocta taczanowskii,Shrubland,Terrestrial
Nothura boraquira,Shrubland,Terrestrial
Nothura chacoensis,Grassland,Terrestrial
Nothura darwinii,Grassland,Terrestrial
Nothura maculosa,Grassland,Terrestrial
Nothura minor,Grassland,Terrestrial
Notiochelidon flavipes,Forest,Aerial
Notiochelidon murina,Grassland,Aerial
Notiochelidon pileata,Forest,Aerial
Notiomystis cincta,Forest,Insessorial
Notopholia corusca,Woodland,Insessorial
Nucifraga caryocatactes,Forest,Insessorial
Nucifraga columbiana,Forest,Insessorial
Nucifraga hemispila,Forest,Insessorial
Nucifraga multipunctata,Forest,Insessorial
Numenius americanus,Grassland,Terrestrial
Numenius arquata,Grassland,Terrestrial
Numenius borealis,Grassland,Terrestrial
Numenius madagascariensis,Wetland,Terrestrial
Numenius minutus,Grassland,Terrestrial
Numenius phaeopus,Grassland,Terrestrial
Numenius tahitiensis,Grassland,Terrestrial
Numenius tenuirostris,Wetland,Terrestrial
Numida meleagris,Woodland,Terrestrial
Nyctanassa violacea,Coastal,Terrestrial
Nyctibius aethereus,Forest,Insessorial
Nyctibius bracteatus,Forest,Insessorial
Nyctibius grandis,Forest,Insessorial
Nyctibius griseus,Forest,Insessorial
Nyctibius jamaicensis,Forest,Insessorial
Nyctibius leucopterus,Forest,Insessorial
Nyctibius maculosus,Forest,Insessorial
Nycticorax caledonicus,Wetland,Terrestrial
Nycticorax nycticorax,Wetland,Terrestrial
Nycticryphes semicollaris,Wetland,Terrestrial
Nyctidromus albicollis,Woodland,Insessorial
Nyctidromus anthonyi,Shrubland,Aerial
Nyctiphrynus mcleodii,Forest,Insessorial
Nyctiphrynus ocellatus,Forest,Insessorial
Nyctiphrynus rosenbergi,Forest,Aerial
Nyctiphrynus yucatanicus,Shrubland,Insessorial
Nyctipolus hirundinaceus,Woodland,Aerial
Nyctipolus nigrescens,Rock,Aerial
Nyctiprogne leucopyga,Forest,Aerial
Nyctiprogne vielliardi,Woodland,Aerial
Nyctyornis amictus,Forest,Insessorial
Nyctyornis athertoni,Forest,Insessorial
Nymphicus hollandicus,Grassland,Terrestrial
Nystactes noanamae,Forest,Insessorial
Nystactes tamatia,Forest,Insessorial
Nystalus chacuru,Woodland,Insessorial
Nystalus maculatus,Forest,Insessorial
Nystalus obamai,Forest,Insessorial
Nystalus radiatus,Forest,Insessorial
Nystalus striolatus,Forest,Insessorial
Oceanites gracilis,Marine,Aerial
Oceanites maorianus,Marine,Aerial
Oceanites oceanicus,Marine,Aerial
Oceanites pincoyae,,Aerial
Oceanodroma castro,Marine,Aerial
Oceanodroma furcata,Marine,Aerial
Oceanodroma homochroa,Marine,Aerial
Oceanodroma hornbyi,Marine,Aerial
Oceanodroma leucorhoa,Marine,Aerial
Oceanodroma markhami,Marine,Aerial
Oceanodroma matsudairae,Marine,Aerial
Oceanodroma melania,Marine,Aerial
Oceanodroma monorhis,Marine,Aerial
Oceanodroma monteiroi,Marine,Aerial
Oceanodroma tethys,Marine,Aerial
Oceanodroma tristrami,Marine,Aerial
Ochetorhynchus andaecola,Shrubland,Terrestrial
Ochetorhynchus melanura,Shrubland,Terrestrial
Ochetorhynchus melanurus,Shrubland,Terrestrial
Ochetorhynchus phoenicurus,Shrubland,Terrestrial
Ochetorhynchus ruficaudus,Shrubland,Terrestrial
Ochthoeca cinnamomeiventris,Shrubland,Insessorial
Ochthoeca diadema,Forest,Insessorial
Ochthoeca frontalis,Forest,Insessorial
Ochthoeca fumicolor,Grassland,Insessorial
Ochthoeca jelskii,Forest,Insessorial
Ochthoeca leucophrys,Shrubland,Insessorial
Ochthoeca nigrita,Shrubland,Insessorial
Ochthoeca oenanthoides,Shrubland,Insessorial
Ochthoeca piurae,Shrubland,Insessorial
Ochthoeca pulchella,Forest,Insessorial
Ochthoeca rufipectoralis,Forest,Insessorial
Ochthoeca salvini,Woodland,Insessorial
Ochthoeca superciliosa,Grassland,Insessorial
Ochthoeca thoracica,Shrubland,Insessorial
Ochthornis littoralis,Riverine,Insessorial
Ocreatus underwoodii,Forest,Aerial
Oculocincta squamifrons,Forest,Insessorial
Ocyalus latirostris,Forest,Insessorial
Ocyceros birostris,Woodland,Insessorial
Ocyceros gingalensis,Forest,Insessorial
Ocyceros griseus,Forest,Insessorial
Ocyphaps lophotes,Grassland,Terrestrial
Odontophorus atrifrons,Forest,Terrestrial
Odontophorus balliviani,Forest,Terrestrial
Odontophorus capueira,Forest,Terrestrial
Odontophorus columbianus,Forest,Terrestrial
Odontophorus dialeucos,Forest,Terrestrial
Odontophorus erythrops,Forest,Terrestrial
Odontophorus gujanensis,Forest,Terrestrial
Odontophorus guttatus,Forest,Terrestrial
Odontophorus hyperythrus,Forest,Terrestrial
Odontophorus leucolaemus,Forest,Terrestrial
Odontophorus melanonotus,Forest,Terrestrial
Odontophorus melanotis,Forest,Terrestrial
Odontophorus speciosus,Forest,Terrestrial
Odontophorus stellatus,Forest,Terrestrial
Odontophorus strophium,Forest,Terrestrial
Odontorchilus branickii,Forest,Insessorial
Odontorchilus cinereus,Forest,Insessorial
Odontospiza griseicapilla,Shrubland,Terrestrial
Oedistoma iliolophus,Forest,Insessorial
Oedistoma pygmaeum,Forest,Insessorial
Oena capensis,Shrubland,Terrestrial
Oenanthe albifrons,Woodland,Generalist
Oenanthe albonigra,Rock,Insessorial
Oenanthe bifasciata,Rock,Insessorial
Oenanthe bottae,Grassland,Insessorial
Oenanthe chrysopygia,Rock,Insessorial
Oenanthe cypriaca,Forest,Insessorial
Oenanthe deserti,Grassland,Insessorial
Oenanthe dubia,Shrubland,Insessorial
Oenanthe familiaris,Shrubland,Insessorial
Oenanthe finschii,Rock,Insessorial
Oenanthe frenata,Grassland,Insessorial
Oenanthe fusca,Rock,Insessorial
Oenanthe heuglini,Grassland,Insessorial
Oenanthe heuglinii,Grassland,Insessorial
Oenanthe hispanica,Shrubland,Insessorial
Oenanthe isabellina,Shrubland,Insessorial
Oenanthe leucopyga,Desert,Insessorial
Oenanthe leucura,Rock,Insessorial
Oenanthe lugens,Rock,Insessorial
Oenanthe lugentoides,Rock,Insessorial
Oenanthe lugubris,Rock,Insessorial
Oenanthe melanoleuca,Shrubland,Insessorial
Oenanthe melanura,Rock,Insessorial
Oenanthe moesta,Desert,Insessorial
Oenanthe monacha,Desert,Insessorial
Oenanthe monticola,Grassland,Insessorial
Oenanthe oenanthe,Grassland,Insessorial
Oenanthe phillipsi,Desert,Insessorial
Oenanthe picata,Desert,Insessorial
Oenanthe pileata,Grassland,Insessorial
Oenanthe pleschanka,Rock,Insessorial
Oenanthe scotocerca,Rock,Generalist
Oenanthe seebohmi,Grassland,Insessorial
Oenanthe xanthoprymna,Rock,Insessorial
Ognorhynchus icterotis,Forest,Insessorial
Oncostoma cinereigulare,Forest,Insessorial
Oncostoma olivaceum,Forest,Insessorial
Oneillornis lunulatus,Forest,Insessorial
Oneillornis salvini,Forest,Insessorial
Onychognathus albirostris,Rock,Insessorial
Onychognathus blythii,Rock,Insessorial
Onychognathus frater,Rock,Insessorial
Onychognathus fulgidus,Forest,Insessorial
Onychognathus morio,Rock,Insessorial
Onychognathus nabouroup,Rock,Insessorial
Onychognathus neumanni,Rock,Insessorial
Onychognathus salvadorii,Rock,Insessorial
Onychognathus tenuirostris,Forest,Insessorial
Onychognathus tristramii,Rock,Insessorial
Onychognathus walleri,Forest,Insessorial
Onychoprion aleuticus,Coastal,Aerial
Onychoprion anaethetus,Marine,Aerial
Onychoprion fuscatus,Marine,Aerial
Onychoprion lunatus,Marine,Aerial
Onychorhynchus coronatus,Forest,Insessorial
Onychorhynchus mexicanus,Forest,Insessorial
Onychorhynchus occidentalis,Forest,Insessorial
Onychorhynchus swainsoni,Forest,Insessorial
Onychostruthus taczanowskii,Grassland,Terrestrial
Ophrysia superciliosa,,Terrestrial
Opisthocomus hoazin,Riverine,Insessorial
Opisthoprora euryptera,Shrubland,Aerial
Oporornis agilis,Forest,Terrestrial
Oporornis formosus,Forest,Generalist
Oporornis philadelphia,Forest,Insessorial
Oporornis tolmiei,Forest,Generalist
Orchesticus abeillei,Forest,Insessorial
Oreocharis arfaki,Forest,Insessorial
Oreocossypha isabellae,Forest,Generalist
Oreoica gutturalis,Shrubland,Terrestrial
Oreolais pulcher,Forest,Insessorial
Oreolais pulchra,Forest,Insessorial
Oreolais ruwenzorii,Forest,Insessorial
Oreomanes fraseri,Forest,Insessorial
Oreomystis bairdi,Forest,Insessorial
Oreomystis mana,Forest,Insessorial
Oreonympha albolimbata,Shrubland,Generalist
Oreonympha nobilis,Shrubland,Generalist
Oreophasis derbianus,Forest,Insessorial
Oreophilais robertsi,Shrubland,Insessorial
Oreopholus ruficollis,Grassland,Terrestrial
Oreophylax moreirae,Shrubland,Insessorial
Oreopsar bolivianus,Shrubland,Terrestrial
Oreopsittacus arfaki,Forest,Insessorial
Oreornis chrysogenys,Forest,Insessorial
Oreortyx pictus,Shrubland,Terrestrial
Oreoscoptes montanus,Shrubland,Terrestrial
Oreoscopus gutturalis,Forest,Terrestrial
Oreostruthus fuliginosus,Woodland,Generalist
Oreothlypis gutturalis,Forest,Insessorial
Oreothlypis superciliosa,Forest,Insessorial
Oreothraupis arremonops,Forest,Terrestrial
Oreotrochilus adela,Forest,Aerial
Oreotrochilus chimborazo,Grassland,Insessorial
Oreotrochilus cyanolaemus,Grassland,Insessorial
Oreotrochilus estella,Grassland,Insessorial
Oreotrochilus leucopleurus,Grassland,Aerial
Oreotrochilus melanogaster,Grassland,Aerial
Oreotrochilus stolzmanni,Grassland,Insessorial
Oressochen jubatus,Riverine,Terrestrial
Oressochen melanopterus,Wetland,Terrestrial
Origma solitaria,Rock,Generalist
Oriolia bernieri,Forest,Insessorial
Oriolus albiloris,Forest,Insessorial
Oriolus auratus,Woodland,Insessorial
Oriolus bouroensis,Forest,Insessorial
Oriolus brachyrhynchus,Forest,Insessorial
Oriolus brachyrynchus,Forest,Insessorial
Oriolus chinensis,Forest,Insessorial
Oriolus chlorocephalus,Forest,Insessorial
Oriolus consanguineus,Forest,Insessorial
Oriolus crassirostris,Forest,Insessorial
Oriolus cruentus,Forest,Insessorial
Oriolus decipiens,Forest,Insessorial
Oriolus finschi,Forest,Insessorial
Oriolus flavocinctus,Forest,Insessorial
Oriolus forsteni,Forest,Insessorial
Oriolus hosii,Forest,Insessorial
Oriolus isabellae,Forest,Insessorial
Oriolus kundoo,Woodland,Insessorial
Oriolus larvatus,Woodland,Insessorial
Oriolus melanotis,Forest,Insessorial
Oriolus mellianus,Forest,Insessorial
Oriolus monacha,Woodland,Insessorial
Oriolus nigripennis,Forest,Insessorial
Oriolus oriolus,Woodland,Insessorial
Oriolus percivali,Forest,Insessorial
Oriolus phaeochromus,Forest,Insessorial
Oriolus sagittatus,Woodland,Insessorial
Oriolus steerii,Forest,Insessorial
Oriolus szalayi,Forest,Insessorial
Oriolus tenuirostris,Forest,Insessorial
Oriolus traillii,Forest,Insessorial
Oriolus xanthonotus,Forest,Insessorial
Oriolus xanthornus,Forest,Insessorial
Oriturus superciliosus,Grassland,Generalist
Ornithion brunneicapillus,Forest,Insessorial
Ornithion inerme,Forest,Insessorial
Ornithion semiflavum,Forest,Insessorial
Ornorectes cristatus,Forest,Terrestrial
Oroanassa magnifica,Forest,Terrestrial
Orochelidon andecola,Grassland,Aerial
Orochelidon flavipes,Forest,Aerial
Orochelidon murina,Grassland,Aerial
Ortalis araucuan,Shrubland,Insessorial
Ortalis canicollis,Woodland,Insessorial
Ortalis cinereiceps,Shrubland,Insessorial
Ortalis columbiana,Shrubland,Insessorial
Ortalis erythroptera,Forest,Insessorial
Ortalis garrula,Shrubland,Insessorial
Ortalis guttata,Shrubland,Insessorial
Ortalis leucogastra,Woodland,Insessorial
Ortalis motmot,Forest,Insessorial
Ortalis poliocephala,Woodland,Generalist
Ortalis ruficauda,Woodland,Insessorial
Ortalis ruficeps,Forest,Insessorial
Ortalis squamata,Shrubland,Insessorial
Ortalis superciliaris,Shrubland,Insessorial
Ortalis vetula,Shrubland,Insessorial
Ortalis wagleri,Woodland,Insessorial
Orthogonys chloricterus,Forest,Insessorial
Orthonyx novaeguineae,Forest,Terrestrial
Orthonyx spaldingii,Forest,Terrestrial
Orthonyx temminckii,Forest,Terrestrial
Orthopsittaca manilata,Woodland,Insessorial
Orthopsittaca manilatus,Woodland,Insessorial
Orthorhyncus cristatus,Human Modified,Aerial
Orthotomus atrogularis,Forest,Insessorial
Orthotomus castaneiceps,Forest,Insessorial
Orthotomus chaktomuk,Forest,Insessorial
Orthotomus chloronotus,Forest,Insessorial
Orthotomus cinereiceps,Forest,Insessorial
Orthotomus cuculatus,Shrubland,Insessorial
Orthotomus derbianus,Forest,Insessorial
Orthotomus frontalis,Forest,Insessorial
Orthotomus heterolaemus,Forest,Insessorial
Orthotomus nigriceps,Forest,Insessorial
Orthotomus ruficeps,Shrubland,Insessorial
Orthotomus samarensis,Forest,Insessorial
Orthotomus sepium,Forest,Insessorial
Orthotomus sericeus,Forest,Insessorial
Orthotomus sutorius,Shrubland,Insessorial
Ortygornis gularis,Wetland,Terrestrial
Ortygornis pondicerianus,Grassland,Terrestrial
Ortygornis sephaena,Shrubland,Terrestrial
Ortygospiza atricollis,Grassland,Terrestrial
Ortygospiza fuscocrissa,Grassland,Terrestrial
Ortygospiza gabonensis,Grassland,Terrestrial
Ortygospiza locustella,Grassland,Terrestrial
Ortyxelos meiffrenii,Grassland,Terrestrial
Oryzoborus angolensis,Shrubland,Insessorial
Oryzoborus atrirostris,Grassland,Insessorial
Oryzoborus crassirostris,Shrubland,Insessorial
Oryzoborus funereus,Human Modified,Insessorial
Oryzoborus maximiliani,Wetland,Insessorial
Oryzoborus nuttingi,Shrubland,Insessorial
Otidiphaps aruensis,Forest,Terrestrial
Otidiphaps cervicalis,Forest,Terrestrial
Otidiphaps insularis,Forest,Terrestrial
Otidiphaps nobilis,Forest,Terrestrial
Otis tarda,Grassland,Terrestrial
Otocichla mupinensis,Forest,Generalist
Otus alfredi,Forest,Insessorial
Otus alius,Forest,Insessorial
Otus angelinae,Forest,Insessorial
Otus bakkamoena,Forest,Insessorial
Otus balli,Forest,Insessorial
Otus beccarii,Forest,Insessorial
Otus brookii,Forest,Insessorial
Otus brucei,Woodland,Insessorial
Otus capnodes,Forest,Insessorial
Otus collari,Forest,Insessorial
Otus cyprius,Woodland,Insessorial
Otus elegans,Forest,Insessorial
Otus enganensis,,Insessorial
Otus everetti,Forest,Insessorial
Otus feae,Woodland,Insessorial
Otus flammeolus,Forest,Insessorial
Otus fuliginosus,Forest,Insessorial
Otus gurneyi,Forest,Insessorial
Otus hartlaubi,Forest,Insessorial
Otus icterorhynchus,Forest,Insessorial
Otus insularis,Forest,Insessorial
Otus ireneae,Forest,Insessorial
Otus jolandae,Forest,Insessorial
Otus lempiji,Forest,Insessorial
Otus lettia,Forest,Insessorial
Otus leucotis,Woodland,Insessorial
Otus longicornis,Forest,Insessorial
Otus madagascariensis,Forest,Insessorial
Otus magicus,Forest,Insessorial
Otus manadensis,Forest,Insessorial
Otus mantananensis,Forest,Insessorial
Otus mayottensis,Forest,Insessorial
Otus megalotis,Forest,Insessorial
Otus mendeni,Forest,Insessorial
Otus mentawi,Forest,Insessorial
Otus mindorensis,Forest,Insessorial
Otus mirus,Forest,Insessorial
Otus moheliensis,Forest,Insessorial
Otus nigrorum,Forest,Insessorial
Otus pamelae,Woodland,Insessorial
Otus pauliani,Forest,Insessorial
Otus pembaensis,Forest,Insessorial
Otus podarginus,Forest,Insessorial
Otus rufescens,Forest,Insessorial
Otus rutilus,Forest,Insessorial
Otus sagittatus,Forest,Insessorial
Otus scops,Woodland,Insessorial
Otus semitorques,Forest,Insessorial
Otus senegalensis,Woodland,Insessorial
Otus siaoensis,Forest,Insessorial
Otus silvicola,Forest,Insessorial
Otus socotranus,Woodland,Insessorial
Otus spilocephalus,Forest,Insessorial
Otus sulaensis,Forest,Insessorial
Otus sunia,Forest,Insessorial
Otus tempestatis,Forest,Insessorial
Otus thilohoffmanni,Forest,Insessorial
Otus umbra,Forest,Insessorial
Oxylabes madagascariensis,Forest,Terrestrial
Oxypogon cyanolaemus,Shrubland,Insessorial
Oxypogon guerinii,Shrubland,Insessorial
Oxypogon lindenii,Shrubland,Insessorial
Oxypogon stuebelii,Shrubland,Insessorial
Oxyruncus cristatus,Forest,Insessorial
Oxyura australis,Wetland,Aquatic
Oxyura ferruginea,Wetland,Aquatic
Oxyura jamaicensis,Wetland,Aquatic
Oxyura leucocephala,Wetland,Aquatic
Oxyura maccoa,Wetland,Aquatic
Oxyura vittata,Wetland,Aquatic
Pachycare flavogriseum,Forest,Insessorial
Pachycephala albiventris,Forest,Insessorial
Pachycephala arctitorquis,Woodland,Insessorial
Pachycephala aurea,Shrubland,Insessorial
Pachycephala balim,Forest,Insessorial
Pachycephala caledonica,Forest,Insessorial
Pachycephala chlorura,Forest,Insessorial
Pachycephala cinerea,Woodland,Insessorial
Pachycephala citreogaster,Forest,Insessorial
Pachycephala collaris,Forest,Insessorial
Pachycephala feminina,Forest,Insessorial
Pachycephala flavifrons,Forest,Insessorial
Pachycephala fuliginosa,Woodland,Insessorial
Pachycephala fulvotincta,Forest,Insessorial
Pachycephala griseiceps,Forest,Insessorial
Pachycephala griseonota,Forest,Insessorial
Pachycephala grisola,Woodland,Insessorial
Pachycephala homeyeri,Forest,Insessorial
Pachycephala hyperythra,Forest,Insessorial
Pachycephala hypoxantha,Forest,Insessorial
Pachycephala implicata,Forest,Insessorial
Pachycephala inornata,Shrubland,Insessorial
Pachycephala jacquinoti,Forest,Insessorial
Pachycephala lanioides,Woodland,Generalist
Pachycephala leucogastra,Forest,Insessorial
Pachycephala lorentzi,Forest,Insessorial
Pachycephala macrorhyncha,Forest,Insessorial
Pachycephala melanorhyncha,Forest,Insessorial
Pachycephala melanura,Woodland,Insessorial
Pachycephala mentalis,Forest,Insessorial
Pachycephala meyeri,Forest,Insessorial
Pachycephala modesta,Forest,Insessorial
Pachycephala monacha,Forest,Insessorial
Pachycephala nudigula,Forest,Insessorial
Pachycephala olivacea,Shrubland,Insessorial
Pachycephala orioloides,Forest,Insessorial
Pachycephala orpheus,Forest,Insessorial
Pachycephala par,Forest,Insessorial
Pachycephala pectoralis,Forest,Insessorial
Pachycephala phaionota,Forest,Insessorial
Pachycephala philippinensis,Forest,Insessorial
Pachycephala richardsi,Forest,Insessorial
Pachycephala rufiventris,Forest,Insessorial
Pachycephala rufogularis,Shrubland,Insessorial
Pachycephala schlegelii,Forest,Insessorial
Pachycephala simplex,Forest,Insessorial
Pachycephala soror,Forest,Insessorial
Pachycephala sulfuriventer,Forest,Insessorial
Pachycephala tenebrosa,Forest,Insessorial
Pachycephala teysmanni,Forest,Insessorial
Pachycephala vanikorensis,Forest,Insessorial
Pachycephala vitiensis,Forest,Insessorial
Pachycephalopsis hattamensis,Forest,Insessorial
Pachycephalopsis poliosoma,Forest,Insessorial
Pachycoccyx audeberti,Forest,Insessorial
Pachyphantes superciliosus,Grassland,Insessorial
Pachyptila belcheri,Marine,Aquatic
Pachyptila crassirostris,Marine,Aquatic
Pachyptila desolata,Marine,Aquatic
Pachyptila macgillivrayi,Marine,Aquatic
Pachyptila salvini,Marine,Aquatic
Pachyptila turtur,Marine,Generalist
Pachyptila vittata,Marine,Generalist
Pachyramphus aglaiae,Forest,Insessorial
Pachyramphus albogriseus,Forest,Insessorial
Pachyramphus castaneus,Forest,Insessorial
Pachyramphus cinnamomeus,Forest,Insessorial
Pachyramphus griseigularis,Forest,Insessorial
Pachyramphus homochrous,Forest,Insessorial
Pachyramphus major,Forest,Insessorial
Pachyramphus marginatus,Forest,Insessorial
Pachyramphus minor,Forest,Insessorial
Pachyramphus niger,Forest,Insessorial
Pachyramphus polychopterus,Forest,Insessorial
Pachyramphus rufus,Forest,Insessorial
Pachyramphus spodiurus,Woodland,Insessorial
Pachyramphus surinamus,Forest,Insessorial
Pachyramphus uropygialis,Forest,Insessorial
Pachyramphus validus,Forest,Insessorial
Pachyramphus versicolor,Forest,Insessorial
Pachyramphus viridis,Forest,Insessorial
Pachyramphus xanthogenys,Forest,Insessorial
Pachysylvia aurantiifrons,Woodland,Insessorial
Pachysylvia decurtata,Forest,Insessorial
Pachysylvia hypochrysea,Shrubland,Insessorial
Pachysylvia hypoxantha,Forest,Insessorial
Pachysylvia muscicapina,Forest,Insessorial
Pachysylvia semibrunnea,Forest,Insessorial
Padda fuscata,Shrubland,Terrestrial
Padda oryzivora,Human Modified,Generalist
Pagodroma nivea,Marine,Aerial
Pagophila eburnea,Marine,Aerial
Palaeornis eupatria,Forest,Insessorial
Palmeria dolei,Forest,Insessorial
Paludipasser locustella,Grassland,Terrestrial
Pampa curvipennis,Forest,Aerial
Pampa excellens,Forest,Aerial
Pampa rufa,Forest,Aerial
Pandion haliaetus,Marine,Aerial
Panterpe insignis,Forest,Aerial
Panurus biarmicus,Wetland,Insessorial
Panyptila cayennensis,Forest,Aerial
Panyptila sanctihieronymi,Forest,Aerial
Papasula abbotti,Marine,Aerial
Parabuteo leucorrhous,Forest,Insessorial
Parabuteo unicinctus,Shrubland,Insessorial
Paraclaravis geoffroyi,Forest,Terrestrial
Paraclaravis mondetoura,Forest,Terrestrial
Paradigalla brevicauda,Forest,Insessorial
Paradigalla carunculata,Forest,Insessorial
Paradisaea apoda,Forest,Insessorial
Paradisaea decora,Forest,Insessorial
Paradisaea guilielmi,Forest,Insessorial
Paradisaea minor,Forest,Insessorial
Paradisaea raggiana,Forest,Insessorial
Paradisaea rubra,Forest,Insessorial
Paradisaea rudolphi,Forest,Insessorial
Paradisornis rudolphi,Forest,Insessorial
Paradoxornis alphonsianus,Shrubland,Insessorial
Paradoxornis atrosuperciliaris,Forest,Insessorial
Paradoxornis brunneus,Shrubland,Insessorial
Paradoxornis conspicillatus,Forest,Insessorial
Paradoxornis davidianus,Forest,Insessorial
Paradoxornis flavirostris,Grassland,Insessorial
Paradoxornis fulvifrons,Forest,Insessorial
Paradoxornis gularis,Shrubland,Insessorial
Paradoxornis guttaticollis,Shrubland,Insessorial
Paradoxornis heudei,Wetland,Insessorial
Paradoxornis margaritae,Shrubland,Insessorial
Paradoxornis nipalensis,Forest,Insessorial
Paradoxornis paradoxus,Forest,Insessorial
Paradoxornis przewalskii,Forest,Insessorial
Paradoxornis ruficeps,Forest,Insessorial
Paradoxornis unicolor,Shrubland,Insessorial
Paradoxornis verreauxi,Forest,Insessorial
Paradoxornis webbianus,Shrubland,Insessorial
Paradoxornis zappeyi,Shrubland,Insessorial
Paragallinula angulata,Wetland,Generalist
Paramythia montium,Forest,Insessorial
Paramythia olivacea,Forest,Insessorial
Parayuhina diademata,Forest,Insessorial
Pardaliparus amabilis,Forest,Insessorial
Pardaliparus elegans,Forest,Insessorial
Pardaliparus venustulus,Forest,Insessorial
Pardalotus punctatus,Forest,Insessorial
Pardalotus quadragintus,Forest,Insessorial
Pardalotus rubricatus,Shrubland,Insessorial
Pardalotus striatus,Forest,Insessorial
Pardirallus maculatus,Wetland,Terrestrial
Pardirallus nigricans,Wetland,Terrestrial
Pardirallus sanguinolentus,Wetland,Terrestrial
Pareudiastes pacificus,,Terrestrial
Pareudiastes silvestris,,Terrestrial
Parkerthraustes humeralis,Forest,Insessorial
Parkesia motacilla,Forest,Terrestrial
Parkesia noveboracensis,Shrubland,Terrestrial
Parmoptila jamesoni,Forest,Insessorial
Parmoptila rubrifrons,Forest,Insessorial
Parmoptila woodhousei,Forest,Insessorial
Paroaria baeri,Shrubland,Generalist
Paroaria capitata,Shrubland,Terrestrial
Paroaria coronata,Shrubland,Terrestrial
Paroaria dominicana,Shrubland,Terrestrial
Paroaria gularis,Shrubland,Terrestrial
Paroaria nigrogenis,Shrubland,Terrestrial
Parophasma galinieri,Woodland,Insessorial
Paroreomyza maculata,Forest,Insessorial
Paroreomyza montana,Forest,Insessorial
Parotia berlepschi,Forest,Insessorial
Parotia carolae,Forest,Insessorial
Parotia helenae,Forest,Insessorial
Parotia lawesii,Forest,Insessorial
Parotia sefilata,Forest,Insessorial
Parotia wahnesi,Forest,Insessorial
Parula americana,Forest,Insessorial
Parula gutturalis,Forest,Insessorial
Parula pitiayumi,Forest,Insessorial
Parula superciliosa,Forest,Insessorial
Parus afer,Shrubland,Insessorial
Parus albiventris,Woodland,Insessorial
Parus amabilis,Forest,Insessorial
Parus ater,Forest,Insessorial
Parus atricapillus,Forest,Insessorial
Parus caeruleus,Forest,Insessorial
Parus carolinensis,Forest,Insessorial
Parus carpi,Woodland,Insessorial
Parus cinctus,Forest,Insessorial
Parus cinerascens,Shrubland,Insessorial
Parus cinereus,Woodland,Insessorial
Parus cristatus,Woodland,Insessorial
Parus cyanus,Forest,Insessorial
Parus davidi,Forest,Insessorial
Parus dichrous,Forest,Insessorial
Parus elegans,Forest,Insessorial
Parus fasciiventer,Forest,Insessorial
Parus fringillinus,Woodland,Insessorial
Parus funereus,Forest,Insessorial
Parus gambeli,Forest,Insessorial
Parus griseiventris,Woodland,Insessorial
Parus holsti,Forest,Insessorial
Parus hudsonicus,Forest,Insessorial
Parus hypermelaenus,Forest,Insessorial
Parus leucomelas,Woodland,Insessorial
Parus leuconotus,Forest,Insessorial
Parus lugubris,Woodland,Insessorial
Parus major,Woodland,Insessorial
Parus minor,Woodland,Insessorial
Parus montanus,Forest,Insessorial
Parus monticolus,Forest,Insessorial
Parus niger,Woodland,Insessorial
Parus nuchalis,Woodland,Insessorial
Parus palustris,Forest,Insessorial
Parus rubidiventris,Forest,Insessorial
Parus rufescens,Forest,Insessorial
Parus rufiventris,Woodland,Insessorial
Parus rufonuchalis,Forest,Insessorial
Parus sclateri,Forest,Insessorial
Parus semilarvatus,Forest,Insessorial
Parus spilonotus,Forest,Insessorial
Parus superciliosus,Shrubland,Insessorial
Parus teneriffae,Forest,Insessorial
Parus thruppi,Woodland,Insessorial
Parus varius,Forest,Insessorial
Parus venustulus,Forest,Insessorial
Parus xanthogenys,Forest,Insessorial
Parvipsitta porphyrocephala,Woodland,Insessorial
Parvipsitta pusilla,Woodland,Insessorial
Passer ammodendri,Desert,Terrestrial
Passer castanopterus,Desert,Terrestrial
Passer cinnamomeus,Forest,Terrestrial
Passer cordofanicus,,Terrestrial
Passer diffusus,Woodland,Terrestrial
Passer domesticus,Human Modified,Terrestrial
Passer eminibey,Shrubland,Terrestrial
Passer euchlorus,Shrubland,Terrestrial
Passer flaveolus,Forest,Terrestrial
Passer gongonensis,Shrubland,Terrestrial
Passer griseus,Shrubland,Terrestrial
Passer hemileucus,,Terrestrial
Passer hispaniolensis,Shrubland,Terrestrial
Passer iagoensis,Rock,Terrestrial
Passer insularis,Shrubland,Terrestrial
Passer italiae,Human Modified,Terrestrial
Passer luteus,Shrubland,Terrestrial
Passer melanurus,Woodland,Terrestrial
Passer moabiticus,Shrubland,Terrestrial
Passer montanus,Woodland,Terrestrial
Passer motitensis,Grassland,Terrestrial
Passer pyrrhonotus,Shrubland,Terrestrial
Passer rufocinctus,Woodland,Terrestrial
Passer rutilans,Forest,Terrestrial
Passer shelleyi,,Terrestrial
Passer simplex,Shrubland,Terrestrial
Passer suahelicus,Grassland,Terrestrial
Passer swainsonii,Shrubland,Terrestrial
Passer zarudnyi,Shrubland,Terrestrial
Passerculus bairdii,Grassland,Generalist
Passerculus guttatus,Grassland,Generalist
Passerculus henslowii,Grassland,Generalist
Passerculus rostratus,Grassland,Generalist
Passerculus sanctorum,Grassland,Generalist
Passerculus sandwichensis,Grassland,Generalist
Passerella arborea,Shrubland,Terrestrial
Passerella iliaca,Forest,Generalist
Passerella megarhyncha,Forest,Generalist
Passerella schistacea,Forest,Generalist
Passerella unalaschcensis,Forest,Generalist
Passerina amoena,Shrubland,Insessorial
Passerina caerulea,Forest,Generalist
Passerina ciris,Shrubland,Terrestrial
Passerina cyanea,Shrubland,Terrestrial
Passerina leclancherii,Woodland,Terrestrial
Passerina rositae,Forest,Terrestrial
Passerina versicolor,Shrubland,Generalist
Pastor roseus,Grassland,Insessorial
Patagioenas albilinea,Forest,Terrestrial
Patagioenas albipennis,Woodland,Terrestrial
Patagioenas araucana,Forest,Insessorial
Patagioenas caribaea,Forest,Insessorial
Patagioenas cayennensis,Forest,Insessorial
Patagioenas corensis,Shrubland,Insessorial
Patagioenas fasciata,Forest,Terrestrial
Patagioenas flavirostris,Woodland,Insessorial
Patagioenas goodsoni,Forest,Insessorial
Patagioenas inornata,Forest,Insessorial
Patagioenas leucocephala,Woodland,Insessorial
Patagioenas maculosa,Woodland,Terrestrial
Patagioenas nigrirostris,Forest,Insessorial
Patagioenas oenops,Forest,Insessorial
Patagioenas picazuro,Forest,Generalist
Patagioenas plumbea,Forest,Insessorial
Patagioenas speciosa,Forest,Insessorial
Patagioenas squamosa,Forest,Insessorial
Patagioenas subvinacea,Forest,Insessorial
Patagona gigas,Shrubland,Insessorial
Pauxi koepckeae,Forest,Terrestrial
Pauxi pauxi,Forest,Terrestrial
Pauxi unicornis,Forest,Terrestrial
Pavo cristatus,Forest,Terrestrial
Pavo muticus,Woodland,Terrestrial
Pedionomus torquatus,Grassland,Terrestrial
Pelagodroma marina,Marine,Aerial
Pelargopsis amauroptera,Woodland,Insessorial
Pelargopsis capensis,Riverine,Insessorial
Pelargopsis melanorhyncha,Woodland,Insessorial
Pelecanoides garnotii,Marine,Aquatic
Pelecanoides georgicus,Marine,Aquatic
Pelecanoides magellani,Marine,Aquatic
Pelecanoides urinatrix,Marine,Aquatic
Pelecanoides whenuahouensis,Marine,Aquatic
Pelecanus conspicillatus,Wetland,Aquatic
Pelecanus crispus,Wetland,Aquatic
Pelecanus erythrorhynchos,Wetland,Aquatic
Pelecanus occidentalis,Marine,Aerial
Pelecanus onocrotalus,Wetland,Aquatic
Pelecanus philippensis,Wetland,Aquatic
Pelecanus rufescens,Wetland,Aquatic
Pelecanus thagus,Marine,Aerial
Peliperdix albogularis,Grassland,Terrestrial
Peliperdix coqui,Grassland,Terrestrial
Peliperdix lathami,Forest,Terrestrial
Peliperdix schlegelii,Woodland,Terrestrial
Pellorneum albiventre,Shrubland,Terrestrial
Pellorneum bicolor,Forest,Terrestrial
Pellorneum buettikoferi,Forest,Terrestrial
Pellorneum capistratum,Forest,Terrestrial
Pellorneum celebense,Shrubland,Terrestrial
Pellorneum cinereiceps,Forest,Generalist
Pellorneum fuscocapillus,Forest,Terrestrial
Pellorneum malaccense,Forest,Generalist
Pellorneum nigrocapitatum,Forest,Terrestrial
Pellorneum palustre,Wetland,Generalist
Pellorneum pyrrogenys,Forest,Terrestrial
Pellorneum rostratum,Forest,Terrestrial
Pellorneum ruficeps,Shrubland,Terrestrial
Pellorneum tickelli,Forest,Terrestrial
Peltohyas australis,Grassland,Terrestrial
Peltops blainvillii,Forest,Insessorial
Peltops montanus,Forest,Insessorial
Penelope albipennis,Woodland,Insessorial
Penelope argyrotis,Forest,Insessorial
Penelope barbata,Forest,Insessorial
Penelope bridgesi,Forest,Insessorial
Penelope dabbenei,Forest,Insessorial
Penelope jacquacu,Forest,Insessorial
Penelope jacucaca,Woodland,Generalist
Penelope marail,Forest,Insessorial
Penelope montagnii,Forest,Insessorial
Penelope obscura,Forest,Insessorial
Penelope ochrogaster,Woodland,Insessorial
Penelope ortoni,Forest,Insessorial
Penelope perspicax,Forest,Insessorial
Penelope pileata,Forest,Insessorial
Penelope purpurascens,Forest,Insessorial
Penelope superciliaris,Forest,Insessorial
Penelopides affinis,Forest,Insessorial
Penelopides exarhatus,Forest,Insessorial
Penelopides manillae,Forest,Insessorial
Penelopides mindorensis,Forest,Insessorial
Penelopides panini,Forest,Insessorial
Penelopides samarensis,Forest,Insessorial
Penelopina nigra,Forest,Insessorial
Peneoenanthe pulverulenta,Woodland,Insessorial
Peneothello bimaculata,Forest,Insessorial
Peneothello cryptoleuca,Forest,Insessorial
Peneothello cyanus,Forest,Insessorial
Peneothello sigillata,Forest,Insessorial
Peneothello sigillatus,Forest,Insessorial
Percnostola arenarum,Forest,Insessorial
Percnostola lophotes,Forest,Insessorial
Percnostola rufifrons,Forest,Insessorial
Perdicula argoondah,Rock,Terrestrial
Perdicula asiatica,Shrubland,Terrestrial
Perdicula erythrorhyncha,Grassland,Terrestrial
Perdicula manipurensis,Grassland,Terrestrial
Perdix dauurica,Grassland,Terrestrial
Perdix hodgsoniae,Grassland,Terrestrial
Perdix perdix,Grassland,Terrestrial
Pericrocotus albifrons,Forest,Insessorial
Pericrocotus brevirostris,Woodland,Insessorial
Pericrocotus cantonensis,Forest,Insessorial
Pericrocotus cinnamomeus,Shrubland,Insessorial
Pericrocotus divaricatus,Forest,Insessorial
Pericrocotus erythropygius,Forest,Insessorial
Pericrocotus ethologus,Forest,Insessorial
Pericrocotus flammeus,Forest,Insessorial
Pericrocotus igneus,Forest,Insessorial
Pericrocotus lansbergei,Forest,Insessorial
Pericrocotus miniatus,Forest,Insessorial
Pericrocotus montanus,Forest,Insessorial
Pericrocotus roseus,Forest,Insessorial
Pericrocotus solaris,Forest,Insessorial
Pericrocotus speciosus,Forest,Insessorial
Pericrocotus tegimae,Forest,Insessorial
Periparus amabilis,Forest,Insessorial
Periparus ater,Forest,Insessorial
Periparus elegans,Forest,Insessorial
Periparus rubidiventris,Forest,Insessorial
Periparus rufonuchalis,Forest,Insessorial
Periparus venustulus,Forest,Insessorial
Periporphyrus erythromelas,Forest,Insessorial
Perisoreus canadensis,Forest,Insessorial
Perisoreus infaustus,Forest,Insessorial
Perisoreus internigrans,Forest,Insessorial
Perissocephalus tricolor,Forest,Insessorial
Pernis apivorus,Forest,Insessorial
Pernis celebensis,Forest,Insessorial
Pernis ptilorhynchus,Woodland,Insessorial
Pernis ptilorhyncus,Woodland,Insessorial
Pernis steerei,Forest,Insessorial
Petrochelidon ariel,Wetland,Aerial
Petrochelidon fluvicola,Shrubland,Aerial
Petrochelidon fulva,Grassland,Aerial
Petrochelidon nigricans,Shrubland,Aerial
Petrochelidon perdita,,Aerial
Petrochelidon preussi,Riverine,Aerial
Petrochelidon pyrrhonota,Grassland,Aerial
Petrochelidon rufigula,Grassland,Aerial
Petrochelidon rufocollaris,Human Modified,Aerial
Petrochelidon spilodera,Grassland,Aerial
Petroica archboldi,Shrubland,Insessorial
Petroica australis,Forest,Insessorial
Petroica bivittata,Forest,Insessorial
Petroica boodang,Shrubland,Insessorial
Petroica dannefaerdi,Forest,Insessorial
Petroica goodenovii,Woodland,Insessorial
Petroica longipes,Forest,Insessorial
Petroica macrocephala,Forest,Insessorial
Petroica multicolor,Shrubland,Insessorial
Petroica phoenicea,Shrubland,Insessorial
Petroica pusilla,Shrubland,Insessorial
Petroica rodinogaster,Forest,Insessorial
Petroica rosea,Forest,Insessorial
Petroica traversi,Forest,Insessorial
Petronia brachydactyla,Rock,Terrestrial
Petronia dentata,Desert,Terrestrial
Petronia petronia,Rock,Terrestrial
Petronia pyrgita,Grassland,Generalist
Petronia superciliaris,Woodland,Generalist
Petronia xanthocollis,Forest,Terrestrial
Petrophassa albipennis,Rock,Terrestrial
Petrophassa rufipennis,Rock,Terrestrial
Peucaea aestivalis,Forest,Terrestrial
Peucaea botterii,Grassland,Terrestrial
Peucaea carpalis,Shrubland,Generalist
Peucaea cassinii,Grassland,Generalist
Peucaea humeralis,Shrubland,Generalist
Peucaea mystacalis,Shrubland,Generalist
Peucaea ruficauda,Shrubland,Generalist
Peucaea sumichrasti,Shrubland,Generalist
Peucedramus taeniatus,Forest,Insessorial
Pezopetes capitalis,Forest,Insessorial
Pezoporus occidentalis,Shrubland,Terrestrial
Pezoporus wallicus,Shrubland,Generalist
Phacellodomus dorsalis,Shrubland,Insessorial
Phacellodomus erythrophthalmus,Wetland,Insessorial
Phacellodomus ferrugineigula,Forest,Insessorial
Phacellodomus inornatus,Shrubland,Terrestrial
Phacellodomus maculipectus,Shrubland,Generalist
Phacellodomus ruber,Shrubland,Generalist
Phacellodomus rufifrons,Shrubland,Terrestrial
Phacellodomus sibilatrix,Woodland,Generalist
Phacellodomus striaticeps,Shrubland,Generalist
Phacellodomus striaticollis,Shrubland,Generalist
Phaenicophaeus calyorhynchus,Forest,Insessorial
Phaenicophaeus chlorophaeus,Forest,Insessorial
Phaenicophaeus cumingi,Forest,Insessorial
Phaenicophaeus curvirostris,Forest,Insessorial
Phaenicophaeus diardi,Forest,Insessorial
Phaenicophaeus javanicus,Forest,Insessorial
Phaenicophaeus leschenaultii,Forest,Terrestrial
Phaenicophaeus oeneicaudus,Forest,Insessorial
Phaenicophaeus pyrrhocephalus,Forest,Insessorial
Phaenicophaeus sumatranus,Forest,Insessorial
Phaenicophaeus superciliosus,Forest,Insessorial
Phaenicophaeus tristis,Forest,Insessorial
Phaenicophaeus viridirostris,Woodland,Insessorial
Phaenicophilus palmarum,Shrubland,Insessorial
Phaenicophilus poliocephalus,Forest,Insessorial
Phaenostictus mcleannani,Forest,Insessorial
Phaeochroa cuvierii,Human Modified,Aerial
Phaeomyias murina,Shrubland,Insessorial
Phaeomyias tumbezana,Shrubland,Insessorial
Phaeoptila sordida,Shrubland,Aerial
Phaeothlypis fulvicauda,Forest,Terrestrial
Phaeothlypis rivularis,Forest,Terrestrial
Phaethon aethereus,Marine,Aerial
Phaethon lepturus,Marine,Aerial
Phaethon rubricauda,Marine,Aerial
Phaethornis aethopygus,Forest,Aerial
Phaethornis anthophilus,Forest,Aerial
Phaethornis atrimentalis,Forest,Aerial
Phaethornis augusti,Forest,Aerial
Phaethornis baroni,Forest,Aerial
Phaethornis bourcieri,Forest,Aerial
Phaethornis eurynome,Forest,Aerial
Phaethornis griseogularis,Forest,Aerial
Phaethornis guy,Forest,Aerial
Phaethornis hispidus,Forest,Aerial
Phaethornis idaliae,Forest,Aerial
Phaethornis koepckeae,Forest,Aerial
Phaethornis longirostris,Forest,Aerial
Phaethornis longuemareus,Forest,Aerial
Phaethornis major,Forest,Aerial
Phaethornis malaris,Forest,Aerial
Phaethornis mexicanus,Forest,Aerial
Phaethornis nattereri,Woodland,Aerial
Phaethornis philippii,Forest,Aerial
Phaethornis porcullae,Forest,Aerial
Phaethornis pretrei,Woodland,Aerial
Phaethornis ruber,Forest,Aerial
Phaethornis rupurumii,Forest,Aerial
Phaethornis squalidus,Forest,Aerial
Phaethornis striigularis,Forest,Aerial
Phaethornis stuarti,Forest,Aerial
Phaethornis subochraceus,Woodland,Aerial
Phaethornis superciliosus,Forest,Aerial
Phaethornis syrmatophorus,Forest,Aerial
Phaethornis yaruqui,Forest,Aerial
Phaetusa simplex,Riverine,Aerial
Phainopepla nitens,Shrubland,Insessorial
Phainoptila melanoxantha,Forest,Insessorial
Phalacrocorax africanus,Wetland,Aquatic
Phalacrocorax aristotelis,Marine,Aquatic
Phalacrocorax atriceps,Marine,Aquatic
Phalacrocorax auritus,Marine,Aquatic
Phalacrocorax bougainvillii,Marine,Aquatic
Phalacrocorax brasilianus,Wetland,Generalist
Phalacrocorax campbelli,Marine,Aquatic
Phalacrocorax capensis,Marine,Aquatic
Phalacrocorax capillatus,Marine,Aquatic
Phalacrocorax carbo,Wetland,Aquatic
Phalacrocorax carunculatus,Marine,Aquatic
Phalacrocorax chalconotus,Marine,Aquatic
Phalacrocorax colensoi,Marine,Aquatic
Phalacrocorax coronatus,Marine,Aquatic
Phalacrocorax featherstoni,Marine,Aquatic
Phalacrocorax fuscescens,Marine,Aquatic
Phalacrocorax fuscicollis,Wetland,Aquatic
Phalacrocorax gaimardi,Marine,Aquatic
Phalacrocorax harrisi,Marine,Aquatic
Phalacrocorax magellanicus,Marine,Aquatic
Phalacrocorax melanoleucos,Wetland,Aquatic
Phalacrocorax neglectus,Marine,Aquatic
Phalacrocorax niger,Wetland,Aquatic
Phalacrocorax nigrogularis,Marine,Aquatic
Phalacrocorax onslowi,Marine,Aquatic
Phalacrocorax pelagicus,Marine,Aquatic
Phalacrocorax penicillatus,Marine,Aquatic
Phalacrocorax punctatus,Marine,Aquatic
Phalacrocorax pygmeus,Wetland,Aquatic
Phalacrocorax ranfurlyi,Marine,Aquatic
Phalacrocorax sulcirostris,Wetland,Aquatic
Phalacrocorax urile,Marine,Aquatic
Phalacrocorax varius,Coastal,Aquatic
Phalaenoptilus nuttallii,Shrubland,Generalist
Phalaropus fulicarius,Marine,Terrestrial
Phalaropus lobatus,Wetland,Terrestrial
Phalaropus tricolor,Wetland,Terrestrial
Phalcoboenus albogularis,Grassland,Terrestrial
Phalcoboenus australis,Grassland,Terrestrial
Phalcoboenus carunculatus,Grassland,Terrestrial
Phalcoboenus chimango,Grassland,Terrestrial
Phalcoboenus megalopterus,Grassland,Terrestrial
Phapitreron amethystinus,Forest,Insessorial
Phapitreron brevirostris,Forest,Insessorial
Phapitreron brunneiceps,Forest,Insessorial
Phapitreron cinereiceps,Forest,Insessorial
Phapitreron frontalis,Forest,Insessorial
Phapitreron leucotis,Forest,Insessorial
Phapitreron maculipectus,Forest,Insessorial
Phapitreron nigrorum,Forest,Insessorial
Phaps chalcoptera,Forest,Terrestrial
Phaps elegans,Woodland,Terrestrial
Phaps histrionica,Grassland,Terrestrial
Pharomachrus antisianus,Forest,Insessorial
Pharomachrus auriceps,Forest,Insessorial
Pharomachrus fulgidus,Forest,Insessorial
Pharomachrus mocinno,Forest,Insessorial
Pharomachrus pavoninus,Forest,Insessorial
Phasianus colchicus,Human Modified,Terrestrial
Phasianus versicolor,Human Modified,Terrestrial
Phedina borbonica,Forest,Aerial
Phedina brazzae,Forest,Aerial
Phedinopsis brazzae,Forest,Aerial
Phegornis mitchellii,Grassland,Terrestrial
Phelpsia inornata,Forest,Insessorial
Phelpsia inornatus,Forest,Insessorial
Pheucticus aureoventris,Forest,Insessorial
Pheucticus chrysogaster,Forest,Insessorial
Pheucticus chrysopeplus,Forest,Insessorial
Pheucticus ludovicianus,Forest,Insessorial
Pheucticus melanocephalus,Forest,Insessorial
Pheucticus tibialis,Forest,Insessorial
Pheugopedius atrogularis,Forest,Insessorial
Pheugopedius columbianus,Woodland,Insessorial
Pheugopedius coraya,Forest,Insessorial
Pheugopedius eisenmanni,Forest,Insessorial
Pheugopedius euophrys,Forest,Insessorial
Pheugopedius fasciatoventris,Forest,Insessorial
Pheugopedius felix,Woodland,Insessorial
Pheugopedius genibarbis,Forest,Insessorial
Pheugopedius maculipectus,Forest,Insessorial
Pheugopedius mystacalis,Forest,Insessorial
Pheugopedius paucimaculatus,Woodland,Insessorial
Pheugopedius rutilus,Forest,Insessorial
Pheugopedius schulenbergi,Forest,Insessorial
Pheugopedius sclateri,Woodland,Insessorial
Pheugopedius spadix,Forest,Insessorial
Phibalura boliviana,Forest,Insessorial
Phibalura flavirostris,Forest,Insessorial
Phigys solitarius,Forest,Insessorial
Philemon albitorques,Forest,Insessorial
Philemon argenticeps,Forest,Insessorial
Philemon brassi,Wetland,Insessorial
Philemon buceroides,Forest,Insessorial
Philemon citreogularis,Forest,Insessorial
Philemon cockerelli,Forest,Insessorial
Philemon corniculatus,Forest,Insessorial
Philemon diemenensis,Forest,Insessorial
Philemon eichhorni,Forest,Insessorial
Philemon fuscicapillus,Forest,Insessorial
Philemon inornatus,Forest,Insessorial
Philemon kisserensis,Forest,Insessorial
Philemon meyeri,Forest,Insessorial
Philemon moluccensis,Forest,Insessorial
Philemon novaeguineae,Forest,Insessorial
Philemon plumigenis,Forest,Insessorial
Philemon subcorniculatus,Forest,Insessorial
Philentoma pyrhoptera,Forest,Insessorial
Philentoma velata,Forest,Insessorial
Philepitta castanea,Forest,Insessorial
Philepitta schlegeli,Forest,Insessorial
Philesturnus carunculatus,Forest,Generalist
Philesturnus rufusater,Forest,Generalist
Philetairus socius,Desert,Terrestrial
Philodice bryantae,Forest,Aerial
Philodice mitchellii,Forest,Aerial
Philohydor lictor,Wetland,Insessorial
Philomachus pugnax,Wetland,Terrestrial
Philortyx fasciatus,Shrubland,Terrestrial
Philydor atricapillus,Forest,Insessorial
Philydor erythrocercum,Forest,Insessorial
Philydor erythropterum,Forest,Insessorial
Philydor fuscipenne,Forest,Insessorial
Philydor lichtensteini,Forest,Insessorial
Philydor novaesi,Forest,Insessorial
Philydor pyrrhodes,Forest,Insessorial
Philydor ruficaudatum,Forest,Insessorial
Philydor rufum,Forest,Insessorial
Phimosus infuscatus,Wetland,Terrestrial
Phlegopsis borbae,Forest,Insessorial
Phlegopsis erythroptera,Forest,Insessorial
Phlegopsis nigromaculata,Forest,Insessorial
Phleocryptes melanops,Wetland,Insessorial
Phlogophilus harterti,Forest,Insessorial
Phlogophilus hemileucurus,Forest,Insessorial
Phodilus assimilis,Forest,Insessorial
Phodilus badius,Forest,Insessorial
Phodilus prigoginei,Forest,Insessorial
Phoebastria albatrus,Marine,Aquatic
Phoebastria immutabilis,Marine,Aquatic
Phoebastria irrorata,Marine,Generalist
Phoebastria nigripes,Marine,Aquatic
Phoebetria fusca,Marine,Aquatic
Phoebetria palpebrata,Marine,Aquatic
Phoenicircus carnifex,Forest,Insessorial
Phoenicircus nigricollis,Forest,Insessorial
Phoeniconaias minor,Wetland,Terrestrial
Phoenicoparrus andinus,Wetland,Terrestrial
Phoenicoparrus jamesi,Wetland,Terrestrial
Phoenicopterus chilensis,Wetland,Terrestrial
Phoenicopterus roseus,Wetland,Terrestrial
Phoenicopterus ruber,Coastal,Terrestrial
Phoeniculus bollei,Forest,Insessorial
Phoeniculus castaneiceps,Forest,Insessorial
Phoeniculus damarensis,Shrubland,Insessorial
Phoeniculus purpureus,Woodland,Insessorial
Phoeniculus somaliensis,Shrubland,Insessorial
Phoenicurus alaschanicus,Shrubland,Insessorial
Phoenicurus auroreus,Forest,Insessorial
Phoenicurus bicolor,Riverine,Terrestrial
Phoenicurus caeruleocephala,Forest,Insessorial
Phoenicurus coeruleocephala,Forest,Insessorial
Phoenicurus erythrogastrus,Grassland,Insessorial
Phoenicurus erythronotus,Woodland,Insessorial
Phoenicurus frontalis,Forest,Insessorial
Phoenicurus fuliginosus,Riverine,Insessorial
Phoenicurus hodgsoni,Woodland,Insessorial
Phoenicurus leucocephalus,Riverine,Terrestrial
Phoenicurus moussieri,Shrubland,Insessorial
Phoenicurus ochruros,Rock,Insessorial
Phoenicurus phoenicurus,Woodland,Insessorial
Phoenicurus schisticeps,Forest,Insessorial
Pholia sharpii,Forest,Insessorial
Pholidornis rushiae,Forest,Insessorial
Phonipara canora,Shrubland,Generalist
Phonygammus keraudrenii,Forest,Insessorial
Phragmacia substriata,Shrubland,Insessorial
Phrygilus alaudinus,Shrubland,Terrestrial
Phrygilus atriceps,Shrubland,Terrestrial
Phrygilus carbonarius,Grassland,Terrestrial
Phrygilus dorsalis,Grassland,Terrestrial
Phrygilus erythronotus,Grassland,Terrestrial
Phrygilus fruticeti,Shrubland,Terrestrial
Phrygilus gayi,Shrubland,Terrestrial
Phrygilus patagonicus,Forest,Terrestrial
Phrygilus plebejus,Shrubland,Terrestrial
Phrygilus punensis,Shrubland,Terrestrial
Phrygilus unicolor,Grassland,Terrestrial
Phylidonyris albifrons,Shrubland,Insessorial
Phylidonyris melanops,Shrubland,Insessorial
Phylidonyris niger,Shrubland,Insessorial
Phylidonyris notabilis,Forest,Insessorial
Phylidonyris novaehollandiae,Shrubland,Insessorial
Phylidonyris pyrrhopterus,Forest,Insessorial
Phylidonyris undulatus,Forest,Insessorial
Phyllaemulor bracteatus,Forest,Insessorial
Phyllanthus atripennis,Forest,Generalist
Phyllanthus bohndorffi,Forest,Generalist
Phyllanthus rubiginosus,Forest,Generalist
Phyllastrephus albigula,Shrubland,Insessorial
Phyllastrephus albigularis,Forest,Insessorial
Phyllastrephus baumanni,Forest,Terrestrial
Phyllastrephus cabanisi,Forest,Generalist
Phyllastrephus cerviniventris,Shrubland,Generalist
Phyllastrephus debilis,Shrubland,Insessorial
Phyllastrephus fischeri,Forest,Generalist
Phyllastrephus flavostriatus,Forest,Insessorial
Phyllastrephus fulviventris,Forest,Generalist
Phyllastrephus hypochloris,Forest,Insessorial
Phyllastrephus icterinus,Forest,Insessorial
Phyllastrephus leucolepis,,Insessorial
Phyllastrephus lorenzi,Forest,Insessorial
Phyllastrephus poensis,Forest,Insessorial
Phyllastrephus poliocephalus,Forest,Insessorial
Phyllastrephus scandens,Forest,Insessorial
Phyllastrephus strepitans,Shrubland,Insessorial
Phyllastrephus terrestris,Forest,Generalist
Phyllastrephus viridiceps,Forest,Insessorial
Phyllastrephus xavieri,Forest,Insessorial
Phyllergates cucullatus,Shrubland,Insessorial
Phyllergates heterolaemus,Forest,Insessorial
Phyllolais pulchella,Woodland,Insessorial
Phyllomyias burmeisteri,Forest,Insessorial
Phyllomyias cinereiceps,Forest,Insessorial
Phyllomyias fasciatus,Forest,Insessorial
Phyllomyias griseiceps,Forest,Insessorial
Phyllomyias griseocapilla,Forest,Insessorial
Phyllomyias nigrocapillus,Forest,Insessorial
Phyllomyias plumbeiceps,Forest,Insessorial
Phyllomyias reiseri,Woodland,Insessorial
Phyllomyias sclateri,Forest,Insessorial
Phyllomyias urichi,Forest,Insessorial
Phyllomyias uropygialis,Forest,Insessorial
Phyllomyias virescens,Forest,Insessorial
Phyllomyias weedeni,Forest,Insessorial
Phyllomyias zeledoni,Forest,Insessorial
Phylloscartes beckeri,Forest,Insessorial
Phylloscartes ceciliae,Forest,Insessorial
Phylloscartes chapmani,Forest,Insessorial
Phylloscartes difficilis,Forest,Insessorial
Phylloscartes eximius,Forest,Insessorial
Phylloscartes flaviventris,Forest,Insessorial
Phylloscartes flavovirens,Forest,Insessorial
Phylloscartes gualaquizae,Forest,Insessorial
Phylloscartes kronei,Shrubland,Insessorial
Phylloscartes lanyoni,Forest,Insessorial
Phylloscartes nigrifrons,Forest,Insessorial
Phylloscartes ophthalmicus,Forest,Insessorial
Phylloscartes orbitalis,Forest,Insessorial
Phylloscartes oustaleti,Forest,Insessorial
Phylloscartes parkeri,Forest,Insessorial
Phylloscartes paulista,Forest,Insessorial
Phylloscartes poecilotis,Forest,Insessorial
Phylloscartes roquettei,Woodland,Insessorial
Phylloscartes superciliaris,Forest,Insessorial
Phylloscartes sylviolus,Forest,Insessorial
Phylloscartes venezuelanus,Forest,Insessorial
Phylloscartes ventralis,Forest,Insessorial
Phylloscartes virescens,Forest,Insessorial
Phylloscopus affinis,Shrubland,Insessorial
Phylloscopus amoenus,Forest,Generalist
Phylloscopus armandii,Shrubland,Insessorial
Phylloscopus bonelli,Forest,Insessorial
Phylloscopus borealis,Forest,Insessorial
Phylloscopus borealoides,Forest,Insessorial
Phylloscopus budongoensis,Forest,Insessorial
Phylloscopus burkii,Forest,Insessorial
Phylloscopus calciatilis,,Insessorial
Phylloscopus canariensis,Forest,Insessorial
Phylloscopus cantator,Forest,Insessorial
Phylloscopus castaniceps,Forest,Insessorial
Phylloscopus cebuensis,Forest,Insessorial
Phylloscopus chloronotus,Forest,Insessorial
Phylloscopus claudiae,Forest,Insessorial
Phylloscopus collybita,Forest,Insessorial
Phylloscopus coronatus,Woodland,Insessorial
Phylloscopus davisoni,Forest,Insessorial
Phylloscopus emeiensis,Forest,Insessorial
Phylloscopus emilsalimi,,Insessorial
Phylloscopus examinandus,Forest,Insessorial
Phylloscopus forresti,Forest,Insessorial
Phylloscopus fuligiventer,Shrubland,Insessorial
Phylloscopus fuscatus,Wetland,Insessorial
Phylloscopus goodsoni,Forest,Insessorial
Phylloscopus grammiceps,Forest,Insessorial
Phylloscopus griseolus,Shrubland,Generalist
Phylloscopus hainanus,Forest,Insessorial
Phylloscopus herberti,Forest,Insessorial
Phylloscopus humei,Forest,Insessorial
Phylloscopus ibericus,Forest,Insessorial
Phylloscopus ijimae,Forest,Insessorial
Phylloscopus inornatus,Woodland,Insessorial
Phylloscopus intensior,Forest,Insessorial
Phylloscopus intermedius,Forest,Insessorial
Phylloscopus kansuensis,Forest,Insessorial
Phylloscopus laetus,Forest,Insessorial
Phylloscopus laurae,Forest,Insessorial
Phylloscopus maculipennis,Forest,Insessorial
Phylloscopus maforensis,Forest,Insessorial
Phylloscopus magnirostris,Forest,Insessorial
Phylloscopus makirensis,Forest,Insessorial
Phylloscopus misoriensis,Forest,Insessorial
Phylloscopus montis,Forest,Insessorial
Phylloscopus neglectus,Shrubland,Insessorial
Phylloscopus nitidus,Forest,Insessorial
Phylloscopus occipitalis,Forest,Insessorial
Phylloscopus occisinensis,Shrubland,Insessorial
Phylloscopus ogilviegranti,Forest,Insessorial
Phylloscopus olivaceus,Forest,Insessorial
Phylloscopus omeiensis,Forest,Insessorial
Phylloscopus orientalis,Woodland,Insessorial
Phylloscopus plumbeitarsus,Forest,Insessorial
Phylloscopus poliocephalus,Forest,Insessorial
Phylloscopus poliogenys,Forest,Insessorial
Phylloscopus presbytes,Forest,Insessorial
Phylloscopus proregulus,Forest,Insessorial
Phylloscopus pulcher,Forest,Insessorial
Phylloscopus reguloides,Forest,Insessorial
Phylloscopus ricketti,Forest,Insessorial
Phylloscopus rotiensis,Forest,Insessorial
Phylloscopus ruficapilla,Forest,Insessorial
Phylloscopus sarasinorum,Forest,Insessorial
Phylloscopus schwarzi,Shrubland,Insessorial
Phylloscopus sibilatrix,Forest,Insessorial
Phylloscopus sindianus,Forest,Insessorial
Phylloscopus soror,Forest,Insessorial
Phylloscopus suaramerdu,,Insessorial
Phylloscopus subaffinis,Shrubland,Insessorial
Phylloscopus subviridis,Forest,Insessorial
Phylloscopus sumatrensis,Forest,Insessorial
Phylloscopus tenellipes,Forest,Insessorial
Phylloscopus tephrocephalus,Forest,Insessorial
Phylloscopus tristis,Forest,Insessorial
Phylloscopus trivirgatus,Forest,Insessorial
Phylloscopus trochiloides,Forest,Insessorial
Phylloscopus trochilus,Forest,Insessorial
Phylloscopus tytleri,Forest,Insessorial
Phylloscopus umbrovirens,Forest,Insessorial
Phylloscopus valentini,Forest,Insessorial
Phylloscopus whistleri,Forest,Insessorial
Phylloscopus xanthodryas,Forest,Insessorial
Phylloscopus xanthoschistos,Forest,Insessorial
Phylloscopus yunnanensis,Shrubland,Insessorial
Phytotoma raimondii,Woodland,Insessorial
Phytotoma rara,Shrubland,Insessorial
Phytotoma rutila,Shrubland,Insessorial
Piaya cayana,Forest,Insessorial
Piaya melanogaster,Forest,Insessorial
Piaya mexicana,Forest,Insessorial
Pica asirensis,Human Modified,Terrestrial
Pica bottanensis,Human Modified,Terrestrial
Pica hudsonia,Grassland,Terrestrial
Pica mauritanica,Human Modified,Terrestrial
Pica nutalli,Shrubland,Terrestrial
Pica nuttalli,Shrubland,Terrestrial
Pica pica,Human Modified,Terrestrial
Pica serica,Human Modified,Terrestrial
Picathartes gymnocephalus,Forest,Terrestrial
Picathartes oreas,Forest,Terrestrial
Picoides albolarvatus,Forest,Insessorial
Picoides arcticus,Forest,Insessorial
Picoides arizonae,Forest,Insessorial
Picoides borealis,Forest,Insessorial
Picoides canicapillus,Forest,Insessorial
Picoides dorsalis,Forest,Insessorial
Picoides fumigatus,Forest,Insessorial
Picoides funebris,Forest,Insessorial
Picoides kizuki,Forest,Insessorial
Picoides maculatus,Forest,Insessorial
Picoides moluccensis,Woodland,Insessorial
Picoides nanus,Woodland,Insessorial
Picoides nuttallii,Woodland,Insessorial
Picoides pubescens,Woodland,Insessorial
Picoides ramsayi,Forest,Insessorial
Picoides scalaris,Shrubland,Insessorial
Picoides stricklandi,Forest,Insessorial
Picoides temminckii,Forest,Insessorial
Picoides tridactylus,Forest,Insessorial
Picoides villosus,Forest,Insessorial
Piculus aurulentus,Forest,Insessorial
Piculus callopterus,Forest,Insessorial
Piculus chrysochloros,Forest,Insessorial
Piculus flavigula,Forest,Insessorial
Piculus leucolaemus,Forest,Insessorial
Piculus litae,Forest,Insessorial
Piculus simplex,Forest,Insessorial
Picumnus albosquamatus,Forest,Insessorial
Picumnus aurifrons,Forest,Insessorial
Picumnus castelnau,Forest,Insessorial
Picumnus cinnamomeus,Woodland,Insessorial
Picumnus cirratus,Shrubland,Insessorial
Picumnus dorbignyanus,Forest,Insessorial
Picumnus exilis,Forest,Insessorial
Picumnus fulvescens,Forest,Insessorial
Picumnus fuscus,Forest,Insessorial
Picumnus granadensis,Forest,Insessorial
Picumnus innominatus,Forest,Insessorial
Picumnus lafresnayi,Forest,Insessorial
Picumnus limae,Forest,Insessorial
Picumnus minutissimus,Forest,Insessorial
Picumnus nebulosus,Forest,Insessorial
Picumnus nigropunctatus,Forest,Insessorial
Picumnus olivaceus,Forest,Insessorial
Picumnus pumilus,Forest,Insessorial
Picumnus pygmaeus,Woodland,Insessorial
Picumnus rufiventris,Forest,Insessorial
Picumnus sclateri,Forest,Insessorial
Picumnus spilogaster,Forest,Insessorial
Picumnus squamulatus,Woodland,Insessorial
Picumnus steindachneri,Forest,Insessorial
Picumnus subtilis,Forest,Insessorial
Picumnus temminckii,Shrubland,Insessorial
Picumnus varzeae,Forest,Insessorial
Picus awokera,Forest,Insessorial
Picus canus,Forest,Insessorial
Picus chlorolophus,Forest,Insessorial
Picus dedemi,Forest,Insessorial
Picus erythropygius,Woodland,Insessorial
Picus flavinucha,Forest,Insessorial
Picus guerini,Forest,Insessorial
Picus mentalis,Forest,Insessorial
Picus mineaceus,Forest,Insessorial
Picus puniceus,Forest,Insessorial
Picus rabieri,Forest,Insessorial
Picus sharpei,Forest,Terrestrial
Picus squamatus,Forest,Insessorial
Picus vaillantii,Woodland,Terrestrial
Picus viridanus,Forest,Generalist
Picus viridis,Forest,Terrestrial
Picus vittatus,Forest,Insessorial
Picus xanthopygaeus,Woodland,Generalist
Piezorhina cinerea,Shrubland,Terrestrial
Piezorina cinerea,Shrubland,Terrestrial
Pilherodius pileatus,Wetland,Terrestrial
Pinarochroa sordida,Grassland,Insessorial
Pinarocorys erythropygia,Woodland,Terrestrial
Pinarocorys nigricans,Grassland,Terrestrial
Pinaroloxias inornata,Forest,Insessorial
Pinarornis plumosus,Woodland,Insessorial
Pinicola enucleator,Forest,Insessorial
Pinicola subhimachala,Shrubland,Insessorial
Pionites leucogaster,Forest,Insessorial
Pionites melanocephalus,Forest,Insessorial
Pionites xanthomerius,Forest,Insessorial
Pionites xanthurus,Forest,Insessorial
Pionopsitta pileata,Forest,Insessorial
Pionus chalcopterus,Forest,Insessorial
Pionus fuscus,Forest,Insessorial
Pionus maximiliani,Forest,Insessorial
Pionus menstruus,Forest,Insessorial
Pionus reichenowi,Forest,Insessorial
Pionus senilis,Forest,Insessorial
Pionus seniloides,Forest,Insessorial
Pionus sordidus,Forest,Insessorial
Pionus tumultuosus,Forest,Insessorial
Pipile cujubi,Forest,Insessorial
Pipile cumanensis,Forest,Insessorial
Pipile grayi,Forest,Insessorial
Pipile jacutinga,Forest,Insessorial
Pipile pipile,Forest,Insessorial
Pipilo aberti,Shrubland,Generalist
Pipilo albicollis,Shrubland,Generalist
Pipilo chlorurus,Shrubland,Generalist
Pipilo crissalis,Shrubland,Generalist
Pipilo erythrophthalmus,Forest,Generalist
Pipilo fuscus,Shrubland,Generalist
Pipilo maculatus,Forest,Generalist
Pipilo ocai,Forest,Generalist
Pipilo socorroensis,Forest,Generalist
Pipra aureola,Forest,Insessorial
Pipra chloromeros,Forest,Insessorial
Pipra cornuta,Forest,Insessorial
Pipra erythrocephala,Forest,Insessorial
Pipra fasciicauda,Forest,Insessorial
Pipra filicauda,Forest,Insessorial
Pipra mentalis,Forest,Insessorial
Pipra pipra,Forest,Insessorial
Pipra rubrocapilla,Forest,Insessorial
Pipraeidea bonariensis,Forest,Insessorial
Pipraeidea darwinii,Forest,Insessorial
Pipraeidea melanonota,Forest,Insessorial
Pipreola arcuata,Forest,Insessorial
Pipreola aureopectus,Forest,Insessorial
Pipreola chlorolepidota,Forest,Insessorial
Pipreola formosa,Forest,Insessorial
Pipreola frontalis,Forest,Insessorial
Pipreola intermedia,Forest,Insessorial
Pipreola jucunda,Forest,Insessorial
Pipreola lubomirskii,Forest,Insessorial
Pipreola pulchra,Forest,Insessorial
Pipreola riefferii,Forest,Insessorial
Pipreola squamipectus,Forest,Insessorial
Pipreola whitelyi,Forest,Insessorial
Piprites chloris,Forest,Insessorial
Piprites griseiceps,Forest,Insessorial
Piprites pileata,Forest,Insessorial
Piranga bidentata,Forest,Insessorial
Piranga erythrocephala,Forest,Insessorial
Piranga flava,Forest,Insessorial
Piranga hepatica,Forest,Insessorial
Piranga leucoptera,Forest,Insessorial
Piranga ludoviciana,Forest,Insessorial
Piranga lutea,Forest,Insessorial
Piranga olivacea,Forest,Insessorial
Piranga roseogularis,Shrubland,Insessorial
Piranga rubra,Forest,Insessorial
Piranga rubriceps,Forest,Insessorial
Pitangus lictor,Wetland,Insessorial
Pitangus sulphuratus,Human Modified,Insessorial
Pithecophaga jefferyi,Forest,Insessorial
Pithys albifrons,Forest,Insessorial
Pithys castaneus,Forest,Insessorial
Pitohui cerviniventris,Forest,Insessorial
Pitohui cristatus,Forest,Terrestrial
Pitohui dichrous,Forest,Insessorial
Pitohui ferrugineus,Forest,Insessorial
Pitohui incertus,Forest,Insessorial
Pitohui kirhocephalus,Forest,Insessorial
Pitohui nigrescens,Forest,Insessorial
Pitohui uropygialis,Forest,Insessorial
Pitta anerythra,Forest,Terrestrial
Pitta angolensis,Forest,Terrestrial
Pitta arcuata,Forest,Terrestrial
Pitta baudii,Forest,Terrestrial
Pitta brachyura,Forest,Terrestrial
Pitta caerulea,Forest,Terrestrial
Pitta concinna,Forest,Terrestrial
Pitta cyanea,Forest,Terrestrial
Pitta dohertyi,Forest,Terrestrial
Pitta elegans,Forest,Terrestrial
Pitta elliotii,Forest,Terrestrial
Pitta erythrogaster,Forest,Terrestrial
Pitta granatina,Forest,Terrestrial
Pitta guajana,Forest,Terrestrial
Pitta gurneyi,Forest,Terrestrial
Pitta iris,Forest,Terrestrial
Pitta kochi,Forest,Terrestrial
Pitta maxima,Forest,Terrestrial
Pitta megarhyncha,Woodland,Terrestrial
Pitta moluccensis,Forest,Terrestrial
Pitta morotaiensis,Forest,Terrestrial
Pitta nipalensis,Forest,Terrestrial
Pitta novaeguineae,Forest,Terrestrial
Pitta nympha,Forest,Terrestrial
Pitta oatesi,Forest,Terrestrial
Pitta phayrei,Forest,Terrestrial
Pitta reichenowi,Forest,Terrestrial
Pitta rosenbergii,Forest,Terrestrial
Pitta schneideri,Forest,Terrestrial
Pitta sordida,Forest,Terrestrial
Pitta soror,Forest,Terrestrial
Pitta steerii,Forest,Terrestrial
Pitta superba,Forest,Terrestrial
Pitta ussheri,Forest,Terrestrial
Pitta venusta,Forest,Terrestrial
Pitta versicolor,Forest,Terrestrial
Pitta vigorsii,Forest,Terrestrial
Pittasoma michleri,Forest,Insessorial
Pittasoma rufopileatum,Forest,Insessorial
Pityriasis gymnocephala,Forest,Insessorial
Platalea ajaja,Wetland,Terrestrial
Platalea alba,Wetland,Terrestrial
Platalea flavipes,Wetland,Terrestrial
Platalea leucorodia,Wetland,Terrestrial
Platalea minor,Coastal,Terrestrial
Platalea regia,Wetland,Terrestrial
Platycercus adscitus,Woodland,Insessorial
Platycercus caledonicus,Woodland,Insessorial
Platycercus elegans,Forest,Insessorial
Platycercus eximius,Woodland,Insessorial
Platycercus icterotis,Forest,Insessorial
Platycercus venustus,Woodland,Insessorial
Platylophus galericulatus,Forest,Insessorial
Platyrinchus albogularis,Forest,Insessorial
Platyrinchus cancrominus,Forest,Insessorial
Platyrinchus coronatus,Forest,Insessorial
Platyrinchus flavigularis,Forest,Insessorial
Platyrinchus leucoryphus,Forest,Insessorial
Platyrinchus mystaceus,Forest,Insessorial
Platyrinchus platyrhynchos,Forest,Insessorial
Platyrinchus saturatus,Forest,Insessorial
Platysmurus aterrimus,Forest,Insessorial
Platysmurus leucopterus,Forest,Insessorial
Platyspiza crassirostris,Woodland,Insessorial
Platysteira albifrons,Woodland,Insessorial
Platysteira blissetti,Forest,Insessorial
Platysteira castanea,Forest,Insessorial
Platysteira chalybea,Forest,Insessorial
Platysteira concreta,Forest,Insessorial
Platysteira cyanea,Forest,Insessorial
Platysteira hormophora,Forest,Insessorial
Platysteira jamesoni,Forest,Insessorial
Platysteira laticincta,Forest,Insessorial
Platysteira peltata,Forest,Insessorial
Platysteira tonsa,Forest,Insessorial
Plectorhyncha lanceolata,Forest,Insessorial
Plectrophenax hyperboreus,Grassland,Terrestrial
Plectrophenax nivalis,Grassland,Terrestrial
Plectropterus gambensis,Wetland,Terrestrial
Plegadis chihi,Wetland,Terrestrial
Plegadis falcinellus,Wetland,Terrestrial
Plegadis ridgwayi,Wetland,Terrestrial
Plesiodryas albonotata,Forest,Insessorial
Plocepasser donaldsoni,Shrubland,Terrestrial
Plocepasser mahali,Woodland,Terrestrial
Plocepasser rufoscapulatus,Woodland,Terrestrial
Plocepasser superciliosus,Woodland,Terrestrial
Ploceus albinucha,Forest,Insessorial
Ploceus alienus,Forest,Insessorial
Ploceus angolensis,Woodland,Insessorial
Ploceus aurantius,Wetland,Insessorial
Ploceus aureonucha,Forest,Insessorial
Ploceus badius,Grassland,Insessorial
Ploceus baglafecht,Shrubland,Insessorial
Ploceus bannermani,Forest,Insessorial
Ploceus batesi,Forest,Insessorial
Ploceus benghalensis,Wetland,Insessorial
Ploceus bertrandi,Woodland,Insessorial
Ploceus bicolor,Forest,Insessorial
Ploceus bojeri,Woodland,Insessorial
Ploceus brachypterus,Woodland,Insessorial
Ploceus burnieri,Wetland,Insessorial
Ploceus capensis,Woodland,Generalist
Ploceus castaneiceps,Wetland,Insessorial
Ploceus castaneofuscus,Woodland,Insessorial
Ploceus castanops,Wetland,Insessorial
Ploceus cucullatus,Woodland,Insessorial
Ploceus dichrocephalus,Wetland,Insessorial
Ploceus dorsomaculatus,Forest,Insessorial
Ploceus flavipes,,Insessorial
Ploceus galbula,Grassland,Insessorial
Ploceus golandi,Forest,Insessorial
Ploceus grandis,Forest,Insessorial
Ploceus heuglini,Woodland,Insessorial
Ploceus hypoxanthus,Wetland,Insessorial
Ploceus insignis,Forest,Insessorial
Ploceus intermedius,Woodland,Insessorial
Ploceus jacksoni,Wetland,Insessorial
Ploceus katangae,Wetland,Insessorial
Ploceus luteolus,Woodland,Insessorial
Ploceus manyar,Shrubland,Insessorial
Ploceus megarhynchus,Grassland,Insessorial
Ploceus melanocephalus,Wetland,Insessorial
Ploceus melanogaster,Forest,Insessorial
Ploceus nelicourvi,Forest,Insessorial
Ploceus nicolli,Forest,Insessorial
Ploceus nigerrimus,Woodland,Insessorial
Ploceus nigricollis,Woodland,Insessorial
Ploceus nigrimentus,Shrubland,Insessorial
Ploceus ocularis,Woodland,Insessorial
Ploceus olivaceiceps,Woodland,Insessorial
Ploceus pelzelni,Wetland,Insessorial
Ploceus philippinus,Shrubland,Insessorial
Ploceus preussi,Forest,Insessorial
Ploceus princeps,Forest,Insessorial
Ploceus reichardi,Wetland,Insessorial
Ploceus rubiginosus,Shrubland,Insessorial
Ploceus ruweti,Wetland,Insessorial
Ploceus sakalava,Woodland,Insessorial
Ploceus sanctithomae,Forest,Insessorial
Ploceus spekei,Woodland,Insessorial
Ploceus spekeoides,Wetland,Insessorial
Ploceus subaureus,Riverine,Insessorial
Ploceus subpersonatus,Wetland,Insessorial
Ploceus superciliosus,Grassland,Insessorial
Ploceus taeniopterus,Wetland,Insessorial
Ploceus temporalis,Wetland,Insessorial
Ploceus tricolor,Forest,Insessorial
Ploceus upembae,Wetland,Insessorial
Ploceus velatus,Shrubland,Insessorial
Ploceus vitellinus,Shrubland,Insessorial
Ploceus weynsi,Forest,Insessorial
Ploceus xanthops,Shrubland,Insessorial
Ploceus xanthopterus,Wetland,Insessorial
Pluvialis apricaria,Grassland,Terrestrial
Pluvialis dominica,Grassland,Terrestrial
Pluvialis fulva,Grassland,Terrestrial
Pluvialis squatarola,Grassland,Terrestrial
Pluvianellus socialis,Coastal,Terrestrial
Pluvianus aegyptius,Wetland,Terrestrial
Pnoepyga albiventer,Forest,Generalist
Pnoepyga formosana,Forest,Generalist
Pnoepyga immaculata,Forest,Terrestrial
Pnoepyga mutica,Forest,Generalist
Pnoepyga pusilla,Forest,Terrestrial
Podager nacunda,Grassland,Aerial
Podargus ocellatus,Forest,Insessorial
Podargus papuensis,Woodland,Insessorial
Podargus strigoides,Forest,Insessorial
Podica senegalensis,Wetland,Aquatic
Podiceps auritus,Wetland,Aquatic
Podiceps cristatus,Wetland,Aquatic
Podiceps gallardoi,Wetland,Aquatic
Podiceps grisegena,Wetland,Aquatic
Podiceps juninensis,Wetland,Aquatic
Podiceps major,Wetland,Aquatic
Podiceps nigricollis,Wetland,Aquatic
Podiceps occipitalis,Wetland,Aquatic
Podiceps taczanowskii,Wetland,Aquatic
Podilymbus podiceps,Wetland,Aquatic
Podoces biddulphi,Desert,Terrestrial
Podoces hendersoni,Desert,Terrestrial
Podoces panderi,Desert,Terrestrial
Podoces pleskei,Desert,Terrestrial
Poecile atricapillus,Forest,Insessorial
Poecile carolinensis,Forest,Insessorial
Poecile cinctus,Forest,Insessorial
Poecile davidi,Forest,Insessorial
Poecile gambeli,Forest,Insessorial
Poecile hudsonicus,Forest,Insessorial
Poecile hypermelaenus,Forest,Insessorial
Poecile hyrcanus,Woodland,Insessorial
Poecile lugubris,Woodland,Insessorial
Poecile montanus,Forest,Insessorial
Poecile palustris,Forest,Insessorial
Poecile rufescens,Forest,Insessorial
Poecile sclateri,Forest,Insessorial
Poecile superciliosus,Shrubland,Insessorial
Poecile weigoldicus,Forest,Insessorial
Poecilodryas albonotata,Forest,Insessorial
Poecilodryas brachyura,Forest,Insessorial
Poecilodryas cerviniventris,Riverine,Insessorial
Poecilodryas hypoleuca,Forest,Insessorial
Poecilodryas placens,Forest,Insessorial
Poecilodryas superciliosa,Riverine,Insessorial
Poecilostreptus cabanisi,Forest,Insessorial
Poecilostreptus palmeri,Forest,Insessorial
Poecilotriccus albifacies,Forest,Insessorial
Poecilotriccus calopterus,Forest,Insessorial
Poecilotriccus capitalis,Forest,Insessorial
Poecilotriccus fumifrons,Forest,Insessorial
Poecilotriccus latirostris,Forest,Insessorial
Poecilotriccus luluae,Forest,Insessorial
Poecilotriccus plumbeiceps,Forest,Insessorial
Poecilotriccus pulchellus,Forest,Insessorial
Poecilotriccus ruficeps,Forest,Insessorial
Poecilotriccus russatus,Forest,Insessorial
Poecilotriccus senex,Forest,Insessorial
Poecilotriccus sylvia,Forest,Insessorial
Poeoptera femoralis,Forest,Insessorial
Poeoptera kenricki,Forest,Insessorial
Poeoptera lugubris,Forest,Insessorial
Poeoptera stuhlmanni,Forest,Insessorial
Poephila acuticauda,Grassland,Generalist
Poephila cincta,Shrubland,Terrestrial
Poephila personata,Woodland,Generalist
Pogoniulus atroflavus,Forest,Insessorial
Pogoniulus bilineatus,Forest,Insessorial
Pogoniulus chrysoconus,Woodland,Insessorial
Pogoniulus coryphaea,Forest,Insessorial
Pogoniulus coryphaeus,Forest,Insessorial
Pogoniulus leucomystax,Forest,Insessorial
Pogoniulus makawai,Forest,Insessorial
Pogoniulus pusillus,Shrubland,Insessorial
Pogoniulus scolopaceus,Forest,Insessorial
Pogoniulus simplex,Forest,Insessorial
Pogoniulus subsulphureus,Forest,Insessorial
Pogonocichla stellata,Forest,Insessorial
Pogonornis bidentatus,Forest,Insessorial
Pogonornis dubius,Woodland,Insessorial
Pogonornis macclounii,Woodland,Insessorial
Pogonornis melanopterus,Forest,Insessorial
Pogonornis minor,Woodland,Insessorial
Pogonornis rolleti,Woodland,Insessorial
Pogonotriccus chapmani,Forest,Insessorial
Pogonotriccus eximius,Forest,Insessorial
Pogonotriccus lanyoni,Forest,Insessorial
Pogonotriccus ophthalmicus,Forest,Insessorial
Pogonotriccus orbitalis,Forest,Insessorial
Pogonotriccus poecilotis,Forest,Insessorial
Pogonotriccus venezuelanus,Forest,Insessorial
Poicephalus crassus,Forest,Insessorial
Poicephalus cryptoxanthus,Woodland,Insessorial
Poicephalus flavifrons,Forest,Insessorial
Poicephalus fuscicollis,Forest,Insessorial
Poicephalus gulielmi,Forest,Insessorial
Poicephalus meyeri,Grassland,Insessorial
Poicephalus robustus,Forest,Insessorial
Poicephalus rueppellii,Shrubland,Insessorial
Poicephalus rufiventris,Shrubland,Insessorial
Poicephalus senegalus,Woodland,Insessorial
Poikilocarbo gaimardi,Marine,Aquatic
Polemaetus bellicosus,Grassland,Aerial
Polihierax insignis,Woodland,Generalist
Polihierax semitorquatus,Shrubland,Insessorial
Poliocephalus poliocephalus,Wetland,Aquatic
Poliocephalus rufopectus,Wetland,Aquatic
Poliocrania exsul,Forest,Insessorial
Poliocrania maculifer,Forest,Insessorial
Poliolais lopezi,Forest,Insessorial
Poliolimnas cinereus,Wetland,Terrestrial
Poliolophus urostictus,Forest,Insessorial
Polioptila albiloris,Woodland,Insessorial
Polioptila albiventris,Woodland,Insessorial
Polioptila attenboroughi,Forest,Insessorial
Polioptila bilineata,Shrubland,Insessorial
Polioptila caerulea,Woodland,Insessorial
Polioptila californica,Shrubland,Insessorial
Polioptila clementsi,Forest,Insessorial
Polioptila dumicola,Woodland,Insessorial
Polioptila facilis,Forest,Insessorial
Polioptila guianensis,Forest,Insessorial
Polioptila lactea,Forest,Insessorial
Polioptila lembeyei,Shrubland,Insessorial
Polioptila maior,Shrubland,Insessorial
Polioptila melanura,Shrubland,Insessorial
Polioptila nigriceps,Shrubland,Insessorial
Polioptila paraensis,Forest,Insessorial
Polioptila plumbea,Shrubland,Insessorial
Polioptila schistaceigula,Forest,Insessorial
Polioxolmis rufipennis,Forest,Insessorial
Polyboroides radiatus,Forest,Generalist
Polyboroides typus,Forest,Insessorial
Polyerata amabilis,Forest,Aerial
Polyerata decora,Forest,Aerial
Polyerata rosenbergi,Forest,Aerial
Polyonymus caroli,Shrubland,Aerial
Polyplectron bicalcaratum,Forest,Terrestrial
Polyplectron chalcurum,Forest,Terrestrial
Polyplectron germaini,Forest,Terrestrial
Polyplectron inopinatum,Forest,Terrestrial
Polyplectron katsumatae,,Terrestrial
Polyplectron malacense,Forest,Terrestrial
Polyplectron napoleonis,Forest,Terrestrial
Polyplectron schleiermacheri,Woodland,Terrestrial
Polysticta stelleri,Marine,Aquatic
Polystictus pectoralis,Grassland,Insessorial
Polystictus superciliaris,Shrubland,Insessorial
Polytelis alexandrae,Desert,Insessorial
Polytelis anthopeplus,Shrubland,Insessorial
Polytelis swainsonii,Forest,Insessorial
Polytmus guainumbi,Grassland,Aerial
Polytmus milleri,Forest,Aerial
Polytmus theresiae,Grassland,Aerial
Pomarea dimidiata,Forest,Insessorial
Pomarea iphis,Forest,Insessorial
Pomarea mendozae,Forest,Insessorial
Pomarea mira,Forest,Insessorial
Pomarea nigra,Forest,Insessorial
Pomarea whitneyi,Forest,Insessorial
Pomatorhinus erythrocnemis,Shrubland,Terrestrial
Pomatorhinus erythrogenys,Shrubland,Terrestrial
Pomatorhinus ferruginosus,Forest,Terrestrial
Pomatorhinus gravivox,Shrubland,Terrestrial
Pomatorhinus horsfieldii,Forest,Terrestrial
Pomatorhinus hypoleucos,Shrubland,Terrestrial
Pomatorhinus mcclellandi,Shrubland,Terrestrial
Pomatorhinus melanurus,Forest,Generalist
Pomatorhinus montanus,Forest,Generalist
Pomatorhinus musicus,Forest,Generalist
Pomatorhinus ochraceiceps,Forest,Insessorial
Pomatorhinus phayrei,Forest,Terrestrial
Pomatorhinus ruficollis,Forest,Generalist
Pomatorhinus schisticeps,Forest,Generalist
Pomatorhinus superciliaris,Shrubland,Generalist
Pomatorhinus swinhoei,Shrubland,Terrestrial
Pomatostomus halli,Shrubland,Generalist
Pomatostomus isidorei,Forest,Generalist
Pomatostomus ruficeps,Shrubland,Generalist
Pomatostomus superciliosus,Forest,Generalist
Pomatostomus temporalis,Woodland,Generalist
Poodytes albolimbatus,Wetland,Generalist
Poodytes carteri,Grassland,Terrestrial
Poodytes caudatus,Shrubland,Generalist
Poodytes gramineus,Wetland,Generalist
Poodytes punctatus,Shrubland,Generalist
Pooecetes gramineus,Grassland,Generalist
Poospiza alticola,Forest,Insessorial
Poospiza baeri,Shrubland,Generalist
Poospiza boliviana,Shrubland,Generalist
Poospiza cabanisi,,Insessorial
Poospiza caesar,Shrubland,Terrestrial
Poospiza cinerea,Grassland,Insessorial
Poospiza erythrophrys,Forest,Insessorial
Poospiza garleppi,Shrubland,Insessorial
Poospiza goeringi,Forest,Insessorial
Poospiza hispaniolensis,Shrubland,Insessorial
Poospiza hypochondria,Shrubland,Insessorial
Poospiza lateralis,Forest,Insessorial
Poospiza melanoleuca,Shrubland,Insessorial
Poospiza nigrorufa,Shrubland,Generalist
Poospiza ornata,Shrubland,Generalist
Poospiza rubecula,Woodland,Insessorial
Poospiza rufosuperciliaris,Forest,Insessorial
Poospiza thoracica,Forest,Insessorial
Poospiza torquata,Shrubland,Insessorial
Poospiza whitii,Woodland,Terrestrial
Poospizopsis caesar,Shrubland,Terrestrial
Poospizopsis hypochondria,Shrubland,Insessorial
Poospizopsis hypocondria,Shrubland,Insessorial
Porphyrio alleni,Wetland,Terrestrial
Porphyrio flavirostris,Wetland,Terrestrial
Porphyrio hochstetteri,Grassland,Terrestrial
Porphyrio indicus,Wetland,Terrestrial
Porphyrio madagascariensis,Wetland,Terrestrial
Porphyrio martinica,Wetland,Terrestrial
Porphyrio martinicus,Wetland,Terrestrial
Porphyrio melanotus,Wetland,Terrestrial
Porphyrio poliocephalus,Wetland,Terrestrial
Porphyrio porphyrio,Wetland,Terrestrial
Porphyrio pulverulentus,Wetland,Terrestrial
Porphyriops melanops,Wetland,Aquatic
Porphyrolaema porphyrolaema,Forest,Insessorial
Porphyrospiza caerulescens,Grassland,Terrestrial
Porzana albicollis,Wetland,Terrestrial
Porzana atra,Forest,Terrestrial
Porzana carolina,Wetland,Terrestrial
Porzana cinerea,Wetland,Terrestrial
Porzana fasciata,Forest,Terrestrial
Porzana flaviventer,Wetland,Terrestrial
Porzana fluminea,Wetland,Terrestrial
Porzana fusca,Wetland,Terrestrial
Porzana parva,Wetland,Terrestrial
Porzana paykullii,Wetland,Terrestrial
Porzana porzana,Wetland,Terrestrial
Porzana pusilla,Wetland,Terrestrial
Porzana spiloptera,Wetland,Terrestrial
Porzana tabuensis,Wetland,Terrestrial
Premnoplex brunnescens,Forest,Insessorial
Premnoplex pariae,Forest,Generalist
Premnoplex tatei,Forest,Generalist
Premnornis guttuliger,Forest,Insessorial
Premnornis guttuligera,Forest,Insessorial
Primolius auricollis,Woodland,Insessorial
Primolius couloni,Forest,Insessorial
Primolius maracana,Forest,Insessorial
Prinia atrogularis,Grassland,Insessorial
Prinia bairdii,Forest,Insessorial
Prinia buchanani,Grassland,Insessorial
Prinia burnesii,Grassland,Generalist
Prinia cinereocapilla,Woodland,Insessorial
Prinia cooki,Grassland,Insessorial
Prinia crinigera,Shrubland,Generalist
Prinia erythroptera,Woodland,Insessorial
Prinia familiaris,Shrubland,Generalist
Prinia flavicans,Shrubland,Insessorial
Prinia flaviventris,Shrubland,Insessorial
Prinia fluviatilis,Wetland,Insessorial
Prinia gracilis,Shrubland,Insessorial
Prinia hodgsonii,Shrubland,Insessorial
Prinia hypoxantha,Woodland,Insessorial
Prinia inornata,Shrubland,Generalist
Prinia khasiana,Grassland,Insessorial
Prinia leontica,Forest,Insessorial
Prinia lepida,Shrubland,Insessorial
Prinia leucopogon,Forest,Insessorial
Prinia maculosa,Shrubland,Insessorial
Prinia molleri,Forest,Insessorial
Prinia polychroa,Grassland,Insessorial
Prinia robertsi,Shrubland,Insessorial
Prinia rocki,Grassland,Insessorial
Prinia rufescens,Shrubland,Insessorial
Prinia rufifrons,Shrubland,Insessorial
Prinia socialis,Grassland,Insessorial
Prinia somalica,Shrubland,Insessorial
Prinia sonitans,Shrubland,Insessorial
Prinia striata,Shrubland,Generalist
Prinia subflava,Shrubland,Insessorial
Prinia superciliaris,Grassland,Insessorial
Prinia sylvatica,Shrubland,Insessorial
Prioniturus discurus,Forest,Insessorial
Prioniturus flavicans,Forest,Insessorial
Prioniturus luconensis,Forest,Insessorial
Prioniturus mada,Forest,Insessorial
Prioniturus mindorensis,Forest,Insessorial
Prioniturus montanus,Forest,Insessorial
Prioniturus platenae,Forest,Insessorial
Prioniturus platurus,Forest,Insessorial
Prioniturus verticalis,Forest,Insessorial
Prioniturus waterstradti,Forest,Insessorial
Prionochilus maculatus,Forest,Insessorial
Prionochilus olivaceus,Forest,Insessorial
Prionochilus percussus,Forest,Insessorial
Prionochilus plateni,Forest,Insessorial
Prionochilus thoracicus,Forest,Insessorial
Prionochilus xanthopygius,Forest,Insessorial
Prionodura newtoniana,Forest,Insessorial
Prionops alberti,Forest,Insessorial
Prionops caniceps,Forest,Insessorial
Prionops gabela,Forest,Insessorial
Prionops plumatus,Woodland,Insessorial
Prionops poliolophus,Shrubland,Insessorial
Prionops retzii,Woodland,Insessorial
Prionops rufiventris,Forest,Insessorial
Prionops scopifrons,Woodland,Insessorial
Priotelus roseigaster,Forest,Insessorial
Priotelus temnurus,Forest,Insessorial
Probosciger aterrimus,Forest,Insessorial
Procarduelis nipalensis,Forest,Generalist
Procellaria aequinoctialis,Marine,Aquatic
Procellaria cinerea,Marine,Generalist
Procellaria conspicillata,Marine,Aquatic
Procellaria parkinsoni,Marine,Aquatic
Procellaria westlandica,Marine,Aquatic
Procelsterna albivitta,Marine,Aerial
Procelsterna cerulea,Marine,Aerial
Procnias albus,Forest,Insessorial
Procnias averano,Forest,Insessorial
Procnias nudicollis,Forest,Insessorial
Procnias tricarunculatus,Forest,Insessorial
Prodotiscus insignis,Forest,Insessorial
Prodotiscus regulus,Woodland,Insessorial
Prodotiscus zambesiae,Forest,Insessorial
Progne chalybea,Shrubland,Aerial
Progne cryptoleuca,Shrubland,Aerial
Progne dominicensis,Human Modified,Aerial
Progne elegans,Grassland,Aerial
Progne modesta,Shrubland,Aerial
Progne murphyi,Grassland,Aerial
Progne sinaloae,Forest,Aerial
Progne subis,Forest,Aerial
Progne tapera,Grassland,Aerial
Promerops cafer,Shrubland,Insessorial
Promerops gurneyi,Shrubland,Insessorial
Prosobonia cancellata,Coastal,Terrestrial
Prosobonia parvirostris,Coastal,Terrestrial
Prosopeia personata,Forest,Insessorial
Prosopeia splendens,Forest,Insessorial
Prosopeia tabuensis,Forest,Insessorial
Prosthemadera novaeseelandiae,Forest,Insessorial
Protonotaria citrea,Forest,Insessorial
Prunella atrogularis,Shrubland,Terrestrial
Prunella collaris,Grassland,Terrestrial
Prunella fagani,Rock,Terrestrial
Prunella fulvescens,Shrubland,Terrestrial
Prunella himalayana,Grassland,Terrestrial
Prunella immaculata,Forest,Terrestrial
Prunella koslowi,Shrubland,Terrestrial
Prunella modularis,Forest,Terrestrial
Prunella montanella,Forest,Terrestrial
Prunella ocularis,Rock,Terrestrial
Prunella rubeculoides,Shrubland,Terrestrial
Prunella rubida,Shrubland,Terrestrial
Prunella strophiata,Forest,Terrestrial
Psalidoprocne albiceps,Forest,Aerial
Psalidoprocne fuliginosa,Forest,Aerial
Psalidoprocne nitens,Forest,Aerial
Psalidoprocne obscura,Forest,Aerial
Psalidoprocne pristoptera,Forest,Aerial
Psaltria exilis,Forest,Insessorial
Psaltriparus minimus,Woodland,Insessorial
Psarisomus dalhousiae,Forest,Insessorial
Psarocolius angustifrons,Forest,Insessorial
Psarocolius atrovirens,Forest,Insessorial
Psarocolius bifasciatus,Forest,Insessorial
Psarocolius cassini,Forest,Insessorial
Psarocolius decumanus,Forest,Insessorial
Psarocolius guatimozinus,Forest,Insessorial
Psarocolius montezuma,Forest,Insessorial
Psarocolius oleagineus,Forest,Insessorial
Psarocolius viridis,Forest,Insessorial
Psarocolius wagleri,Forest,Insessorial
Psarocolius yuracares,Forest,Insessorial
Pselliophorus luteoviridis,Forest,Generalist
Pselliophorus tibialis,Forest,Generalist
Psephotellus chrysopterygius,Forest,Terrestrial
Psephotellus dissimilis,Woodland,Terrestrial
Psephotellus varius,Grassland,Generalist
Psephotus chrysopterygius,Forest,Terrestrial
Psephotus dissimilis,Woodland,Terrestrial
Psephotus haematonotus,Woodland,Terrestrial
Psephotus varius,Grassland,Generalist
Pseudalaemon fremantlii,Grassland,Terrestrial
Pseudasthenes cactorum,Shrubland,Terrestrial
Pseudasthenes humicola,Shrubland,Generalist
Pseudasthenes patagonica,Shrubland,Terrestrial
Pseudasthenes steinbachi,Shrubland,Terrestrial
Pseudastur albicollis,Forest,Insessorial
Pseudastur occidentalis,Forest,Insessorial
Pseudastur polionotus,Forest,Insessorial
Pseudelaenia leucospodia,Shrubland,Insessorial
Pseudeos cardinalis,Forest,Insessorial
Pseudeos fuscata,Forest,Insessorial
Pseudhirundo griseopyga,Grassland,Aerial
Pseudibis davisoni,Wetland,Terrestrial
Pseudibis gigantea,Wetland,Terrestrial
Pseudibis papillosa,Grassland,Terrestrial
Pseudoalcippe abyssinica,Forest,Insessorial
Pseudobias wardi,Forest,Insessorial
Pseudobulweria aterrima,Marine,Aquatic
Pseudobulweria becki,Marine,Aquatic
Pseudobulweria macgillivrayi,Marine,Aquatic
Pseudobulweria rostrata,Marine,Aquatic
Pseudocalyptomena graueri,Forest,Insessorial
Pseudochelidon eurystomina,Riverine,Aerial
Pseudochelidon sirintarae,,Aerial
Pseudocolaptes boissonneauii,Forest,Insessorial
Pseudocolaptes boissonneautii,Forest,Insessorial
Pseudocolaptes johnsoni,Forest,Insessorial
Pseudocolaptes lawrencii,Forest,Insessorial
Pseudocolopteryx acutipennis,Shrubland,Insessorial
Pseudocolopteryx citreola,Wetland,Insessorial
Pseudocolopteryx dinelliana,Wetland,Insessorial
Pseudocolopteryx flaviventris,Wetland,Insessorial
Pseudocolopteryx sclateri,Wetland,Insessorial
Pseudoleistes guirahuro,Human Modified,Terrestrial
Pseudoleistes virescens,Wetland,Terrestrial
Pseudonestor xanthophrys,Forest,Insessorial
Pseudonigrita arnaudi,Woodland,Terrestrial
Pseudonigrita cabanisi,Grassland,Terrestrial
Pseudopipra pipra,Forest,Insessorial
Pseudopodoces humilis,Rock,Terrestrial
Pseudorectes ferrugineus,Forest,Insessorial
Pseudorectes incertus,Forest,Insessorial
Pseudosaltator rufiventris,Forest,Insessorial
Pseudoscops clamator,Grassland,Aerial
Pseudoscops grammicus,Forest,Insessorial
Pseudoseisura cristata,Forest,Terrestrial
Pseudoseisura gutturalis,Shrubland,Terrestrial
Pseudoseisura lophotes,Woodland,Terrestrial
Pseudoseisura unirufa,Forest,Terrestrial
Pseudospingus verticalis,Forest,Insessorial
Pseudospingus xanthophthalmus,Forest,Insessorial
Pseudotriccus pelzelni,Forest,Insessorial
Pseudotriccus ruficeps,Forest,Insessorial
Pseudotriccus simplex,Forest,Insessorial
Psilopogon annamensis,Forest,Insessorial
Psilopogon armillaris,Forest,Insessorial
Psilopogon asiaticus,Forest,Insessorial
Psilopogon auricularis,Forest,Insessorial
Psilopogon australis,Forest,Insessorial
Psilopogon chersonesus,Forest,Insessorial
Psilopogon chrysopogon,Forest,Insessorial
Psilopogon corvinus,Forest,Insessorial
Psilopogon cyanotis,Forest,Insessorial
Psilopogon duvaucelii,Forest,Insessorial
Psilopogon eximius,Forest,Insessorial
Psilopogon faber,Forest,Insessorial
Psilopogon faiostrictus,Forest,Insessorial
Psilopogon flavifrons,Forest,Insessorial
Psilopogon franklinii,Forest,Insessorial
Psilopogon haemacephalus,Woodland,Insessorial
Psilopogon henricii,Forest,Insessorial
Psilopogon incognitus,Forest,Insessorial
Psilopogon javensis,Forest,Insessorial
Psilopogon lagrandieri,Forest,Insessorial
Psilopogon lineatus,Forest,Insessorial
Psilopogon malabaricus,Forest,Insessorial
Psilopogon monticola,Forest,Insessorial
Psilopogon mystacophanos,Forest,Insessorial
Psilopogon nuchalis,Forest,Insessorial
Psilopogon oorti,Forest,Insessorial
Psilopogon pulcherrimus,Forest,Insessorial
Psilopogon pyrolophus,Forest,Insessorial
Psilopogon rafflesii,Forest,Insessorial
Psilopogon rubricapillus,Forest,Insessorial
Psilopogon virens,Forest,Insessorial
Psilopogon viridis,Forest,Insessorial
Psilopogon zeylanicus,Forest,Insessorial
Psilopsiagon aurifrons,Shrubland,Generalist
Psilopsiagon aymara,Shrubland,Insessorial
Psilorhamphus guttatus,Forest,Insessorial
Psilorhinus morio,Forest,Insessorial
Psiloscops flammeolus,Forest,Insessorial
Psittacara acuticaudatus,Shrubland,Insessorial
Psittacara brevipes,Forest,Insessorial
Psittacara chloropterus,Forest,Insessorial
Psittacara erythrogenys,Woodland,Insessorial
Psittacara euops,Woodland,Insessorial
Psittacara finschi,Forest,Insessorial
Psittacara frontatus,Forest,Insessorial
Psittacara holochlorus,Forest,Insessorial
Psittacara leucophthalmus,Forest,Insessorial
Psittacara mitratus,Forest,Insessorial
Psittacara rubritorquis,Forest,Insessorial
Psittacara strenuus,Forest,Insessorial
Psittacara wagleri,Forest,Insessorial
Psittacella brehmii,Forest,Insessorial
Psittacella lorentzi,Forest,Insessorial
Psittacella madaraszi,Forest,Insessorial
Psittacella modesta,Shrubland,Insessorial
Psittacella picta,Forest,Insessorial
Psittacula alexandri,Forest,Insessorial
Psittacula calthrapae,Forest,Insessorial
Psittacula calthropae,Forest,Insessorial
Psittacula caniceps,Forest,Insessorial
Psittacula columboides,Forest,Insessorial
Psittacula cyanocephala,Forest,Insessorial
Psittacula derbiana,Forest,Insessorial
Psittacula eques,Forest,Insessorial
Psittacula eupatria,Forest,Insessorial
Psittacula finschii,Forest,Insessorial
Psittacula himalayana,Woodland,Insessorial
Psittacula krameri,Forest,Insessorial
Psittacula longicauda,Forest,Insessorial
Psittacula roseata,Forest,Insessorial
Psittaculirostris cervicalis,Forest,Insessorial
Psittaculirostris desmarestii,Forest,Insessorial
Psittaculirostris edwardsii,Forest,Insessorial
Psittaculirostris godmani,Forest,Insessorial
Psittaculirostris salvadorii,Forest,Insessorial
Psittacus erithacus,Forest,Insessorial
Psittacus timneh,Forest,Insessorial
Psitteuteles goldiei,Forest,Insessorial
Psitteuteles iris,Forest,Insessorial
Psitteuteles versicolor,Woodland,Insessorial
Psittinus abbotti,Forest,Insessorial
Psittinus cyanurus,Forest,Insessorial
Psittiparus bakeri,Forest,Insessorial
Psittiparus gularis,Shrubland,Insessorial
Psittiparus margaritae,Shrubland,Insessorial
Psittiparus ruficeps,Forest,Insessorial
Psittirostra psittacea,Forest,Insessorial
Psittrichas fulgidus,Forest,Insessorial
Psophia crepitans,Forest,Terrestrial
Psophia dextralis,Forest,Terrestrial
Psophia leucoptera,Forest,Terrestrial
Psophia obscura,Forest,Terrestrial
Psophia ochroptera,Forest,Terrestrial
Psophia viridis,Forest,Terrestrial
Psophocichla litsitsirupa,Grassland,Terrestrial
Psophocichla simensis,Shrubland,Terrestrial
Psophodes cristatus,Shrubland,Terrestrial
Psophodes nigrogularis,Shrubland,Terrestrial
Psophodes occidentalis,Shrubland,Terrestrial
Psophodes olivaceus,Forest,Generalist
Pteridophora alberti,Forest,Insessorial
Pternistis adspersus,Shrubland,Terrestrial
Pternistis afer,Shrubland,Terrestrial
Pternistis ahantensis,Forest,Terrestrial
Pternistis atrifrons,Forest,Terrestrial
Pternistis bicalcaratus,Woodland,Terrestrial
Pternistis camerunensis,Forest,Terrestrial
Pternistis capensis,Shrubland,Terrestrial
Pternistis castaneicollis,Forest,Terrestrial
Pternistis clappertoni,Shrubland,Terrestrial
Pternistis erckelii,Shrubland,Terrestrial
Pternistis griseostriatus,Forest,Terrestrial
Pternistis hartlaubi,Shrubland,Terrestrial
Pternistis harwoodi,Shrubland,Terrestrial
Pternistis hildebrandti,Shrubland,Terrestrial
Pternistis icterorhynchus,Grassland,Terrestrial
Pternistis jacksoni,Forest,Terrestrial
Pternistis leucoscepus,Shrubland,Terrestrial
Pternistis natalensis,Shrubland,Terrestrial
Pternistis nobilis,Forest,Terrestrial
Pternistis ochropectus,Woodland,Terrestrial
Pternistis rufopictus,Shrubland,Terrestrial
Pternistis squamatus,Forest,Terrestrial
Pternistis swainsonii,Grassland,Terrestrial
Pternistis swierstrai,Forest,Terrestrial
Pterocles alchata,Grassland,Terrestrial
Pterocles bicinctus,Grassland,Terrestrial
Pterocles burchelli,Grassland,Terrestrial
Pterocles coronatus,Desert,Terrestrial
Pterocles decoratus,Shrubland,Terrestrial
Pterocles exustus,Grassland,Terrestrial
Pterocles gutturalis,Grassland,Terrestrial
Pterocles indicus,Grassland,Terrestrial
Pterocles lichtensteinii,Grassland,Terrestrial
Pterocles namaqua,Desert,Terrestrial
Pterocles orientalis,Grassland,Terrestrial
Pterocles personatus,Shrubland,Terrestrial
Pterocles quadricinctus,Shrubland,Terrestrial
Pterocles senegallus,Desert,Terrestrial
Pterodroma alba,Marine,Generalist
Pterodroma arminjoniana,Marine,Aerial
Pterodroma atrata,Marine,Generalist
Pterodroma axillaris,Marine,Generalist
Pterodroma baraui,Marine,Aerial
Pterodroma brevipes,Marine,Generalist
Pterodroma cahow,Marine,Generalist
Pterodroma caribbaea,Marine,Generalist
Pterodroma cervicalis,Marine,Generalist
Pterodroma cookii,Marine,Aerial
Pterodroma defilippiana,Marine,Generalist
Pterodroma deserta,Marine,Generalist
Pterodroma externa,Marine,Generalist
Pterodroma feae,Marine,Generalist
Pterodroma gouldi,Marine,Generalist
Pterodroma hasitata,Marine,Generalist
Pterodroma heraldica,Marine,Aerial
Pterodroma hypoleuca,Marine,Generalist
Pterodroma incerta,Marine,Generalist
Pterodroma inexpectata,Marine,Aerial
Pterodroma lessonii,Marine,Generalist
Pterodroma leucoptera,Marine,Generalist
Pterodroma longirostris,Marine,Generalist
Pterodroma macroptera,Marine,Generalist
Pterodroma madeira,Marine,Generalist
Pterodroma magentae,Marine,Generalist
Pterodroma mollis,Marine,Generalist
Pterodroma neglecta,Marine,Generalist
Pterodroma nigripennis,Marine,Generalist
Pterodroma occulta,Marine,Generalist
Pterodroma phaeopygia,Marine,Generalist
Pterodroma pycrofti,Marine,Generalist
Pterodroma sandwichensis,Marine,Generalist
Pterodroma solandri,Marine,Aerial
Pterodroma ultima,Marine,Generalist
Pteroglossus aracari,Forest,Insessorial
Pteroglossus azara,Forest,Insessorial
Pteroglossus bailloni,Forest,Insessorial
Pteroglossus beauharnaesii,Forest,Insessorial
Pteroglossus beauharnaisii,Forest,Insessorial
Pteroglossus bitorquatus,Forest,Insessorial
Pteroglossus castanotis,Forest,Insessorial
Pteroglossus erythropygius,Forest,Insessorial
Pteroglossus frantzii,Forest,Insessorial
Pteroglossus humboldti,Forest,Insessorial
Pteroglossus inscriptus,Forest,Insessorial
Pteroglossus pluricinctus,Forest,Insessorial
Pteroglossus sanguineus,Forest,Insessorial
Pteroglossus sturmii,Forest,Insessorial
Pteroglossus torquatus,Forest,Insessorial
Pteroglossus viridis,Forest,Insessorial
Pteronetta hartlaubii,Wetland,Generalist
Pterophanes cyanopterus,Forest,Aerial
Pteroptochos castaneus,Forest,Generalist
Pteroptochos megapodius,Shrubland,Terrestrial
Pteroptochos tarnii,Forest,Terrestrial
Pterorhinus albogularis,Forest,Generalist
Pterorhinus berthemyi,Forest,Insessorial
Pterorhinus caerulatus,Forest,Insessorial
Pterorhinus chinensis,Forest,Generalist
Pterorhinus courtoisi,Forest,Generalist
Pterorhinus davidi,Shrubland,Insessorial
Pterorhinus delesserti,Forest,Terrestrial
Pterorhinus galbanus,Forest,Terrestrial
Pterorhinus gularis,Forest,Terrestrial
Pterorhinus koslowi,Forest,Insessorial
Pterorhinus lanceolatus,Forest,Generalist
Pterorhinus mitratus,Forest,Insessorial
Pterorhinus nuchalis,Forest,Terrestrial
Pterorhinus pectoralis,Forest,Terrestrial
Pterorhinus perspicillatus,Shrubland,Terrestrial
Pterorhinus poecilorhynchus,Forest,Insessorial
Pterorhinus ruficeps,Forest,Insessorial
Pterorhinus ruficollis,Shrubland,Generalist
Pterorhinus sannio,Forest,Generalist
Pterorhinus treacheri,Forest,Insessorial
Pterorhinus vassali,Forest,Generalist
Pterorhinus waddelli,Shrubland,Insessorial
Pterorhinus woodi,Forest,Generalist
Pteruthius aenobarbus,Forest,Insessorial
Pteruthius aeralatus,Forest,Insessorial
Pteruthius annamensis,Forest,Insessorial
Pteruthius flaviscapis,Forest,Insessorial
Pteruthius intermedius,Forest,Insessorial
Pteruthius melanotis,Forest,Insessorial
Pteruthius ripleyi,Forest,Insessorial
Pteruthius rufiventer,Forest,Insessorial
Pteruthius xanthochlorus,Forest,Insessorial
Ptilinopus alligator,Forest,Insessorial
Ptilinopus arcanus,Forest,Insessorial
Ptilinopus aurantiifrons,Forest,Insessorial
Ptilinopus bernsteinii,Forest,Insessorial
Ptilinopus chalcurus,Forest,Insessorial
Ptilinopus chrysogaster,Forest,Insessorial
Ptilinopus cinctus,Forest,Insessorial
Ptilinopus coralensis,Forest,Terrestrial
Ptilinopus coronulatus,Forest,Insessorial
Ptilinopus dohertyi,Forest,Insessorial
Ptilinopus dupetithouarsii,Forest,Insessorial
Ptilinopus epius,Forest,Insessorial
Ptilinopus eugeniae,Forest,Insessorial
Ptilinopus fasciatus,Forest,Insessorial
Ptilinopus fischeri,Forest,Insessorial
Ptilinopus gestroi,Forest,Insessorial
Ptilinopus granulifrons,Forest,Insessorial
Ptilinopus greyi,Forest,Insessorial
Ptilinopus greyii,Forest,Insessorial
Ptilinopus hernsheimi,Forest,Insessorial
Ptilinopus huttoni,Forest,Insessorial
Ptilinopus hyogastrus,Forest,Insessorial
Ptilinopus insolitus,Forest,Insessorial
Ptilinopus insularis,Forest,Insessorial
Ptilinopus iozonus,Forest,Insessorial
Ptilinopus jambu,Forest,Insessorial
Ptilinopus layardi,Forest,Insessorial
Ptilinopus leclancheri,Forest,Insessorial
Ptilinopus luteovirens,Forest,Insessorial
Ptilinopus magnificus,Forest,Insessorial
Ptilinopus mangoliensis,Forest,Insessorial
Ptilinopus marchei,Forest,Insessorial
Ptilinopus melanospilus,Forest,Insessorial
Ptilinopus merrilli,Forest,Insessorial
Ptilinopus monacha,Forest,Insessorial
Ptilinopus naina,Forest,Insessorial
Ptilinopus nainus,Forest,Insessorial
Ptilinopus occipitalis,Forest,Insessorial
Ptilinopus ornatus,Forest,Insessorial
Ptilinopus pelewensis,Forest,Insessorial
Ptilinopus perlatus,Forest,Insessorial
Ptilinopus perousii,Forest,Insessorial
Ptilinopus ponapensis,Forest,Insessorial
Ptilinopus porphyraceus,Forest,Insessorial
Ptilinopus porphyreus,Forest,Insessorial
Ptilinopus pulchellus,Forest,Insessorial
Ptilinopus purpuratus,Forest,Insessorial
Ptilinopus rarotongensis,Forest,Insessorial
Ptilinopus regina,Forest,Insessorial
Ptilinopus richardsii,Forest,Insessorial
Ptilinopus rivoli,Forest,Insessorial
Ptilinopus roseicapilla,Forest,Insessorial
Ptilinopus solomonensis,Forest,Insessorial
Ptilinopus speciosus,Forest,Insessorial
Ptilinopus subgularis,Forest,Insessorial
Ptilinopus superbus,Forest,Insessorial
Ptilinopus tannensis,Forest,Insessorial
Ptilinopus temminckii,Forest,Insessorial
Ptilinopus victor,Woodland,Insessorial
Ptilinopus viridis,Forest,Insessorial
Ptilinopus wallacii,Forest,Insessorial
Ptiliogonys caudatus,Forest,Insessorial
Ptiliogonys cinereus,Forest,Insessorial
Ptilocichla falcata,Forest,Generalist
Ptilocichla leucogrammica,Forest,Generalist
Ptilocichla mindanensis,Forest,Generalist
Ptilogonys caudatus,Forest,Insessorial
Ptilogonys cinereus,Forest,Insessorial
Ptilonorhynchus violaceus,Forest,Insessorial
Ptilopachus nahani,Forest,Terrestrial
Ptilopachus petrosus,Rock,Terrestrial
Ptiloprora erythropleura,Forest,Insessorial
Ptiloprora guisei,Forest,Insessorial
Ptiloprora mayri,Forest,Insessorial
Ptiloprora meekiana,Forest,Insessorial
Ptiloprora perstriata,Forest,Insessorial
Ptiloprora plumbea,Forest,Insessorial
Ptilopsis granti,Woodland,Insessorial
Ptilopsis leucotis,Woodland,Insessorial
Ptiloris intercedens,Forest,Insessorial
Ptiloris magnificus,Forest,Insessorial
Ptiloris paradiseus,Forest,Insessorial
Ptiloris victoriae,Forest,Insessorial
Ptilorrhoa caerulescens,Forest,Terrestrial
Ptilorrhoa castanonota,Forest,Terrestrial
Ptilorrhoa geislerorum,Forest,Terrestrial
Ptilorrhoa leucosticta,Forest,Terrestrial
Ptilostomus afer,Grassland,Terrestrial
Ptilotula flavescens,Forest,Insessorial
Ptilotula fusca,Forest,Insessorial
Ptilotula keartlandi,Woodland,Insessorial
Ptilotula ornata,Woodland,Insessorial
Ptilotula penicillata,Forest,Insessorial
Ptilotula plumula,Woodland,Insessorial
Ptiloxena atroviolacea,Forest,Terrestrial
Ptychoramphus aleuticus,Marine,Aquatic
Ptyonoprogne concolor,Rock,Aerial
Ptyonoprogne fuligula,Rock,Aerial
Ptyonoprogne obsoleta,Rock,Aerial
Ptyonoprogne rufigula,Rock,Aerial
Ptyonoprogne rupestris,Rock,Aerial
Ptyrticus turdinus,Forest,Generalist
Pucrasia macrolopha,Forest,Terrestrial
Puffinus assimilis,Marine,Generalist
Puffinus auricularis,Marine,Generalist
Puffinus bailloni,Marine,Aquatic
Puffinus bannermani,Marine,Aquatic
Puffinus baroli,Marine,Aquatic
Puffinus boydi,Marine,Generalist
Puffinus bryani,,Generalist
Puffinus bulleri,Marine,Aquatic
Puffinus carneipes,Marine,Aerial
Puffinus creatopus,Marine,Generalist
Puffinus elegans,Marine,Generalist
Puffinus gavia,Marine,Generalist
Puffinus gravis,Marine,Aerial
Puffinus griseus,Marine,Generalist
Puffinus heinrothi,Marine,Generalist
Puffinus huttoni,Marine,Generalist
Puffinus lherminieri,Marine,Aquatic
Puffinus mauretanicus,Marine,Generalist
Puffinus myrtae,Marine,Generalist
Puffinus nativitatis,Marine,Generalist
Puffinus newelli,Marine,Generalist
Puffinus opisthomelas,Marine,Generalist
Puffinus pacificus,Marine,Generalist
Puffinus persicus,Marine,Aquatic
Puffinus puffinus,Marine,Generalist
Puffinus subalaris,Marine,Aquatic
Puffinus tenuirostris,Marine,Generalist
Puffinus yelkouan,Marine,Generalist
Pulsatrix koeniswaldiana,Forest,Insessorial
Pulsatrix melanota,Forest,Insessorial
Pulsatrix perspicillata,Forest,Insessorial
Purnella albifrons,Shrubland,Insessorial
Purpureicephalus spurius,Forest,Insessorial
Pycnonotus atriceps,Forest,Insessorial
Pycnonotus aurigaster,Shrubland,Insessorial
Pycnonotus barbatus,Woodland,Insessorial
Pycnonotus bimaculatus,Forest,Insessorial
Pycnonotus blanfordi,Shrubland,Insessorial
Pycnonotus brunneus,Forest,Insessorial
Pycnonotus cafer,Shrubland,Insessorial
Pycnonotus capensis,Shrubland,Insessorial
Pycnonotus cinereifrons,Shrubland,Insessorial
Pycnonotus conradi,Shrubland,Insessorial
Pycnonotus cyaniventris,Forest,Insessorial
Pycnonotus davisoni,Shrubland,Insessorial
Pycnonotus erythropthalmos,Forest,Insessorial
Pycnonotus eutilotus,Forest,Insessorial
Pycnonotus finlaysoni,Shrubland,Insessorial
Pycnonotus flavescens,Forest,Insessorial
Pycnonotus goiavier,Shrubland,Insessorial
Pycnonotus hualon,,Insessorial
Pycnonotus jocosus,Shrubland,Insessorial
Pycnonotus leucogenys,Shrubland,Insessorial
Pycnonotus leucogrammicus,Forest,Insessorial
Pycnonotus leucops,Forest,Insessorial
Pycnonotus leucotis,Shrubland,Insessorial
Pycnonotus luteolus,Shrubland,Insessorial
Pycnonotus melanicterus,Forest,Insessorial
Pycnonotus melanoleucos,Forest,Insessorial
Pycnonotus nieuwenhuisii,Forest,Insessorial
Pycnonotus nigricans,Shrubland,Insessorial
Pycnonotus penicillatus,Forest,Insessorial
Pycnonotus plumosus,Shrubland,Insessorial
Pycnonotus priocephalus,Forest,Insessorial
Pycnonotus pseudosimplex,Forest,Insessorial
Pycnonotus simplex,Forest,Insessorial
Pycnonotus sinensis,Human Modified,Insessorial
Pycnonotus snouckaerti,Forest,Insessorial
Pycnonotus squamatus,Forest,Insessorial
Pycnonotus striatus,Forest,Insessorial
Pycnonotus taivanus,Forest,Insessorial
Pycnonotus tympanistrigus,Forest,Insessorial
Pycnonotus urostictus,Forest,Insessorial
Pycnonotus xantholaemus,Forest,Insessorial
Pycnonotus xanthopygos,Shrubland,Insessorial
Pycnonotus xanthorrhous,Shrubland,Insessorial
Pycnonotus zeylanicus,Forest,Insessorial
Pycnoptilus floccosus,Forest,Terrestrial
Pycnopygius cinereus,Forest,Insessorial
Pycnopygius ixoides,Forest,Insessorial
Pycnopygius stictocephalus,Forest,Insessorial
Pygarrhichas albogularis,Forest,Insessorial
Pygiptila stellaris,Forest,Insessorial
Pygochelidon cyanoleuca,Human Modified,Aerial
Pygochelidon melanoleuca,Riverine,Aerial
Pygoscelis adeliae,Marine,Aquatic
Pygoscelis antarcticus,Marine,Aquatic
Pygoscelis papua,Marine,Aquatic
Pyrenestes minor,Forest,Generalist
Pyrenestes ostrinus,Forest,Generalist
Pyrenestes sanguineus,Shrubland,Generalist
Pyrgilauda blanfordi,Grassland,Terrestrial
Pyrgilauda davidiana,Grassland,Terrestrial
Pyrgilauda ruficollis,Grassland,Terrestrial
Pyrgilauda theresae,Rock,Terrestrial
Pyriglena atra,Forest,Insessorial
Pyriglena leuconota,Forest,Insessorial
Pyriglena leucoptera,Forest,Insessorial
Pyriglena maura,Forest,Insessorial
Pyriglena similis,Forest,Insessorial
Pyrilia aurantiocephala,Forest,Insessorial
Pyrilia barrabandi,Forest,Insessorial
Pyrilia caica,Forest,Insessorial
Pyrilia haematotis,Forest,Insessorial
Pyrilia pulchra,Forest,Insessorial
Pyrilia pyrilia,Forest,Insessorial
Pyrilia vulturina,Forest,Insessorial
Pyrocephalus nanus,Woodland,Insessorial
Pyrocephalus rubinus,Woodland,Insessorial
Pyroderus scutatus,Forest,Insessorial
Pyrope pyrope,Forest,Insessorial
Pyrrhocoma ruficeps,Forest,Insessorial
Pyrrhocorax graculus,Rock,Terrestrial
Pyrrhocorax pyrrhocorax,Rock,Terrestrial
Pyrrholaemus brunneus,Woodland,Insessorial
Pyrrholaemus sagittatus,Woodland,Terrestrial
Pyrrhomyias cinnamomeus,Forest,Insessorial
Pyrrhoplectes epauletta,Forest,Generalist
Pyrrhula aurantiaca,Forest,Generalist
Pyrrhula erythaca,Forest,Insessorial
Pyrrhula erythrocephala,Forest,Insessorial
Pyrrhula leucogenis,Forest,Insessorial
Pyrrhula murina,Woodland,Insessorial
Pyrrhula nipalensis,Forest,Insessorial
Pyrrhula owstoni,Forest,Insessorial
Pyrrhula pyrrhula,Forest,Insessorial
Pyrrhula waterstradti,Forest,Insessorial
Pyrrhulagra nigra,Forest,Insessorial
Pyrrhulagra portoricensis,Forest,Insessorial
Pyrrhulagra taylori,Forest,Insessorial
Pyrrhulagra violacea,Forest,Insessorial
Pyrrhura albipectus,Forest,Insessorial
Pyrrhura amazonum,Forest,Insessorial
Pyrrhura caeruleiceps,Forest,Insessorial
Pyrrhura calliptera,Forest,Insessorial
Pyrrhura chapmani,Forest,Insessorial
Pyrrhura cruentata,Forest,Insessorial
Pyrrhura devillei,Forest,Insessorial
Pyrrhura egregia,Forest,Insessorial
Pyrrhura eisenmanni,Forest,Insessorial
Pyrrhura emma,Forest,Insessorial
Pyrrhura frontalis,Forest,Insessorial
Pyrrhura griseipectus,Forest,Insessorial
Pyrrhura hoematotis,Forest,Insessorial
Pyrrhura hoffmanni,Forest,Insessorial
Pyrrhura lepida,Forest,Insessorial
Pyrrhura leucotis,Forest,Insessorial
Pyrrhura lucianii,Forest,Insessorial
Pyrrhura melanura,Forest,Insessorial
Pyrrhura molinae,Woodland,Insessorial
Pyrrhura orcesi,Forest,Insessorial
Pyrrhura pacifica,Forest,Insessorial
Pyrrhura parvifrons,Forest,Insessorial
Pyrrhura perlata,Forest,Insessorial
Pyrrhura peruviana,Forest,Insessorial
Pyrrhura pfrimeri,Forest,Insessorial
Pyrrhura picta,Forest,Insessorial
Pyrrhura rhodocephala,Forest,Insessorial
Pyrrhura roseifrons,Forest,Insessorial
Pyrrhura rupicola,Forest,Insessorial
Pyrrhura snethlageae,Forest,Insessorial
Pyrrhura subandina,Forest,Insessorial
Pyrrhura viridicata,Forest,Insessorial
Pyrrhurus scandens,Forest,Insessorial
Pyrroglaux podargina,Forest,Insessorial
Pytilia afra,Shrubland,Terrestrial
Pytilia hypogrammica,Woodland,Terrestrial
Pytilia lineata,Woodland,Terrestrial
Pytilia melba,Shrubland,Terrestrial
Pytilia phoenicoptera,Woodland,Terrestrial
Quelea cardinalis,Grassland,Terrestrial
Quelea erythrops,Grassland,Terrestrial
Quelea quelea,Grassland,Generalist
Querula purpurata,Forest,Insessorial
Quiscalus lugubris,Human Modified,Generalist
Quiscalus major,Wetland,Terrestrial
Quiscalus mexicanus,Human Modified,Terrestrial
Quiscalus nicaraguensis,Wetland,Terrestrial
Quiscalus niger,Human Modified,Terrestrial
Quiscalus quiscula,Wetland,Terrestrial
Quoyornis georgianus,Woodland,Insessorial
Radjah radjah,Coastal,Terrestrial
Rallicula forbesi,Forest,Terrestrial
Rallicula leucospila,Forest,Terrestrial
Rallicula mayri,Forest,Terrestrial
Rallicula rubra,Forest,Terrestrial
Rallina canningi,Wetland,Terrestrial
Rallina eurizonoides,Forest,Terrestrial
Rallina fasciata,Wetland,Terrestrial
Rallina forbesi,Forest,Terrestrial
Rallina leucospila,Forest,Terrestrial
Rallina mayri,Forest,Terrestrial
Rallina rubra,Forest,Terrestrial
Rallina tricolor,Forest,Terrestrial
Rallus antarcticus,Wetland,Terrestrial
Rallus aquaticus,Wetland,Terrestrial
Rallus caerulescens,Wetland,Terrestrial
Rallus crepitans,Wetland,Terrestrial
Rallus elegans,Wetland,Terrestrial
Rallus indicus,Wetland,Terrestrial
Rallus limicola,Wetland,Terrestrial
Rallus longirostris,Coastal,Terrestrial
Rallus madagascariensis,Wetland,Terrestrial
Rallus obsoletus,Coastal,Terrestrial
Rallus semiplumbeus,Wetland,Terrestrial
Rallus tenuirostris,Wetland,Terrestrial
Rallus wetmorei,Woodland,Terrestrial
Ramphastos ambiguus,Forest,Insessorial
Ramphastos ariel,Forest,Insessorial
Ramphastos brevis,Forest,Insessorial
Ramphastos citreolaemus,Forest,Insessorial
Ramphastos culminatus,Forest,Insessorial
Ramphastos cuvieri,Forest,Insessorial
Ramphastos dicolorus,Forest,Insessorial
Ramphastos sulfuratus,Forest,Insessorial
Ramphastos swainsonii,Forest,Insessorial
Ramphastos toco,Grassland,Insessorial
Ramphastos tucanus,Forest,Insessorial
Ramphastos vitellinus,Forest,Insessorial
Ramphiculus epius,Forest,Insessorial
Ramphiculus fischeri,Forest,Insessorial
Ramphiculus jambu,Forest,Insessorial
Ramphiculus leclancheri,Forest,Insessorial
Ramphiculus mangoliensis,Forest,Insessorial
Ramphiculus marchei,Forest,Insessorial
Ramphiculus meridionalis,Forest,Insessorial
Ramphiculus merrilli,Forest,Insessorial
Ramphiculus occipitalis,Forest,Insessorial
Ramphiculus subgularis,Forest,Insessorial
Ramphocaenus melanurus,Forest,Insessorial
Ramphocaenus sticturus,Forest,Insessorial
Ramphocelus bresilius,Shrubland,Insessorial
Ramphocelus carbo,Human Modified,Insessorial
Ramphocelus costaricensis,Shrubland,Insessorial
Ramphocelus dimidiatus,Shrubland,Insessorial
Ramphocelus flammigerus,Forest,Insessorial
Ramphocelus icteronotus,Forest,Insessorial
Ramphocelus melanogaster,Shrubland,Insessorial
Ramphocelus nigrogularis,Forest,Insessorial
Ramphocelus passerinii,Forest,Insessorial
Ramphocelus sanguinolentus,Forest,Insessorial
Ramphocinclus brachyurus,Shrubland,Terrestrial
Ramphocoris clotbey,Desert,Terrestrial
Ramphodon naevius,Forest,Aerial
Ramphomicron dorsale,Forest,Generalist
Ramphomicron microrhynchum,Forest,Aerial
Ramphotrigon flammulatum,Forest,Insessorial
Ramphotrigon fuscicauda,Forest,Insessorial
Ramphotrigon megacephalum,Forest,Insessorial
Ramphotrigon ruficauda,Forest,Insessorial
Ramsayornis fasciatus,Forest,Insessorial
Ramsayornis modestus,Shrubland,Insessorial
Randia pseudozosterops,Woodland,Insessorial
Rauenia bonariensis,Forest,Insessorial
Recurvirostra americana,Wetland,Terrestrial
Recurvirostra andina,Wetland,Terrestrial
Recurvirostra avosetta,Wetland,Terrestrial
Recurvirostra novaehollandiae,Wetland,Terrestrial
Regulus calendula,Forest,Insessorial
Regulus goodfellowi,Forest,Insessorial
Regulus ignicapilla,Forest,Insessorial
Regulus madeirensis,Forest,Insessorial
Regulus regulus,Forest,Insessorial
Regulus satrapa,Forest,Insessorial
Reinwardtipicus validus,Forest,Insessorial
Reinwardtoena browni,Forest,Insessorial
Reinwardtoena crassirostris,Forest,Insessorial
Reinwardtoena reinwardti,Forest,Insessorial
Reinwardtoena reinwardtsi,Forest,Insessorial
Remiz consobrinus,Wetland,Insessorial
Remiz coronatus,Riverine,Insessorial
Remiz macronyx,Wetland,Insessorial
Remiz pendulinus,Wetland,Insessorial
Rhabdornis grandis,Forest,Insessorial
Rhabdornis inornatus,Forest,Insessorial
Rhabdornis mystacalis,Forest,Insessorial
Rhabdornis rabori,Forest,Insessorial
Rhabdotorrhinus corrugatus,Forest,Insessorial
Rhabdotorrhinus exarhatus,Forest,Insessorial
Rhabdotorrhinus leucocephalus,Forest,Insessorial
Rhabdotorrhinus waldeni,Forest,Insessorial
Rhagologus leucostigma,Forest,Insessorial
Rhamphocharis crassirostris,Forest,Insessorial
Rhamphocharis piperata,Forest,Insessorial
Rhamphococcyx calyorhynchus,Forest,Insessorial
Rhamphocoris clotbey,Desert,Terrestrial
Rhamphomantis megarhynchus,Forest,Insessorial
Rhaphidura leucopygialis,Forest,Aerial
Rhaphidura sabini,Forest,Aerial
Rhea americana,Grassland,Terrestrial
Rhea pennata,Grassland,Terrestrial
Rhea tarapacensis,Grassland,Terrestrial
Rhegmatorhina berlepschi,Forest,Insessorial
Rhegmatorhina cristata,Forest,Insessorial
Rhegmatorhina gymnops,Forest,Insessorial
Rhegmatorhina hoffmannsi,Forest,Insessorial
Rhegmatorhina melanosticta,Forest,Insessorial
Rheinardia nigrescens,Forest,Terrestrial
Rheinardia ocellata,Forest,Terrestrial
Rhinocrypta lanceolata,Shrubland,Terrestrial
Rhinomyias additus,Forest,Insessorial
Rhinomyias albigularis,Forest,Insessorial
Rhinomyias brunneatus,Forest,Insessorial
Rhinomyias colonus,Forest,Insessorial
Rhinomyias goodfellowi,Forest,Insessorial
Rhinomyias gularis,Forest,Insessorial
Rhinomyias insignis,Forest,Insessorial
Rhinomyias olivaceus,Forest,Insessorial
Rhinomyias oscillans,Forest,Insessorial
Rhinomyias ruficauda,Forest,Insessorial
Rhinomyias umbratilis,Forest,Insessorial
Rhinoplax vigil,Forest,Insessorial
Rhinopomastus aterrimus,Woodland,Insessorial
Rhinopomastus castaneiceps,Forest,Insessorial
Rhinopomastus cyanomelas,Grassland,Insessorial
Rhinopomastus minor,Woodland,Insessorial
Rhinoptilus africanus,Desert,Terrestrial
Rhinoptilus bitorquatus,Shrubland,Terrestrial
Rhinoptilus chalcopterus,Woodland,Terrestrial
Rhinoptilus cinctus,Shrubland,Terrestrial
Rhinortha chlorophaea,Forest,Insessorial
Rhipidura albicollis,Forest,Insessorial
Rhipidura albiscapa,Woodland,Insessorial
Rhipidura albiventris,Forest,Insessorial
Rhipidura albogularis,Forest,Insessorial
Rhipidura albolimbata,Forest,Insessorial
Rhipidura assimilis,Forest,Insessorial
Rhipidura atra,Forest,Insessorial
Rhipidura aureola,Forest,Insessorial
Rhipidura bouruensis,Forest,Insessorial
Rhipidura brachyrhyncha,Forest,Insessorial
Rhipidura cinerea,Forest,Insessorial
Rhipidura cockerelli,Forest,Insessorial
Rhipidura coultasi,Forest,Insessorial
Rhipidura cyaniceps,Forest,Insessorial
Rhipidura dahli,Forest,Insessorial
Rhipidura dedemi,Forest,Insessorial
Rhipidura diluta,Forest,Insessorial
Rhipidura drownei,Forest,Insessorial
Rhipidura dryas,Shrubland,Insessorial
Rhipidura euryura,Forest,Insessorial
Rhipidura fuliginosa,Woodland,Insessorial
Rhipidura fuscorufa,Forest,Insessorial
Rhipidura habibiei,,Insessorial
Rhipidura hoedti,Forest,Insessorial
Rhipidura hyperythra,Forest,Insessorial
Rhipidura isura,Forest,Insessorial
Rhipidura javanica,Woodland,Insessorial
Rhipidura kordensis,Forest,Insessorial
Rhipidura kubaryi,Forest,Insessorial
Rhipidura layardi,,Insessorial
Rhipidura lepida,Forest,Insessorial
Rhipidura leucophrys,Woodland,Insessorial
Rhipidura leucothorax,Shrubland,Insessorial
Rhipidura maculipectus,Shrubland,Insessorial
Rhipidura malaitae,Forest,Insessorial
Rhipidura matthiae,Forest,Insessorial
Rhipidura melanolaema,Shrubland,Insessorial
Rhipidura nebulosa,Forest,Insessorial
Rhipidura nigritorquis,Woodland,Insessorial
Rhipidura nigrocinnamomea,Forest,Insessorial
Rhipidura obiensis,Forest,Insessorial
Rhipidura ocularis,Forest,Insessorial
Rhipidura opistherythra,Forest,Insessorial
Rhipidura perlata,Forest,Insessorial
Rhipidura personata,Forest,Insessorial
Rhipidura phasiana,Woodland,Insessorial
Rhipidura phoenicura,Forest,Insessorial
Rhipidura rennelliana,Forest,Insessorial
Rhipidura rufidorsa,Forest,Insessorial
Rhipidura rufifrons,Shrubland,Insessorial
Rhipidura rufilateralis,,Insessorial
Rhipidura rufiventris,Forest,Insessorial
Rhipidura samarensis,Forest,Insessorial
Rhipidura sauli,Forest,Insessorial
Rhipidura semirubra,Forest,Insessorial
Rhipidura spilodera,,Insessorial
Rhipidura sulaensis,Forest,Insessorial
Rhipidura superciliaris,Forest,Insessorial
Rhipidura superflua,Forest,Insessorial
Rhipidura tenebrosa,Forest,Insessorial
Rhipidura tenkatei,Forest,Insessorial
Rhipidura teysmanni,Forest,Insessorial
Rhipidura threnothorax,Forest,Insessorial
Rhipidura verreauxi,,Insessorial
Rhizothera dulitensis,Forest,Terrestrial
Rhizothera longirostris,Forest,Terrestrial
Rhodinocichla rosea,Shrubland,Insessorial
Rhodonessa caryophyllacea,,Aquatic
Rhodopechys alienus,Grassland,Terrestrial
Rhodopechys obsoletus,Desert,Generalist
Rhodopechys sanguineus,Grassland,Terrestrial
Rhodophoneus cruentus,Shrubland,Terrestrial
Rhodopis vesper,Shrubland,Aerial
Rhodospingus cruentus,Woodland,Generalist
Rhodospiza obsoleta,Desert,Generalist
Rhodostethia rosea,Coastal,Aerial
Rhodothraupis celaeno,Woodland,Insessorial
Rhopias gularis,Forest,Insessorial
Rhopocichla atriceps,Shrubland,Generalist
Rhopophilus albosuperciliaris,Shrubland,Insessorial
Rhopophilus pekinensis,Shrubland,Insessorial
Rhopornis ardesiacus,Woodland,Insessorial
Rhopospina alaudina,Shrubland,Terrestrial
Rhopospina caerulescens,Grassland,Terrestrial
Rhopospina carbonaria,Grassland,Terrestrial
Rhopospina fruticeti,Shrubland,Terrestrial
Rhyacornis bicolor,Riverine,Terrestrial
Rhyacornis fuliginosa,Riverine,Insessorial
Rhynchocyclus aequinoctialis,Forest,Insessorial
Rhynchocyclus brevirostris,Forest,Insessorial
Rhynchocyclus fulvipectus,Forest,Insessorial
Rhynchocyclus olivaceus,Forest,Insessorial
Rhynchocyclus pacificus,Forest,Insessorial
Rhynchophanes mccownii,Grassland,Terrestrial
Rhynchopsitta pachyrhyncha,Forest,Insessorial
Rhynchopsitta terrisi,Forest,Insessorial
Rhynchortyx cinctus,Forest,Terrestrial
Rhynchospiza dabbenei,Woodland,Generalist
Rhynchospiza stolzmanni,Shrubland,Generalist
Rhynchospiza strigiceps,Woodland,Generalist
Rhynchostruthus louisae,Woodland,Insessorial
Rhynchostruthus percivali,Woodland,Insessorial
Rhynchostruthus socotranus,Woodland,Insessorial
Rhynchotus maculicollis,Shrubland,Terrestrial
Rhynchotus rufescens,Grassland,Terrestrial
Rhynochetos jubatus,Forest,Terrestrial
Rhyticeros cassidix,Forest,Insessorial
Rhyticeros everetti,Forest,Insessorial
Rhyticeros narcondami,Forest,Insessorial
Rhyticeros plicatus,Forest,Insessorial
Rhyticeros subruficollis,Forest,Insessorial
Rhyticeros undulatus,Forest,Insessorial
Rhytipterna holerythra,Forest,Insessorial
Rhytipterna immunda,Shrubland,Insessorial
Rhytipterna simplex,Forest,Insessorial
Riccordia bicolor,Forest,Aerial
Riccordia maugaeus,Forest,Aerial
Riccordia ricordii,Forest,Aerial
Riccordia swainsonii,Forest,Aerial
Ridgwayia pinicola,Forest,Insessorial
Rigidipenna inexpectata,Forest,Insessorial
Rimator albostriatus,Forest,Terrestrial
Rimator danjoui,Forest,Terrestrial
Rimator malacoptilus,Forest,Terrestrial
Rimator naungmungensis,Forest,Terrestrial
Rimator pasquieri,Forest,Terrestrial
Riparia chinensis,Wetland,Aerial
Riparia cincta,Grassland,Aerial
Riparia congica,Wetland,Aerial
Riparia cowani,Wetland,Aerial
Riparia diluta,Riverine,Aerial
Riparia paludicola,Wetland,Aerial
Riparia riparia,Riverine,Aerial
Rissa brevirostris,Marine,Aerial
Rissa tridactyla,Marine,Aerial
Robsonius rabori,Forest,Terrestrial
Robsonius sorsogonensis,Forest,Terrestrial
Robsonius thompsoni,Forest,Terrestrial
Rollandia microptera,Wetland,Aquatic
Rollandia rolland,Wetland,Aquatic
Rollulus rouloul,Forest,Terrestrial
Roraimia adusta,Forest,Insessorial
Rostratula australis,Wetland,Terrestrial
Rostratula benghalensis,Wetland,Terrestrial
Rostratula semicollaris,Wetland,Terrestrial
Rostrhamus sociabilis,Wetland,Insessorial
Rougetius rougetii,Wetland,Terrestrial
Rowettia goughensis,Shrubland,Terrestrial
Rubigula cyaniventris,Forest,Insessorial
Rubigula dispar,Forest,Insessorial
Rubigula erythropthalmos,Forest,Insessorial
Rubigula flaviventris,Forest,Insessorial
Rubigula gularis,Forest,Insessorial
Rubigula melanictera,Forest,Insessorial
Rubigula melanicterus,Forest,Insessorial
Rubigula montis,Forest,Insessorial
Rubigula squamata,Forest,Insessorial
Rufirallus castaneiceps,Human Modified,Terrestrial
Rufirallus viridis,Grassland,Terrestrial
Rukia longirostra,Forest,Insessorial
Rukia ruki,Forest,Insessorial
Rupicola peruvianus,Forest,Insessorial
Rupicola rupicola,Forest,Insessorial
Rupornis magnirostris,Forest,Insessorial
Ruwenzorornis johnstoni,Forest,Insessorial
Rynchops albicollis,Riverine,Aerial
Rynchops flavirostris,Wetland,Aerial
Rynchops niger,Riverine,Aerial
Sagittarius serpentarius,Grassland,Terrestrial
Sakesphorus bernardi,Woodland,Generalist
Sakesphorus canadensis,Woodland,Insessorial
Sakesphorus cristatus,Woodland,Insessorial
Sakesphorus luctuosus,Forest,Insessorial
Sakesphorus melanonotus,Woodland,Insessorial
Sakesphorus melanothorax,Forest,Insessorial
Sakesphorus pulchellus,Woodland,Insessorial
Salpinctes obsoletus,Rock,Terrestrial
Salpornis salvadori,Woodland,Insessorial
Salpornis spilonota,Woodland,Insessorial
Salpornis spilonotus,Woodland,Insessorial
Saltator albicollis,Shrubland,Insessorial
Saltator atriceps,Shrubland,Insessorial
Saltator atricollis,Shrubland,Insessorial
Saltator atripennis,Forest,Insessorial
Saltator aurantiirostris,Woodland,Insessorial
Saltator cinctus,Forest,Insessorial
Saltator coerulescens,Human Modified,Insessorial
Saltator fuliginosus,Forest,Insessorial
Saltator grandis,Human Modified,Insessorial
Saltator grossus,Forest,Insessorial
Saltator maxillosus,Forest,Insessorial
Saltator maximus,Shrubland,Insessorial
Saltator multicolor,Shrubland,Generalist
Saltator nigriceps,Woodland,Insessorial
Saltator olivascens,Human Modified,Insessorial
Saltator orenocensis,Shrubland,Insessorial
Saltator rufiventris,Forest,Insessorial
Saltator similis,Forest,Insessorial
Saltator striatipectus,Shrubland,Insessorial
Saltatricula atricollis,Shrubland,Insessorial
Saltatricula multicolor,Shrubland,Generalist
Salvadorina waigiuensis,Riverine,Aquatic
Sapayoa aenigma,Forest,Insessorial
Sappho sparganura,Shrubland,Aerial
Sappho sparganurus,Shrubland,Aerial
Sarcogyps calvus,Human Modified,Terrestrial
Sarcophanops samarensis,Forest,Insessorial
Sarcophanops steerii,Forest,Insessorial
Sarcops calvus,Forest,Insessorial
Sarcoramphus papa,Forest,Terrestrial
Sarkidiornis melanotos,Wetland,Generalist
Sarkidiornis sylvicola,Wetland,Generalist
Saroglossa aurata,Forest,Insessorial
Saroglossa spiloptera,Forest,Insessorial
Saroglossa spilopterus,Forest,Insessorial
Sarothrura affinis,Wetland,Terrestrial
Sarothrura ayresi,Grassland,Terrestrial
Sarothrura boehmi,Grassland,Terrestrial
Sarothrura elegans,Wetland,Terrestrial
Sarothrura insularis,Shrubland,Terrestrial
Sarothrura lugens,Shrubland,Terrestrial
Sarothrura pulchra,Forest,Terrestrial
Sarothrura rufa,Wetland,Terrestrial
Sarothrura watersi,Wetland,Terrestrial
Sasia abnormis,Forest,Insessorial
Sasia africana,Forest,Insessorial
Sasia ochracea,Forest,Insessorial
Satrapa icterophrys,Shrubland,Insessorial
Saucerottia beryllina,Forest,Aerial
Saucerottia castaneiventris,Forest,Aerial
Saucerottia cyanifrons,Woodland,Aerial
Saucerottia cyanocephala,Forest,Aerial
Saucerottia cyanura,Woodland,Aerial
Saucerottia edward,Forest,Aerial
Saucerottia hoffmanni,Shrubland,Aerial
Saucerottia saucerottei,Shrubland,Aerial
Saucerottia tobaci,Forest,Aerial
Saucerottia viridigaster,Forest,Aerial
Saudareos flavoviridis,Forest,Insessorial
Saudareos iris,Forest,Insessorial
Saudareos johnstoniae,Forest,Insessorial
Saudareos meyeri,Forest,Insessorial
Saudareos ornatus,Forest,Insessorial
Saundersilarus saundersi,Coastal,Generalist
Saxicola caprata,Shrubland,Insessorial
Saxicola dacotiae,Shrubland,Insessorial
Saxicola ferreus,Shrubland,Insessorial
Saxicola gutturalis,Forest,Insessorial
Saxicola insignis,Grassland,Insessorial
Saxicola jerdoni,Grassland,Insessorial
Saxicola leucurus,Grassland,Insessorial
Saxicola macrorhynchus,Shrubland,Insessorial
Saxicola maurus,Shrubland,Insessorial
Saxicola rubetra,Shrubland,Insessorial
Saxicola rubicola,Shrubland,Insessorial
Saxicola stejnegeri,Shrubland,Insessorial
Saxicola tectes,Shrubland,Insessorial
Saxicola torquatus,Shrubland,Insessorial
Saxicoloides fulicatus,Shrubland,Terrestrial
Sayornis nigricans,Rock,Insessorial
Sayornis phoebe,Forest,Insessorial
Sayornis saya,Forest,Insessorial
Scelorchilus albicollis,Shrubland,Terrestrial
Scelorchilus rubecula,Forest,Terrestrial
Scenopoeetes dentirostris,Forest,Insessorial
Scepomycter winifredae,Forest,Insessorial
Schetba rufa,Forest,Insessorial
Schiffornis aenea,Forest,Insessorial
Schiffornis major,Forest,Insessorial
Schiffornis olivacea,Forest,Insessorial
Schiffornis stenorhyncha,Forest,Insessorial
Schiffornis turdina,Forest,Insessorial
Schiffornis veraepacis,Forest,Insessorial
Schiffornis virescens,Forest,Insessorial
Schistes albogularis,Forest,Aerial
Schistes geoffroyi,Forest,Aerial
Schistochlamys melanopis,Shrubland,Insessorial
Schistochlamys ruficapillus,Shrubland,Insessorial
Schistocichla brunneiceps,Forest,Generalist
Schistocichla caurensis,Forest,Generalist
Schistocichla humaythae,Forest,Generalist
Schistocichla leucostigma,Forest,Generalist
Schistocichla rufifacies,Forest,Generalist
Schistocichla saturata,Forest,Generalist
Schistocichla schistacea,Forest,Generalist
Schistolais leontica,Forest,Insessorial
Schistolais leucopogon,Forest,Insessorial
Schizoeaca coryi,Grassland,Insessorial
Schizoeaca fuliginosa,Grassland,Insessorial
Schizoeaca griseomurina,Grassland,Insessorial
Schizoeaca harterti,Grassland,Insessorial
Schizoeaca helleri,Grassland,Insessorial
Schizoeaca palpebralis,Grassland,Insessorial
Schizoeaca perijana,Grassland,Insessorial
Schizoeaca vilcabambae,Grassland,Insessorial
Schoenicola brevirostris,Grassland,Terrestrial
Schoenicola platyurus,Shrubland,Terrestrial
Schoenicola striatus,Grassland,Generalist
Schoeniophylax phryganophilus,Shrubland,Insessorial
Schoeniparus brunneus,Forest,Generalist
Schoeniparus castaneceps,Forest,Insessorial
Schoeniparus cinereus,Forest,Insessorial
Schoeniparus dubius,Forest,Generalist
Schoeniparus klossi,Forest,Insessorial
Schoeniparus rufogularis,Forest,Terrestrial
Schoeniparus variegaticeps,Forest,Insessorial
Schoutedenapus myoptilus,Forest,Aerial
Schoutedenapus schoutedeni,Forest,Aerial
Sciaphylax castanea,Forest,Insessorial
Sciaphylax hemimelaena,Forest,Insessorial
Scissirostrum dubium,Woodland,Insessorial
Sclateria naevia,Forest,Insessorial
Scleroptila afra,Grassland,Terrestrial
Scleroptila elgonensis,Shrubland,Terrestrial
Scleroptila finschi,Woodland,Terrestrial
Scleroptila gutturalis,Grassland,Terrestrial
Scleroptila levaillantii,Grassland,Terrestrial
Scleroptila psilolaema,Shrubland,Terrestrial
Scleroptila shelleyi,Woodland,Terrestrial
Scleroptila streptophora,Grassland,Terrestrial
Scleroptila whytei,Woodland,Terrestrial
Sclerurus albigularis,Forest,Terrestrial
Sclerurus caudacutus,Forest,Terrestrial
Sclerurus cearensis,Forest,Terrestrial
Sclerurus guatemalensis,Forest,Terrestrial
Sclerurus mexicanus,Forest,Terrestrial
Sclerurus obscurior,Forest,Terrestrial
Sclerurus rufigularis,Forest,Terrestrial
Sclerurus scansor,Forest,Terrestrial
Scolopax bukidnonensis,Forest,Terrestrial
Scolopax celebensis,Forest,Terrestrial
Scolopax minor,Forest,Terrestrial
Scolopax mira,Forest,Terrestrial
Scolopax rochussenii,Forest,Terrestrial
Scolopax rosenbergii,Forest,Terrestrial
Scolopax rusticola,Forest,Terrestrial
Scolopax saturata,Forest,Terrestrial
Scopus umbretta,Wetland,Terrestrial
Scotocerca inquieta,Woodland,Generalist
Scotopelia bouvieri,Wetland,Insessorial
Scotopelia peli,Wetland,Insessorial
Scotopelia ussheri,Forest,Insessorial
Scytalopus acutirostris,Forest,Terrestrial
Scytalopus affinis,Forest,Terrestrial
Scytalopus altirostris,Forest,Terrestrial
Scytalopus alvarezlopezi,,Generalist
Scytalopus androstictus,Forest,Generalist
Scytalopus argentifrons,Forest,Generalist
Scytalopus atratus,Forest,Generalist
Scytalopus bolivianus,Forest,Terrestrial
Scytalopus canus,Forest,Generalist
Scytalopus caracae,Forest,Terrestrial
Scytalopus chocoensis,Forest,Terrestrial
Scytalopus diamantinensis,,Terrestrial
Scytalopus femoralis,Forest,Terrestrial
Scytalopus frankeae,,Terrestrial
Scytalopus fuscus,Forest,Terrestrial
Scytalopus gettyae,,Terrestrial
Scytalopus gonzagai,Forest,Terrestrial
Scytalopus griseicollis,Forest,Terrestrial
Scytalopus intermedius,Forest,Terrestrial
Scytalopus iraiensis,Grassland,Generalist
Scytalopus krabbei,,Generalist
Scytalopus latebricola,Forest,Terrestrial
Scytalopus latrans,Forest,Terrestrial
Scytalopus macropus,Forest,Terrestrial
Scytalopus magellanicus,Forest,Terrestrial
Scytalopus meridanus,Forest,Terrestrial
Scytalopus micropterus,Forest,Generalist
Scytalopus novacapitalis,Forest,Terrestrial
Scytalopus opacus,Forest,Generalist
Scytalopus pachecoi,Forest,Generalist
Scytalopus panamensis,Forest,Generalist
Scytalopus parkeri,Forest,Generalist
Scytalopus parvirostris,Forest,Terrestrial
Scytalopus perijanus,,Generalist
Scytalopus petrophilus,,Generalist
Scytalopus robbinsi,Forest,Generalist
Scytalopus rodriguezi,,Generalist
Scytalopus sanctaemartae,Forest,Terrestrial
Scytalopus schulenbergi,Forest,Generalist
Scytalopus simonsi,Forest,Terrestrial
Scytalopus speluncae,Forest,Terrestrial
Scytalopus spillmanni,Forest,Generalist
Scytalopus stilesi,,Generalist
Scytalopus superciliaris,Forest,Terrestrial
Scytalopus unicolor,Forest,Terrestrial
Scytalopus urubambae,Forest,Terrestrial
Scytalopus vicinior,Forest,Terrestrial
Scytalopus whitneyi,,Generalist
Scytalopus zimmeri,Rock,Generalist
Scythrops novaehollandiae,Forest,Insessorial
Seicercus affinis,Forest,Insessorial
Seicercus burkii,Forest,Insessorial
Seicercus castaniceps,Forest,Insessorial
Seicercus grammiceps,Forest,Insessorial
Seicercus montis,Forest,Insessorial
Seicercus omeiensis,Forest,Insessorial
Seicercus poliogenys,Forest,Insessorial
Seicercus soror,Forest,Insessorial
Seicercus tephrocephalus,Forest,Insessorial
Seicercus valentini,Forest,Insessorial
Seicercus whistleri,Forest,Insessorial
Seiurus aurocapilla,Forest,Terrestrial
Seiurus motacilla,Forest,Terrestrial
Seiurus noveboracensis,Shrubland,Terrestrial
Selasphorus ardens,Shrubland,Aerial
Selasphorus calliope,Shrubland,Aerial
Selasphorus ellioti,Forest,Aerial
Selasphorus flammula,Grassland,Aerial
Selasphorus heloisa,Forest,Aerial
Selasphorus platycercus,Forest,Aerial
Selasphorus rufus,Forest,Aerial
Selasphorus sasin,Shrubland,Aerial
Selasphorus scintilla,Human Modified,Aerial
Selenidera gouldii,Forest,Insessorial
Selenidera langsdorffii,Forest,Insessorial
Selenidera maculirostris,Forest,Insessorial
Selenidera nattereri,Forest,Insessorial
Selenidera piperivora,Forest,Insessorial
Selenidera reinwardtii,Forest,Insessorial
Selenidera spectabilis,Forest,Insessorial
Seleucidis melanoleucus,Forest,Insessorial
Semioptera wallacii,Forest,Insessorial
Semnornis frantzii,Forest,Insessorial
Semnornis ramphastinus,Forest,Insessorial
Sephanoides fernandensis,Forest,Insessorial
Sephanoides sephaniodes,Human Modified,Aerial
Sericornis arfakianus,Forest,Insessorial
Sericornis beccarii,Forest,Insessorial
Sericornis citreogularis,Forest,Terrestrial
Sericornis frontalis,Shrubland,Insessorial
Sericornis humilis,Forest,Terrestrial
Sericornis keri,Forest,Terrestrial
Sericornis magnirostra,Forest,Insessorial
Sericornis nouhuysi,Forest,Insessorial
Sericornis papuensis,Forest,Insessorial
Sericornis perspicillatus,Forest,Insessorial
Sericornis rufescens,Forest,Insessorial
Sericornis spilodera,Forest,Insessorial
Sericornis virgatus,Forest,Insessorial
Sericossypha albocristata,Forest,Insessorial
Sericulus ardens,Forest,Insessorial
Sericulus aureus,Forest,Insessorial
Sericulus bakeri,Forest,Insessorial
Sericulus chrysocephalus,Forest,Insessorial
Serilophus lunatus,Forest,Insessorial
Serilophus rubropygius,Forest,Insessorial
Serinus alario,Shrubland,Generalist
Serinus albogularis,Grassland,Insessorial
Serinus ankoberensis,Grassland,Terrestrial
Serinus atrogularis,Woodland,Generalist
Serinus buchanani,Shrubland,Generalist
Serinus burtoni,Forest,Insessorial
Serinus canaria,Woodland,Generalist
Serinus canicollis,Shrubland,Generalist
Serinus capistratus,Shrubland,Generalist
Serinus citrinelloides,Shrubland,Generalist
Serinus citrinipectus,Woodland,Terrestrial
Serinus donaldsoni,Grassland,Generalist
Serinus dorsostriatus,Shrubland,Generalist
Serinus estherae,Grassland,Insessorial
Serinus flavigula,Shrubland,Generalist
Serinus flaviventris,Shrubland,Insessorial
Serinus flavivertex,Shrubland,Terrestrial
Serinus frontalis,Shrubland,Insessorial
Serinus gularis,Shrubland,Insessorial
Serinus hypostictus,Forest,Generalist
Serinus koliensis,Shrubland,Insessorial
Serinus leucopterus,Shrubland,Insessorial
Serinus leucopygius,Shrubland,Generalist
Serinus melanochrous,Forest,Insessorial
Serinus menachensis,Shrubland,Terrestrial
Serinus mennelli,Woodland,Insessorial
Serinus mozambicus,Shrubland,Generalist
Serinus nigriceps,Grassland,Insessorial
Serinus pusillus,Rock,Terrestrial
Serinus reichardi,Woodland,Generalist
Serinus rothschildi,Shrubland,Generalist
Serinus rufobrunneus,Forest,Insessorial
Serinus scotops,Forest,Insessorial
Serinus serinus,Forest,Generalist
Serinus striolatus,Shrubland,Insessorial
Serinus sulphuratus,Shrubland,Insessorial
Serinus symonsi,Shrubland,Insessorial
Serinus syriacus,Woodland,Generalist
Serinus thibetanus,Forest,Generalist
Serinus totta,Shrubland,Insessorial
Serinus tristriatus,Shrubland,Generalist
Serinus whytii,Shrubland,Insessorial
Serinus xantholaemus,Shrubland,Generalist
Serinus xanthopygius,Desert,Generalist
Serpophaga cinerea,Riverine,Insessorial
Serpophaga griseicapilla,,Insessorial
Serpophaga hypoleuca,Shrubland,Insessorial
Serpophaga munda,Forest,Insessorial
Serpophaga nigricans,Shrubland,Insessorial
Serpophaga subcristata,Forest,Insessorial
Setopagis heterura,Forest,Insessorial
Setopagis maculosa,Forest,Aerial
Setopagis parvula,Forest,Aerial
Setopagis whitelyi,Forest,Aerial
Setophaga adelaidae,Forest,Insessorial
Setophaga americana,Forest,Insessorial
Setophaga angelae,Forest,Insessorial
Setophaga auduboni,Forest,Insessorial
Setophaga caerulescens,Forest,Insessorial
Setophaga castanea,Forest,Insessorial
Setophaga cerulea,Forest,Insessorial
Setophaga chrysoparia,Forest,Insessorial
Setophaga citrina,Forest,Insessorial
Setophaga coronata,Forest,Insessorial
Setophaga delicata,Forest,Insessorial
Setophaga discolor,Shrubland,Insessorial
Setophaga dominica,Forest,Insessorial
Setophaga flavescens,Forest,Insessorial
Setophaga fusca,Forest,Insessorial
Setophaga graciae,Forest,Insessorial
Setophaga graysoni,Forest,Insessorial
Setophaga kirtlandii,Forest,Insessorial
Setophaga magnolia,Forest,Insessorial
Setophaga nigrescens,Forest,Insessorial
Setophaga occidentalis,Forest,Insessorial
Setophaga palmarum,Forest,Insessorial
Setophaga pensylvanica,Forest,Insessorial
Setophaga petechia,Shrubland,Insessorial
Setophaga pharetra,Forest,Insessorial
Setophaga pinus,Forest,Insessorial
Setophaga pitiayumi,Forest,Insessorial
Setophaga pityophila,Forest,Insessorial
Setophaga plumbea,Forest,Insessorial
Setophaga ruticilla,Forest,Insessorial
Setophaga striata,Forest,Insessorial
Setophaga subita,Shrubland,Insessorial
Setophaga tigrina,Forest,Insessorial
Setophaga townsendi,Forest,Insessorial
Setophaga virens,Forest,Insessorial
Setophaga vitellina,Woodland,Insessorial
Setornis criniger,Forest,Insessorial
Sheppardia aequatorialis,Forest,Insessorial
Sheppardia aurantiithorax,Forest,Insessorial
Sheppardia bocagei,Forest,Insessorial
Sheppardia cyornithopsis,Forest,Insessorial
Sheppardia gabela,Forest,Insessorial
Sheppardia gunningi,Forest,Insessorial
Sheppardia lowei,Forest,Insessorial
Sheppardia montana,Forest,Insessorial
Sheppardia poensis,Forest,Insessorial
Sheppardia polioptera,Shrubland,Terrestrial
Sheppardia sharpei,Forest,Insessorial
Sholicola albiventris,Riverine,Generalist
Sholicola major,Forest,Generalist
Sialia currucoides,Grassland,Insessorial
Sialia mexicana,Woodland,Insessorial
Sialia sialis,Woodland,Insessorial
Sibia morrisoniana,Forest,Insessorial
Sibia nipalensis,Forest,Insessorial
Sibia souliei,Forest,Insessorial
Sibia waldeni,Forest,Insessorial
Sibirionetta formosa,Wetland,Aquatic
Sicalis auriventris,Shrubland,Terrestrial
Sicalis citrina,Grassland,Terrestrial
Sicalis columbiana,Shrubland,Terrestrial
Sicalis flaveola,Shrubland,Terrestrial
Sicalis lebruni,Grassland,Terrestrial
Sicalis lutea,Grassland,Terrestrial
Sicalis luteocephala,Shrubland,Terrestrial
Sicalis luteola,Grassland,Terrestrial
Sicalis mendozae,Shrubland,Terrestrial
Sicalis olivascens,Shrubland,Terrestrial
Sicalis raimondii,Rock,Terrestrial
Sicalis taczanowskii,Shrubland,Terrestrial
Sicalis uropigyalis,Grassland,Terrestrial
Sicalis uropygialis,Grassland,Terrestrial
Sigelus silens,Woodland,Insessorial
Silvicultrix diadema,Forest,Insessorial
Silvicultrix frontalis,Forest,Insessorial
Silvicultrix jelskii,Forest,Insessorial
Silvicultrix pulchella,Forest,Insessorial
Simoxenops striatus,Forest,Insessorial
Simoxenops ucayalae,Forest,Insessorial
Sinosuthora alphonsiana,Shrubland,Insessorial
Sinosuthora brunnea,Shrubland,Insessorial
Sinosuthora conspicillata,Forest,Insessorial
Sinosuthora przewalskii,Forest,Insessorial
Sinosuthora ricketti,Shrubland,Insessorial
Sinosuthora webbiana,Shrubland,Insessorial
Sinosuthora zappeyi,Shrubland,Insessorial
Siphonorhis americana,,Aerial
Siphonorhis brewsteri,Woodland,Aerial
Sipia berlepschi,Forest,Generalist
Sipia laemosticta,Forest,Generalist
Sipia nigricauda,Forest,Generalist
Sipia palliata,Forest,Generalist
Sipodotus wallacii,Forest,Insessorial
Siptornis striaticollis,Forest,Insessorial
Siptornopsis hypochondriaca,Shrubland,Insessorial
Sirystes albocinereus,Forest,Insessorial
Sirystes albogriseus,Forest,Insessorial
Sirystes sibilator,Forest,Insessorial
Sirystes subcanescens,Forest,Insessorial
Sitta arctica,Forest,Insessorial
Sitta azurea,Forest,Insessorial
Sitta canadensis,Forest,Insessorial
Sitta carolinensis,Forest,Insessorial
Sitta cashmirensis,Forest,Insessorial
Sitta castanea,Forest,Insessorial
Sitta cinnamoventris,Forest,Insessorial
Sitta europaea,Forest,Insessorial
Sitta formosa,Forest,Insessorial
Sitta frontalis,Forest,Insessorial
Sitta himalayensis,Forest,Insessorial
Sitta insularis,Forest,Insessorial
Sitta krueperi,Forest,Insessorial
Sitta ledanti,Forest,Insessorial
Sitta leucopsis,Forest,Insessorial
Sitta magna,Woodland,Insessorial
Sitta nagaensis,Forest,Insessorial
Sitta neglecta,Forest,Insessorial
Sitta neumayer,Rock,Generalist
Sitta oenochlamys,Forest,Insessorial
Sitta przewalskii,Forest,Insessorial
Sitta pusilla,Forest,Insessorial
Sitta pygmaea,Forest,Insessorial
Sitta solangiae,Forest,Insessorial
Sitta tephronota,Rock,Generalist
Sitta victoriae,Forest,Insessorial
Sitta villosa,Forest,Insessorial
Sitta whiteheadi,Forest,Insessorial
Sitta yunnanensis,Woodland,Insessorial
Sittasomus griseicapillus,Forest,Insessorial
Sittasomus griseus,Forest,Insessorial
Sittiparus castaneoventris,Forest,Insessorial
Sittiparus olivaceus,Forest,Insessorial
Sittiparus owstoni,Forest,Insessorial
Sittiparus semilarvatus,Forest,Insessorial
Sittiparus varius,Forest,Insessorial
Siva cyanouroptera,Forest,Insessorial
Skutchia borbae,Forest,Insessorial
Smicrornis brevirostris,Woodland,Insessorial
Smithornis capensis,Forest,Insessorial
Smithornis rufolateralis,Forest,Insessorial
Smithornis sharpei,Forest,Insessorial
Smutsornis africanus,Desert,Terrestrial
Snowornis cryptolophus,Forest,Insessorial
Snowornis subalaris,Forest,Insessorial
Somateria fischeri,Coastal,Aquatic
Somateria mollissima,Marine,Aquatic
Somateria spectabilis,Marine,Aquatic
Spartonoica maluroides,Wetland,Insessorial
Spatula clypeata,Wetland,Aquatic
Spatula cyanoptera,Wetland,Aquatic
Spatula discors,Wetland,Aquatic
Spatula hottentota,Wetland,Generalist
Spatula platalea,Wetland,Aquatic
Spatula puna,Wetland,Aquatic
Spatula querquedula,Wetland,Aquatic
Spatula rhynchotis,Wetland,Aquatic
Spatula smithii,Wetland,Aquatic
Spatula versicolor,Wetland,Aquatic
Speculanas specularis,Riverine,Generalist
Speculipastor bicolor,Woodland,Insessorial
Speirops brunneus,Forest,Insessorial
Speirops leucophoeus,Forest,Insessorial
Speirops lugubris,Forest,Insessorial
Speirops melanocephalus,Forest,Insessorial
Spelaeornis badeigularis,Forest,Insessorial
Spelaeornis caudatus,Forest,Insessorial
Spelaeornis chocolatinus,Forest,Insessorial
Spelaeornis formosus,Grassland,Insessorial
Spelaeornis kinneari,Forest,Insessorial
Spelaeornis longicaudatus,Forest,Insessorial
Spelaeornis oatesi,Forest,Insessorial
Spelaeornis reptatus,Forest,Insessorial
Spelaeornis troglodytoides,Forest,Insessorial
Spermestes bicolor,Woodland,Insessorial
Spermestes cucullata,Woodland,Terrestrial
Spermestes fringilloides,Forest,Insessorial
Spermestes griseicapilla,Shrubland,Terrestrial
Spermophaga haematina,Forest,Insessorial
Spermophaga poliogenys,Forest,Insessorial
Spermophaga ruficapilla,Forest,Insessorial
Sphecotheres hypoleucus,Woodland,Insessorial
Sphecotheres vieilloti,Forest,Insessorial
Sphecotheres viridis,Forest,Insessorial
Spheniscus demersus,Marine,Aquatic
Spheniscus humboldti,Marine,Aquatic
Spheniscus magellanicus,Marine,Aquatic
Spheniscus mendiculus,Marine,Aquatic
Sphenocichla humei,Forest,Insessorial
Sphenocichla roberti,Forest,Insessorial
Sphenoeacus afer,Shrubland,Insessorial
Sphenopsis frontalis,Forest,Insessorial
Sphenopsis melanotis,Forest,Insessorial
Sphenopsis ochracea,Forest,Insessorial
Sphenopsis piurae,Forest,Insessorial
Sphyrapicus nuchalis,Woodland,Insessorial
Sphyrapicus ruber,Woodland,Insessorial
Sphyrapicus thyroideus,Forest,Insessorial
Sphyrapicus varius,Woodland,Insessorial
Spilopelia chinensis,Woodland,Terrestrial
Spilopelia senegalensis,Woodland,Terrestrial
Spilopelia suratensis,Woodland,Terrestrial
Spiloptila clamans,Shrubland,Insessorial
Spiloptila rufifrons,Shrubland,Insessorial
Spilornis cheela,Forest,Insessorial
Spilornis elgini,Forest,Insessorial
Spilornis holospilus,Forest,Insessorial
Spilornis kinabaluensis,Forest,Insessorial
Spilornis klossi,Forest,Insessorial
Spilornis rufipectus,Forest,Insessorial
Spindalis dominicensis,Shrubland,Insessorial
Spindalis nigricephala,Forest,Insessorial
Spindalis portoricensis,Shrubland,Insessorial
Spindalis zena,Forest,Insessorial
Spinus atratus,Grassland,Generalist
Spinus atriceps,Forest,Generalist
Spinus barbatus,Forest,Generalist
Spinus crassirostris,Shrubland,Insessorial
Spinus cucullatus,Forest,Insessorial
Spinus dominicensis,Forest,Generalist
Spinus lawrencei,Forest,Terrestrial
Spinus magellanicus,Shrubland,Insessorial
Spinus notatus,Forest,Insessorial
Spinus olivaceus,Forest,Insessorial
Spinus pinus,Forest,Insessorial
Spinus psaltria,Shrubland,Insessorial
Spinus siemiradzkii,Shrubland,Generalist
Spinus spinescens,Grassland,Generalist
Spinus spinus,Forest,Insessorial
Spinus thibetanus,Forest,Generalist
Spinus tristis,Forest,Insessorial
Spinus uropygialis,Shrubland,Generalist
Spinus xanthogastrus,Forest,Insessorial
Spinus yarrellii,Forest,Insessorial
Spiza americana,Grassland,Terrestrial
Spizaetus isidori,Forest,Aerial
Spizaetus melanoleucus,Forest,Aerial
Spizaetus ornatus,Forest,Generalist
Spizaetus tyrannus,Forest,Insessorial
Spizella arborea,Shrubland,Terrestrial
Spizella atrogularis,Shrubland,Generalist
Spizella breweri,Shrubland,Generalist
Spizella pallida,Shrubland,Generalist
Spizella passerina,Forest,Generalist
Spizella pusilla,Grassland,Generalist
Spizella wortheni,Shrubland,Terrestrial
Spizelloides arborea,Shrubland,Terrestrial
Spiziapteryx circumcincta,Shrubland,Insessorial
Spizixos canifrons,Shrubland,Insessorial
Spizixos semitorques,Shrubland,Insessorial
Spizocorys conirostris,Grassland,Terrestrial
Spizocorys fremantlii,Grassland,Terrestrial
Spizocorys fringillaris,Grassland,Terrestrial
Spizocorys obbiensis,Desert,Terrestrial
Spizocorys personata,Grassland,Terrestrial
Spizocorys sclateri,Desert,Terrestrial
Spizocorys starki,Desert,Terrestrial
Spodiopsar cineraceus,Grassland,Terrestrial
Spodiopsar sericeus,Shrubland,Insessorial
Spodiornis rusticus,Forest,Insessorial
Sporathraupis cyanocephala,Forest,Insessorial
Sporophila albogularis,Shrubland,Terrestrial
Sporophila americana,Shrubland,Insessorial
Sporophila angolensis,Shrubland,Insessorial
Sporophila ardesiaca,Shrubland,Insessorial
Sporophila atrirostris,Grassland,Insessorial
Sporophila beltoni,Grassland,Generalist
Sporophila bouvreuil,Grassland,Insessorial
Sporophila bouvronides,Shrubland,Insessorial
Sporophila caerulescens,Shrubland,Generalist
Sporophila castaneiventris,Shrubland,Insessorial
Sporophila cinnamomea,Grassland,Insessorial
Sporophila collaris,Grassland,Insessorial
Sporophila corvina,Human Modified,Insessorial
Sporophila crassirostris,Shrubland,Insessorial
Sporophila falcirostris,Woodland,Insessorial
Sporophila fringilloides,Shrubland,Insessorial
Sporophila frontalis,Forest,Insessorial
Sporophila funerea,Human Modified,Insessorial
Sporophila hypochroma,Grassland,Insessorial
Sporophila hypoxantha,Grassland,Insessorial
Sporophila iberaensis,,Insessorial
Sporophila intermedia,Shrubland,Insessorial
Sporophila leucoptera,Shrubland,Insessorial
Sporophila lineola,Shrubland,Generalist
Sporophila luctuosa,Shrubland,Insessorial
Sporophila maximiliani,Wetland,Insessorial
Sporophila melanogaster,Wetland,Insessorial
Sporophila melanops,Grassland,Insessorial
Sporophila minuta,Grassland,Insessorial
Sporophila morelleti,Human Modified,Insessorial
Sporophila murallae,Shrubland,Insessorial
Sporophila nigricollis,Shrubland,Insessorial
Sporophila nigrorufa,Grassland,Insessorial
Sporophila nuttingi,Shrubland,Insessorial
Sporophila ophthalmica,Human Modified,Insessorial
Sporophila palustris,Grassland,Insessorial
Sporophila peruviana,Shrubland,Terrestrial
Sporophila pileata,Grassland,Insessorial
Sporophila plumbea,Grassland,Generalist
Sporophila ruficollis,Grassland,Insessorial
Sporophila schistacea,Forest,Generalist
Sporophila simplex,Shrubland,Insessorial
Sporophila telasco,Shrubland,Generalist
Sporophila torqueola,Human Modified,Insessorial
Sporopipes frontalis,Shrubland,Terrestrial
Sporopipes squamifrons,Shrubland,Terrestrial
Spreo albicapillus,Shrubland,Generalist
Spreo bicolor,Grassland,Generalist
Spreo fischeri,Shrubland,Terrestrial
Stachyris ambigua,Forest,Insessorial
Stachyris capitalis,Forest,Insessorial
Stachyris chrysaea,Shrubland,Insessorial
Stachyris dennistouni,Forest,Insessorial
Stachyris erythroptera,Forest,Insessorial
Stachyris grammiceps,Forest,Insessorial
Stachyris herberti,Forest,Insessorial
Stachyris humei,Forest,Insessorial
Stachyris hypogrammica,Forest,Insessorial
Stachyris latistriata,Forest,Insessorial
Stachyris leucotis,Forest,Generalist
Stachyris maculata,Forest,Insessorial
Stachyris melanothorax,Forest,Insessorial
Stachyris nigriceps,Shrubland,Insessorial
Stachyris nigricollis,Forest,Insessorial
Stachyris nigrocapitata,Forest,Insessorial
Stachyris nigrorum,Forest,Insessorial
Stachyris nonggangensis,Forest,Terrestrial
Stachyris oglei,Forest,Insessorial
Stachyris plateni,Forest,Insessorial
Stachyris poliocephala,Forest,Insessorial
Stachyris pygmaea,Forest,Insessorial
Stachyris pyrrhops,Forest,Insessorial
Stachyris roberti,Forest,Insessorial
Stachyris ruficeps,Shrubland,Insessorial
Stachyris rufifrons,Forest,Insessorial
Stachyris strialata,Forest,Insessorial
Stachyris striata,Forest,Insessorial
Stachyris striolata,Forest,Insessorial
Stachyris thoracica,Forest,Insessorial
Stachyris whiteheadi,Forest,Insessorial
Stactolaema anchietae,Woodland,Insessorial
Stactolaema leucogrammica,Forest,Insessorial
Stactolaema leucotis,Forest,Insessorial
Stactolaema olivacea,Forest,Insessorial
Stactolaema whytii,Woodland,Insessorial
Stagonopleura bella,Shrubland,Generalist
Stagonopleura guttata,Woodland,Terrestrial
Stagonopleura oculata,Shrubland,Insessorial
Staphida castaniceps,Forest,Insessorial
Staphida everetti,Forest,Insessorial
Staphida torqueola,Forest,Insessorial
Starnoenas cyanocephala,Forest,Terrestrial
Steatornis caripensis,Forest,Insessorial
Steganopus tricolor,Wetland,Terrestrial
Stelgidillas gracilirostris,Forest,Insessorial
Stelgidopteryx ridgwayi,Shrubland,Aerial
Stelgidopteryx ruficollis,Shrubland,Aerial
Stelgidopteryx serripennis,Shrubland,Aerial
Stellula calliope,Shrubland,Aerial
Stenostira scita,Shrubland,Insessorial
Stephanoaetus coronatus,Forest,Generalist
Stephanophorus diadematus,Forest,Insessorial
Stephanoxis lalandi,Human Modified,Aerial
Stephanoxis loddigesii,Human Modified,Aerial
Stercorarius antarcticus,Marine,Aerial
Stercorarius chilensis,Marine,Aerial
Stercorarius longicaudus,Marine,Aerial
Stercorarius maccormicki,Marine,Aerial
Stercorarius parasiticus,Marine,Aerial
Stercorarius pomarinus,Marine,Aerial
Stercorarius skua,Marine,Aerial
Sterna acuticauda,Riverine,Aerial
Sterna albifrons,Coastal,Aerial
Sterna albostriata,Coastal,Aerial
Sterna aleutica,Coastal,Aerial
Sterna anaethetus,Marine,Aerial
Sterna antillarum,Marine,Aerial
Sterna aurantia,Riverine,Aerial
Sterna balaenarum,Coastal,Aerial
Sterna bengalensis,Coastal,Aerial
Sterna bergii,Coastal,Aerial
Sterna bernsteini,Coastal,Aerial
Sterna caspia,Wetland,Aerial
Sterna dougallii,Marine,Aerial
Sterna elegans,Coastal,Aerial
Sterna forsteri,Wetland,Aerial
Sterna fuscata,Marine,Aerial
Sterna hirundinacea,Marine,Aerial
Sterna hirundo,Marine,Aerial
Sterna lorata,Coastal,Aerial
Sterna lunata,Marine,Aerial
Sterna maxima,Marine,Aerial
Sterna nereis,Coastal,Aerial
Sterna nilotica,Coastal,Aerial
Sterna paradisaea,Coastal,Aerial
Sterna repressa,Coastal,Aerial
Sterna sandvicensis,Marine,Aerial
Sterna saundersi,Coastal,Aerial
Sterna striata,Coastal,Aerial
Sterna sumatrana,Marine,Aerial
Sterna superciliaris,Riverine,Aerial
Sterna trudeaui,Wetland,Aerial
Sterna virgata,Marine,Aerial
Sterna vittata,Marine,Aerial
Sternoclyta cyanopectus,Forest,Aerial
Sternula albifrons,Coastal,Aerial
Sternula antillarum,Marine,Aerial
Sternula balaenarum,Coastal,Aerial
Sternula lorata,Coastal,Aerial
Sternula nereis,Coastal,Aerial
Sternula saundersi,Coastal,Aerial
Sternula superciliaris,Riverine,Aerial
Sterrhoptilus capitalis,Forest,Insessorial
Sterrhoptilus dennistouni,Forest,Insessorial
Sterrhoptilus nigrocapitatus,Forest,Insessorial
Stictonetta naevosa,Wetland,Generalist
Stigmatopelia chinensis,Woodland,Terrestrial
Stigmatopelia senegalensis,Woodland,Terrestrial
Stigmatura bahiae,Shrubland,Insessorial
Stigmatura budytoides,Shrubland,Insessorial
Stigmatura napensis,Shrubland,Insessorial
Stilpnia argyrofenges,Forest,Insessorial
Stilpnia cayana,Forest,Insessorial
Stilpnia cucullata,Forest,Insessorial
Stilpnia cyanicollis,Forest,Insessorial
Stilpnia cyanoptera,Forest,Insessorial
Stilpnia heinei,Human Modified,Insessorial
Stilpnia larvata,Forest,Insessorial
Stilpnia meyerdeschauenseei,Forest,Insessorial
Stilpnia nigrocincta,Forest,Insessorial
Stilpnia peruviana,Woodland,Insessorial
Stilpnia phillipsi,Forest,Insessorial
Stilpnia preciosa,Forest,Insessorial
Stilpnia viridicollis,Forest,Insessorial
Stilpnia vitriolina,Shrubland,Insessorial
Stiltia isabella,Grassland,Terrestrial
Stiphrornis erythrothorax,Forest,Generalist
Stiphrornis pyrrholaemus,Forest,Generalist
Stiphrornis xanthogaster,Forest,Generalist
Stipiturus malachurus,Shrubland,Generalist
Stipiturus mallee,Grassland,Insessorial
Stipiturus ruficeps,Desert,Insessorial
Stizoptera bichenovii,Shrubland,Terrestrial
Stizorhina finschi,Forest,Insessorial
Stizorhina fraseri,Forest,Insessorial
Stomiopera flava,Forest,Generalist
Stomiopera unicolor,Forest,Insessorial
Strepera fuliginosa,Forest,Terrestrial
Strepera graculina,Forest,Generalist
Strepera versicolor,Forest,Terrestrial
Streptocitta albertinae,Forest,Insessorial
Streptocitta albicollis,Forest,Insessorial
Streptocitta torquata,Forest,Insessorial
Streptopelia bitorquata,Woodland,Terrestrial
Streptopelia capicola,Shrubland,Terrestrial
Streptopelia chinensis,Woodland,Terrestrial
Streptopelia decaocto,Human Modified,Terrestrial
Streptopelia decipiens,Shrubland,Terrestrial
Streptopelia dusumieri,Woodland,Terrestrial
Streptopelia hypopyrrha,Forest,Terrestrial
Streptopelia lugens,Forest,Terrestrial
Streptopelia orientalis,Woodland,Terrestrial
Streptopelia picturata,Forest,Terrestrial
Streptopelia reichenowi,Forest,Insessorial
Streptopelia roseogrisea,Shrubland,Terrestrial
Streptopelia semitorquata,Shrubland,Terrestrial
Streptopelia senegalensis,Woodland,Terrestrial
Streptopelia tranquebarica,Woodland,Terrestrial
Streptopelia turtur,Woodland,Terrestrial
Streptopelia vinacea,Shrubland,Terrestrial
Streptopelia xanthocycla,Human Modified,Terrestrial
Streptoprocne biscutata,Forest,Aerial
Streptoprocne phelpsi,Forest,Aerial
Streptoprocne rutila,Forest,Aerial
Streptoprocne semicollaris,Forest,Aerial
Streptoprocne zonaris,Forest,Aerial
Stresemannia bougainvillei,Forest,Insessorial
Strigops habroptila,Forest,Generalist
Strix albitarsis,Forest,Insessorial
Strix aluco,Forest,Insessorial
Strix butleri,Rock,Insessorial
Strix chacoensis,Forest,Insessorial
Strix davidi,Forest,Insessorial
Strix fulvescens,Forest,Insessorial
Strix hadorami,Rock,Insessorial
Strix huhula,Forest,Insessorial
Strix hylophila,Forest,Insessorial
Strix leptogrammica,Forest,Insessorial
Strix mauritanica,Forest,Insessorial
Strix nebulosa,Forest,Insessorial
Strix nigrolineata,Forest,Insessorial
Strix nivicolum,Forest,Insessorial
Strix occidentalis,Forest,Insessorial
Strix ocellata,Woodland,Insessorial
Strix rufipes,Forest,Insessorial
Strix sartorii,Forest,Insessorial
Strix seloputo,Woodland,Insessorial
Strix uralensis,Forest,Insessorial
Strix varia,Forest,Insessorial
Strix virgata,Forest,Insessorial
Strix woodfordii,Forest,Insessorial
Strophocincla cachinnans,Forest,Insessorial
Strophocincla fairbanki,Forest,Insessorial
Struthidea cinerea,Shrubland,Terrestrial
Struthio camelus,Shrubland,Terrestrial
Struthio molybdophanes,Shrubland,Terrestrial
Sturnella bellicosa,Grassland,Terrestrial
Sturnella defilippii,Grassland,Terrestrial
Sturnella loyca,Grassland,Terrestrial
Sturnella magna,Grassland,Terrestrial
Sturnella militaris,Grassland,Terrestrial
Sturnella neglecta,Grassland,Terrestrial
Sturnella superciliaris,Grassland,Terrestrial
Sturnia blythii,Woodland,Insessorial
Sturnia erythropygia,Forest,Insessorial
Sturnia malabarica,Woodland,Insessorial
Sturnia pagodarum,Forest,Insessorial
Sturnia sinensis,Grassland,Generalist
Sturnornis albofrontatus,Forest,Insessorial
Sturnus albofrontatus,Forest,Insessorial
Sturnus burmannicus,Grassland,Generalist
Sturnus cineraceus,Grassland,Terrestrial
Sturnus contra,Shrubland,Generalist
Sturnus erythropygius,Forest,Insessorial
Sturnus malabaricus,Woodland,Insessorial
Sturnus melanopterus,Woodland,Insessorial
Sturnus nigricollis,Grassland,Insessorial
Sturnus pagodarum,Forest,Insessorial
Sturnus philippensis,Woodland,Insessorial
Sturnus roseus,Grassland,Insessorial
Sturnus sericeus,Shrubland,Insessorial
Sturnus sinensis,Grassland,Generalist
Sturnus sturninus,Forest,Generalist
Sturnus unicolor,Forest,Generalist
Sturnus vulgaris,Human Modified,Insessorial
Stymphalornis acutirostris,Wetland,Insessorial
Sublegatus arenarum,Woodland,Insessorial
Sublegatus modestus,Shrubland,Insessorial
Sublegatus obscurior,Shrubland,Insessorial
Sugomel nigrum,Shrubland,Insessorial
Suiriri islerorum,Shrubland,Insessorial
Suiriri suiriri,Woodland,Insessorial
Sula dactylatra,Marine,Aerial
Sula granti,Marine,Aerial
Sula leucogaster,Marine,Aerial
Sula nebouxii,Marine,Aerial
Sula sula,Marine,Aerial
Sula variegata,Marine,Aerial
Surnia ulula,Grassland,Insessorial
Surniculus dicruroides,Forest,Insessorial
Surniculus lugubris,Forest,Insessorial
Surniculus musschenbroeki,Forest,Insessorial
Surniculus velutinus,Forest,Insessorial
Suthora fulvifrons,Forest,Insessorial
Suthora nipalensis,Forest,Insessorial
Suthora verreauxi,Forest,Insessorial
Swynnertonia swynnertoni,Forest,Terrestrial
Sylvia abyssinica,Forest,Insessorial
Sylvia althaea,Shrubland,Insessorial
Sylvia atricapilla,Woodland,Insessorial
Sylvia atriceps,Forest,Insessorial
Sylvia balearica,Shrubland,Insessorial
Sylvia boehmi,Woodland,Insessorial
Sylvia borin,Woodland,Insessorial
Sylvia buryi,Woodland,Insessorial
Sylvia cantillans,Shrubland,Insessorial
Sylvia communis,Shrubland,Insessorial
Sylvia conspicillata,Shrubland,Insessorial
Sylvia crassirostris,Woodland,Insessorial
Sylvia curruca,Shrubland,Insessorial
Sylvia deserti,Desert,Insessorial
Sylvia deserticola,Shrubland,Insessorial
Sylvia dohrni,Forest,Insessorial
Sylvia galinieri,Woodland,Insessorial
Sylvia hortensis,Woodland,Insessorial
Sylvia layardi,Shrubland,Insessorial
Sylvia leucomelaena,Woodland,Insessorial
Sylvia lugens,Woodland,Insessorial
Sylvia melanocephala,Shrubland,Insessorial
Sylvia melanothorax,Forest,Insessorial
Sylvia minula,Shrubland,Insessorial
Sylvia mystacea,Shrubland,Insessorial
Sylvia nana,Desert,Insessorial
Sylvia nigricapillus,Forest,Insessorial
Sylvia nisoria,Shrubland,Insessorial
Sylvia rueppelli,Shrubland,Insessorial
Sylvia ruppeli,Shrubland,Insessorial
Sylvia sarda,Shrubland,Insessorial
Sylvia subalpina,Shrubland,Insessorial
Sylvia subcaerulea,Shrubland,Insessorial
Sylvia subcoerulea,Shrubland,Insessorial
Sylvia undata,Shrubland,Insessorial
Sylvietta brachyura,Woodland,Insessorial
Sylvietta chapini,Forest,Insessorial
Sylvietta denti,Forest,Insessorial
Sylvietta isabellina,Shrubland,Insessorial
Sylvietta leucophrys,Forest,Insessorial
Sylvietta leucopsis,Woodland,Insessorial
Sylvietta philippae,Shrubland,Insessorial
Sylvietta rufescens,Shrubland,Insessorial
Sylvietta ruficapilla,Woodland,Insessorial
Sylvietta virens,Forest,Insessorial
Sylvietta whytii,Woodland,Insessorial
Sylviorthorhynchus desmurii,Forest,Insessorial
Sylviorthorhynchus desmursii,Forest,Insessorial
Sylviorthorhynchus yanacensis,Forest,Insessorial
Sylviparus modestus,Forest,Insessorial
Syma megarhyncha,Forest,Insessorial
Syma torotoro,Forest,Insessorial
Symposiachrus ateralbus,Forest,Insessorial
Symposiachrus axillaris,Forest,Insessorial
Symposiachrus barbatus,Forest,Insessorial
Symposiachrus boanensis,Forest,Insessorial
Symposiachrus brehmii,Forest,Insessorial
Symposiachrus browni,Forest,Insessorial
Symposiachrus everetti,Forest,Insessorial
Symposiachrus guttula,Forest,Insessorial
Symposiachrus infelix,Forest,Insessorial
Symposiachrus julianae,Forest,Insessorial
Symposiachrus leucurus,Forest,Insessorial
Symposiachrus loricatus,Forest,Insessorial
Symposiachrus malaitae,Forest,Insessorial
Symposiachrus manadensis,Forest,Insessorial
Symposiachrus menckei,Forest,Insessorial
Symposiachrus mundus,Forest,Insessorial
Symposiachrus rubiensis,Forest,Insessorial
Symposiachrus sacerdotum,Forest,Insessorial
Symposiachrus trivirgatus,Forest,Insessorial
Symposiachrus verticalis,Forest,Insessorial
Symposiachrus vidua,Forest,Insessorial
Synallaxis albescens,Grassland,Insessorial
Synallaxis albigularis,Shrubland,Insessorial
Synallaxis albilora,Shrubland,Generalist
Synallaxis azarae,Forest,Insessorial
Synallaxis beverlyae,,Insessorial
Synallaxis brachyura,Shrubland,Insessorial
Synallaxis cabanisi,Forest,Insessorial
Synallaxis candei,Woodland,Terrestrial
Synallaxis castanea,Forest,Insessorial
Synallaxis cherriei,Forest,Insessorial
Synallaxis chinchipensis,Shrubland,Insessorial
Synallaxis cinerascens,Forest,Insessorial
Synallaxis cinerea,Forest,Insessorial
Synallaxis cinnamomea,Woodland,Insessorial
Synallaxis courseni,Forest,Insessorial
Synallaxis erythrothorax,Human Modified,Insessorial
Synallaxis frontalis,Woodland,Insessorial
Synallaxis fuscorufa,Forest,Insessorial
Synallaxis gujanensis,Forest,Insessorial
Synallaxis hellmayri,Shrubland,Generalist
Synallaxis hypochondriaca,Shrubland,Insessorial
Synallaxis hypospodia,Grassland,Insessorial
Synallaxis infuscata,Forest,Insessorial
Synallaxis kollari,Forest,Insessorial
Synallaxis macconnelli,Forest,Insessorial
Synallaxis maranonica,Woodland,Generalist
Synallaxis moesta,Forest,Insessorial
Synallaxis propinqua,Shrubland,Insessorial
Synallaxis ruficapilla,Forest,Insessorial
Synallaxis rutilans,Forest,Insessorial
Synallaxis scutata,Shrubland,Terrestrial
Synallaxis simoni,Shrubland,Insessorial
Synallaxis spixi,Shrubland,Insessorial
Synallaxis stictothorax,Shrubland,Insessorial
Synallaxis subpudica,Forest,Insessorial
Synallaxis tithys,Woodland,Insessorial
Synallaxis unirufa,Forest,Insessorial
Synallaxis whitneyi,Forest,Insessorial
Synallaxis zimmeri,Shrubland,Insessorial
Syndactyla dimidiata,Forest,Insessorial
Syndactyla guttulata,Forest,Insessorial
Syndactyla roraimae,Forest,Insessorial
Syndactyla ruficollis,Forest,Insessorial
Syndactyla rufosuperciliata,Forest,Insessorial
Syndactyla striata,Forest,Insessorial
Syndactyla subalaris,Forest,Insessorial
Syndactyla ucayalae,Forest,Insessorial
Synoicus adansonii,Grassland,Terrestrial
Synoicus chinensis,Grassland,Terrestrial
Synoicus monorthonyx,Shrubland,Terrestrial
Synoicus ypsilophorus,Grassland,Terrestrial
Synorhacma multistriata,Forest,Insessorial
Synthliboramphus antiquus,Marine,Aquatic
Synthliboramphus craveri,Marine,Aquatic
Synthliboramphus hypoleucus,Marine,Aquatic
Synthliboramphus scrippsi,Marine,Aquatic
Synthliboramphus wumizusume,Marine,Aquatic
Sypheotides indicus,Grassland,Terrestrial
Syrigma sibilatrix,Wetland,Terrestrial
Syrmaticus ellioti,Woodland,Terrestrial
Syrmaticus humiae,Forest,Terrestrial
Syrmaticus mikado,Forest,Terrestrial
Syrmaticus reevesii,Woodland,Terrestrial
Syrmaticus soemmerringii,Forest,Terrestrial
Syrrhaptes paradoxus,Grassland,Terrestrial
Syrrhaptes tibetanus,Desert,Terrestrial
Syrtidicola fluviatilis,Riverine,Terrestrial
Systellura decussata,Shrubland,Insessorial
Systellura longirostris,Shrubland,Insessorial
Systellura roraimae,Shrubland,Insessorial
Taccocua leschenaultii,Forest,Terrestrial
Tachornis furcata,Forest,Aerial
Tachornis phoenicobia,Grassland,Aerial
Tachornis squamata,Woodland,Aerial
Tachuris rubrigastra,Wetland,Insessorial
Tachybaptus dominicus,Wetland,Aquatic
Tachybaptus novaehollandiae,Wetland,Aquatic
Tachybaptus pelzelnii,Wetland,Aquatic
Tachybaptus ruficollis,Wetland,Aquatic
Tachycineta albilinea,Woodland,Aerial
Tachycineta albiventer,Riverine,Aerial
Tachycineta bicolor,Wetland,Aerial
Tachycineta cyaneoviridis,Woodland,Aerial
Tachycineta euchrysea,Forest,Aerial
Tachycineta leucopyga,Grassland,Aerial
Tachycineta leucorrhoa,Grassland,Aerial
Tachycineta meyeni,Grassland,Aerial
Tachycineta stolzmanni,Woodland,Aerial
Tachycineta thalassina,Forest,Aerial
Tachyeres brachypterus,Marine,Aquatic
Tachyeres leucocephalus,Coastal,Aquatic
Tachyeres patachonicus,Marine,Aquatic
Tachyeres pteneres,Marine,Aquatic
Tachymarptis aequatorialis,Shrubland,Aerial
Tachymarptis melba,Rock,Aerial
Tachyphonus coronatus,Forest,Insessorial
Tachyphonus cristatus,Forest,Insessorial
Tachyphonus delatrii,Forest,Insessorial
Tachyphonus luctuosus,Forest,Insessorial
Tachyphonus phoenicius,Shrubland,Insessorial
Tachyphonus rufiventer,Forest,Insessorial
Tachyphonus rufus,Shrubland,Insessorial
Tachyphonus surinamus,Forest,Insessorial
Tadorna cana,Wetland,Terrestrial
Tadorna cristata,,Aquatic
Tadorna ferruginea,Wetland,Terrestrial
Tadorna radjah,Coastal,Terrestrial
Tadorna tadorna,Coastal,Generalist
Tadorna tadornoides,Wetland,Terrestrial
Tadorna variegata,Grassland,Terrestrial
Taenioptynx brodiei,Forest,Insessorial
Taenioptynx sylvaticus,Forest,Insessorial
Taeniopygia bichenovii,Shrubland,Terrestrial
Taeniopygia castanotis,Grassland,Terrestrial
Taeniopygia guttata,Grassland,Terrestrial
Taeniotriccus andrei,Forest,Insessorial
Talaphorus chlorocercus,Shrubland,Aerial
Talegalla cuvieri,Forest,Terrestrial
Talegalla fuscirostris,Forest,Terrestrial
Talegalla jobiensis,Forest,Terrestrial
Tangara abbas,Forest,Insessorial
Tangara argentea,Forest,Insessorial
Tangara argyrofenges,Forest,Insessorial
Tangara arthus,Forest,Insessorial
Tangara atrocoerulea,Forest,Insessorial
Tangara aurulenta,Forest,Insessorial
Tangara brasiliensis,Forest,Insessorial
Tangara cabanisi,Forest,Insessorial
Tangara callophrys,Forest,Insessorial
Tangara cayana,Forest,Insessorial
Tangara chilensis,Forest,Insessorial
Tangara chrysotis,Forest,Insessorial
Tangara cucullata,Forest,Insessorial
Tangara cyanicollis,Forest,Insessorial
Tangara cyanocephala,Forest,Insessorial
Tangara cyanomelas,Forest,Insessorial
Tangara cyanoptera,Forest,Insessorial
Tangara cyanotis,Forest,Insessorial
Tangara cyanoventris,Forest,Insessorial
Tangara desmaresti,Forest,Insessorial
Tangara dowii,Forest,Insessorial
Tangara episcopus,Forest,Insessorial
Tangara fastuosa,Forest,Insessorial
Tangara flava,Forest,Insessorial
Tangara florida,Forest,Insessorial
Tangara fucosa,Forest,Insessorial
Tangara fulvicervix,Forest,Insessorial
Tangara glaucocolpa,Forest,Insessorial
Tangara guttata,Forest,Insessorial
Tangara gyrola,Forest,Insessorial
Tangara heinei,Human Modified,Insessorial
Tangara icterocephala,Forest,Insessorial
Tangara inornata,Forest,Insessorial
Tangara johannae,Forest,Insessorial
Tangara labradorides,Forest,Insessorial
Tangara larvata,Forest,Insessorial
Tangara lavinia,Forest,Insessorial
Tangara lunigera,Forest,Insessorial
Tangara mexicana,Forest,Insessorial
Tangara meyerdeschauenseei,Forest,Insessorial
Tangara nigrocincta,Forest,Insessorial
Tangara nigroviridis,Forest,Insessorial
Tangara ornata,Forest,Insessorial
Tangara palmarum,Forest,Insessorial
Tangara palmeri,Forest,Insessorial
Tangara parzudakii,Forest,Insessorial
Tangara peruviana,Woodland,Insessorial
Tangara phillipsi,Forest,Insessorial
Tangara preciosa,Forest,Insessorial
Tangara punctata,Forest,Insessorial
Tangara ruficervix,Forest,Insessorial
Tangara rufigenis,Forest,Insessorial
Tangara rufigula,Forest,Insessorial
Tangara sayaca,Forest,Insessorial
Tangara schrankii,Forest,Insessorial
Tangara seledon,Forest,Insessorial
Tangara varia,Forest,Insessorial
Tangara vassorii,Forest,Insessorial
Tangara velia,Forest,Insessorial
Tangara versicolor,Forest,Insessorial
Tangara viridicollis,Forest,Insessorial
Tangara vitriolina,Shrubland,Insessorial
Tangara whitelyi,Forest,Insessorial
Tangara xanthocephala,Forest,Insessorial
Tangara xanthogastra,Forest,Insessorial
Tanygnathus everetti,Forest,Insessorial
Tanygnathus gramineus,Forest,Insessorial
Tanygnathus lucionensis,Forest,Insessorial
Tanygnathus megalorynchos,Forest,Insessorial
Tanygnathus sumatranus,Forest,Insessorial
Tanysiptera carolinae,Forest,Insessorial
Tanysiptera danae,Forest,Insessorial
Tanysiptera ellioti,Forest,Insessorial
Tanysiptera galatea,Forest,Insessorial
Tanysiptera hydrocharis,Forest,Insessorial
Tanysiptera nigriceps,Forest,Insessorial
Tanysiptera nympha,Forest,Insessorial
Tanysiptera riedelii,Forest,Insessorial
Tanysiptera sylvia,Forest,Insessorial
Taoniscus nanus,Grassland,Terrestrial
Tapera naevia,Human Modified,Generalist
Taphrolesbia griseiventris,Shrubland,Aerial
Taphrospilus hypostictus,Forest,Aerial
Taraba major,Forest,Insessorial
Tarphonomus certhioides,Shrubland,Terrestrial
Tarphonomus harterti,Shrubland,Terrestrial
Tarsiger chrysaeus,Forest,Terrestrial
Tarsiger cyanurus,Forest,Generalist
Tarsiger hyperythrus,Forest,Terrestrial
Tarsiger indicus,Forest,Terrestrial
Tarsiger johnstoniae,Forest,Terrestrial
Tarsiger rufilatus,Forest,Generalist
Tauraco bannermani,Forest,Insessorial
Tauraco corythaix,Forest,Insessorial
Tauraco erythrolophus,Forest,Insessorial
Tauraco fischeri,Forest,Insessorial
Tauraco hartlaubi,Forest,Insessorial
Tauraco leucolophus,Forest,Insessorial
Tauraco leucotis,Forest,Insessorial
Tauraco livingstonii,Forest,Insessorial
Tauraco macrorhynchus,Forest,Insessorial
Tauraco persa,Forest,Insessorial
Tauraco porphyreolophus,Woodland,Insessorial
Tauraco ruspolii,Woodland,Insessorial
Tauraco schalowi,Forest,Insessorial
Tauraco schuetti,Forest,Insessorial
Tauraco schuettii,Forest,Insessorial
Tchagra australis,Shrubland,Terrestrial
Tchagra jamesi,Shrubland,Terrestrial
Tchagra minutus,Wetland,Insessorial
Tchagra senegalus,Shrubland,Terrestrial
Tchagra tchagra,Shrubland,Terrestrial
Telacanthura melanopygia,Forest,Aerial
Telacanthura ussheri,Woodland,Aerial
Teledromas fuscus,Shrubland,Terrestrial
Telespiza cantans,Grassland,Generalist
Telespiza ultima,Coastal,Generalist
Telophorus bocagei,Forest,Insessorial
Telophorus dohertyi,Shrubland,Generalist
Telophorus kupeensis,Forest,Insessorial
Telophorus multicolor,Forest,Insessorial
Telophorus nigrifrons,Forest,Insessorial
Telophorus olivaceus,Forest,Insessorial
Telophorus quadricolor,Forest,Insessorial
Telophorus sulfureopectus,Woodland,Insessorial
Telophorus viridis,Forest,Insessorial
Telophorus zeylonus,Shrubland,Terrestrial
Temnotrogon roseigaster,Forest,Insessorial
Temnurus temnurus,Forest,Insessorial
Tephrodornis affinis,Forest,Insessorial
Tephrodornis gularis,Forest,Insessorial
Tephrodornis pondicerianus,Forest,Insessorial
Tephrodornis sylvicola,Forest,Insessorial
Tephrodornis virgatus,Forest,Insessorial
Tephrophilus wetmorei,Forest,Insessorial
Tephrozosterops stalkeri,Forest,Insessorial
Terathopius ecaudatus,Woodland,Generalist
Terenotriccus erythrurus,Forest,Insessorial
Terenura callinota,Forest,Insessorial
Terenura humeralis,Forest,Insessorial
Terenura maculata,Forest,Insessorial
Terenura sharpei,Forest,Insessorial
Terenura sicki,Forest,Insessorial
Terenura spodioptila,Forest,Insessorial
Teretistris fernandinae,Forest,Insessorial
Teretistris fornsi,Woodland,Insessorial
Terpsiphone affinis,Woodland,Insessorial
Terpsiphone atrocaudata,Forest,Insessorial
Terpsiphone atrochalybeia,Forest,Insessorial
Terpsiphone batesi,Shrubland,Insessorial
Terpsiphone bedfordi,Forest,Insessorial
Terpsiphone bourbonnensis,Forest,Insessorial
Terpsiphone cinnamomea,Forest,Insessorial
Terpsiphone corvina,Forest,Insessorial
Terpsiphone cyanescens,Forest,Insessorial
Terpsiphone floris,Woodland,Insessorial
Terpsiphone incei,Woodland,Insessorial
Terpsiphone mutata,Forest,Insessorial
Terpsiphone paradisi,Woodland,Insessorial
Terpsiphone rufiventer,Forest,Insessorial
Terpsiphone rufocinerea,Shrubland,Insessorial
Terpsiphone smithii,Forest,Insessorial
Terpsiphone unirufa,Forest,Insessorial
Terpsiphone viridis,Woodland,Insessorial
Territornis albilineata,Forest,Insessorial
Territornis fordiana,Forest,Insessorial
Territornis reticulata,Forest,Insessorial
Tersina viridis,Forest,Insessorial
Tesia castaneocoronata,Forest,Terrestrial
Tesia cyaniventer,Forest,Generalist
Tesia everetti,Forest,Generalist
Tesia olivea,Forest,Terrestrial
Tesia superciliaris,Forest,Terrestrial
Tetrao mlokosiewiczi,Shrubland,Generalist
Tetrao parvirostris,Forest,Generalist
Tetrao tetrix,Forest,Terrestrial
Tetrao urogalloides,Forest,Generalist
Tetrao urogallus,Forest,Generalist
Tetraogallus altaicus,Grassland,Terrestrial
Tetraogallus caspius,Rock,Terrestrial
Tetraogallus caucasicus,Rock,Terrestrial
Tetraogallus himalayensis,Grassland,Terrestrial
Tetraogallus tibetanus,Grassland,Terrestrial
Tetraophasis obscurus,Forest,Terrestrial
Tetraophasis szechenyii,Forest,Terrestrial
Tetrastes bonasia,Woodland,Generalist
Tetrastes sewerzowi,Forest,Terrestrial
Tetrax tetrax,Grassland,Terrestrial
Thalassarche bulleri,Marine,Aquatic
Thalassarche carteri,,Aquatic
Thalassarche cauta,,Aquatic
Thalassarche chlororhynchos,,Aquatic
Thalassarche chrysostoma,Marine,Aquatic
Thalassarche eremita,,Generalist
Thalassarche impavida,,Aquatic
Thalassarche melanophris,Marine,Aquatic
Thalassarche melanophrys,Marine,Aquatic
Thalassarche salvini,,Aquatic
Thalassarche steadi,,Aquatic
Thalasseus albididorsalis,Marine,Aerial
Thalasseus bengalensis,Coastal,Aerial
Thalasseus bergii,Coastal,Aerial
Thalasseus bernsteini,Coastal,Aerial
Thalasseus elegans,Coastal,Aerial
Thalasseus maximus,Marine,Aerial
Thalasseus sandvicensis,Marine,Aerial
Thalassoica antarctica,Marine,Generalist
Thalassornis leuconotus,Wetland,Aquatic
Thalurania colombica,Forest,Aerial
Thalurania fannyi,Forest,Aerial
Thalurania furcata,Forest,Aerial
Thalurania glaucopis,Forest,Aerial
Thalurania ridgwayi,Forest,Aerial
Thalurania watertonii,Forest,Aerial
Thamnistes aequatorialis,Forest,Insessorial
Thamnistes anabatinus,Forest,Insessorial
Thamnistes rufescens,Forest,Insessorial
Thamnolaea cinnamomeiventris,Rock,Insessorial
Thamnolaea semirufa,Shrubland,Terrestrial
Thamnomanes ardesiacus,Forest,Insessorial
Thamnomanes caesius,Forest,Insessorial
Thamnomanes saturninus,Forest,Insessorial
Thamnomanes schistogynus,Forest,Insessorial
Thamnophilus aethiops,Forest,Insessorial
Thamnophilus amazonicus,Forest,Insessorial
Thamnophilus ambiguus,Forest,Insessorial
Thamnophilus aroyae,Forest,Insessorial
Thamnophilus atrinucha,Forest,Insessorial
Thamnophilus bernardi,Woodland,Generalist
Thamnophilus bridgesi,Forest,Insessorial
Thamnophilus caerulescens,Forest,Insessorial
Thamnophilus cryptoleucus,Forest,Insessorial
Thamnophilus divisorius,Forest,Insessorial
Thamnophilus doliatus,Woodland,Generalist
Thamnophilus insignis,Forest,Insessorial
Thamnophilus melanonotus,Woodland,Insessorial
Thamnophilus melanothorax,Forest,Insessorial
Thamnophilus multistriatus,Woodland,Insessorial
Thamnophilus murinus,Forest,Insessorial
Thamnophilus nigriceps,Forest,Insessorial
Thamnophilus nigrocinereus,Forest,Insessorial
Thamnophilus palliatus,Human Modified,Insessorial
Thamnophilus pelzelni,Forest,Insessorial
Thamnophilus praecox,Forest,Insessorial
Thamnophilus punctatus,Woodland,Insessorial
Thamnophilus ruficapillus,Shrubland,Insessorial
Thamnophilus schistaceus,Forest,Insessorial
Thamnophilus shumbae,Woodland,Generalist
Thamnophilus stictocephalus,Forest,Insessorial
Thamnophilus sticturus,Forest,Insessorial
Thamnophilus subfasciatus,Shrubland,Insessorial
Thamnophilus tenuepunctatus,Human Modified,Insessorial
Thamnophilus torquatus,Shrubland,Insessorial
Thamnophilus unicolor,Forest,Insessorial
Thamnophilus zarumae,Woodland,Insessorial
Thamnornis chloropetoides,Shrubland,Insessorial
Thaumasius baeri,Shrubland,Aerial
Thaumasius taczanowskii,Shrubland,Aerial
Thaumastura cora,Shrubland,Aerial
Thaumatibis gigantea,Wetland,Terrestrial
Thectocercus acuticaudatus,Shrubland,Insessorial
Theristicus branickii,Human Modified,Terrestrial
Theristicus caerulescens,Grassland,Terrestrial
Theristicus caudatus,Grassland,Terrestrial
Theristicus melanopis,Human Modified,Terrestrial
Thescelocichla leucopleura,Forest,Insessorial
Thinocorus orbignyianus,Grassland,Terrestrial
Thinocorus rumicivorus,Grassland,Terrestrial
Thinornis cucullatus,Coastal,Terrestrial
Thinornis novaeseelandiae,Coastal,Terrestrial
Thinornis rubricollis,Coastal,Terrestrial
Thlypopsis fulviceps,Human Modified,Insessorial
Thlypopsis inornata,Shrubland,Insessorial
Thlypopsis ornata,Shrubland,Insessorial
Thlypopsis pectoralis,Shrubland,Insessorial
Thlypopsis pyrrhocoma,Forest,Insessorial
Thlypopsis ruficeps,Shrubland,Insessorial
Thlypopsis sordida,Forest,Insessorial
Thlypopsis superciliaris,Forest,Insessorial
Thraupis abbas,Forest,Insessorial
Thraupis bonariensis,Forest,Insessorial
Thraupis cyanocephala,Forest,Insessorial
Thraupis cyanoptera,Forest,Insessorial
Thraupis episcopus,Forest,Insessorial
Thraupis glaucocolpa,Forest,Insessorial
Thraupis ornata,Forest,Insessorial
Thraupis palmarum,Forest,Insessorial
Thraupis sayaca,Forest,Insessorial
Threnetes leucurus,Forest,Aerial
Threnetes niger,Forest,Aerial
Threnetes ruckeri,Forest,Aerial
Threskiornis aethiopicus,Wetland,Terrestrial
Threskiornis bernieri,Woodland,Terrestrial
Threskiornis melanocephalus,Wetland,Terrestrial
Threskiornis molucca,Wetland,Terrestrial
Threskiornis moluccus,Wetland,Terrestrial
Threskiornis spinicollis,Grassland,Terrestrial
Thripadectes flammulatus,Forest,Insessorial
Thripadectes holostictus,Forest,Insessorial
Thripadectes ignobilis,Forest,Insessorial
Thripadectes melanorhynchus,Forest,Insessorial
Thripadectes rufobrunneus,Forest,Insessorial
Thripadectes scrutator,Forest,Insessorial
Thripadectes virgaticeps,Forest,Insessorial
Thripias namaquus,Shrubland,Insessorial
Thripias pyrrhogaster,Forest,Insessorial
Thripias xantholophus,Forest,Insessorial
Thripophaga amacurensis,,Insessorial
Thripophaga berlepschi,Forest,Insessorial
Thripophaga cherriei,Forest,Insessorial
Thripophaga fusciceps,Forest,Insessorial
Thripophaga gutturata,Forest,Insessorial
Thripophaga macroura,Forest,Insessorial
Thryomanes bewickii,Shrubland,Generalist
Thryophilus nicefori,Shrubland,Insessorial
Thryophilus pleurostictus,Woodland,Insessorial
Thryophilus rufalbus,Forest,Insessorial
Thryophilus sernai,,Insessorial
Thryophilus sinaloa,Woodland,Insessorial
Thryorchilus browni,Forest,Generalist
Thryothorus albinucha,Woodland,Insessorial
Thryothorus atrogularis,Forest,Insessorial
Thryothorus coraya,Forest,Insessorial
Thryothorus eisenmanni,Forest,Insessorial
Thryothorus euophrys,Forest,Insessorial
Thryothorus fasciatoventris,Forest,Insessorial
Thryothorus felix,Woodland,Insessorial
Thryothorus genibarbis,Forest,Insessorial
Thryothorus griseus,Forest,Insessorial
Thryothorus guarayanus,Shrubland,Insessorial
Thryothorus leucopogon,Forest,Insessorial
Thryothorus leucotis,Forest,Insessorial
Thryothorus longirostris,Forest,Insessorial
Thryothorus ludovicianus,Woodland,Insessorial
Thryothorus maculipectus,Forest,Insessorial
Thryothorus modestus,Woodland,Insessorial
Thryothorus mystacalis,Forest,Insessorial
Thryothorus nicefori,Shrubland,Insessorial
Thryothorus nigricapillus,Forest,Insessorial
Thryothorus pleurostictus,Woodland,Insessorial
Thryothorus rufalbus,Forest,Insessorial
Thryothorus rutilus,Forest,Insessorial
Thryothorus sclateri,Woodland,Insessorial
Thryothorus semibadius,Forest,Insessorial
Thryothorus sinaloa,Woodland,Insessorial
Thryothorus spadix,Forest,Insessorial
Thryothorus superciliaris,Shrubland,Insessorial
Thryothorus thoracicus,Shrubland,Insessorial
Tiaris bicolor,Shrubland,Terrestrial
Tiaris canorus,Shrubland,Generalist
Tiaris fuliginosus,Shrubland,Insessorial
Tiaris obscurus,Shrubland,Terrestrial
Tiaris olivaceus,Human Modified,Insessorial
Tichodroma muraria,Rock,Insessorial
Tickellia hodgsoni,Forest,Insessorial
Tigriornis leucolopha,Wetland,Terrestrial
Tigrisoma fasciatum,Riverine,Terrestrial
Tigrisoma lineatum,Wetland,Terrestrial
Tigrisoma mexicanum,Wetland,Terrestrial
Tijuca atra,Forest,Insessorial
Tijuca condita,Forest,Insessorial
Tilmatura dupontii,Forest,Aerial
Timalia pileata,Shrubland,Insessorial
Timeliopsis fulvigula,Forest,Insessorial
Timeliopsis griseigula,Forest,Insessorial
Tinamotis ingoufi,Grassland,Terrestrial
Tinamotis pentlandii,Grassland,Terrestrial
Tinamus guttatus,Forest,Terrestrial
Tinamus major,Forest,Terrestrial
Tinamus osgoodi,Forest,Terrestrial
Tinamus solitarius,Forest,Terrestrial
Tinamus tao,Forest,Terrestrial
Tityra braziliensis,Forest,Insessorial
Tityra cayana,Forest,Insessorial
Tityra inquisitor,Forest,Insessorial
Tityra leucura,,Insessorial
Tityra semifasciata,Forest,Insessorial
Tmetothylacus tenellus,Grassland,Terrestrial
Tockus alboterminatus,Forest,Insessorial
Tockus bradfieldi,Woodland,Insessorial
Tockus camurus,Forest,Insessorial
Tockus damarensis,Shrubland,Terrestrial
Tockus deckeni,Grassland,Terrestrial
Tockus erythrorhynchus,Woodland,Terrestrial
Tockus fasciatus,Forest,Insessorial
Tockus flavirostris,Woodland,Terrestrial
Tockus hartlaubi,Forest,Insessorial
Tockus hemprichii,Shrubland,Insessorial
Tockus jacksoni,Woodland,Terrestrial
Tockus kempi,Woodland,Terrestrial
Tockus leucomelas,Grassland,Terrestrial
Tockus monteiri,Shrubland,Terrestrial
Tockus nasutus,Shrubland,Insessorial
Tockus pallidirostris,Woodland,Insessorial
Tockus ruahae,Woodland,Terrestrial
Tockus rufirostris,Woodland,Terrestrial
Todiramphus albicilla,Woodland,Insessorial
Todiramphus albonotatus,Forest,Insessorial
Todiramphus australasia,Woodland,Insessorial
Todiramphus chloris,Woodland,Insessorial
Todiramphus cinnamominus,Forest,Insessorial
Todiramphus colonus,Woodland,Insessorial
Todiramphus diops,Woodland,Insessorial
Todiramphus enigma,Riverine,Insessorial
Todiramphus farquhari,Forest,Insessorial
Todiramphus funebris,Forest,Insessorial
Todiramphus gambieri,Shrubland,Insessorial
Todiramphus gertrudae,Shrubland,Insessorial
Todiramphus godeffroyi,Forest,Insessorial
Todiramphus lazuli,Forest,Insessorial
Todiramphus leucopygius,Forest,Insessorial
Todiramphus macleayii,Riverine,Insessorial
Todiramphus nigrocyaneus,Forest,Insessorial
Todiramphus pelewensis,Forest,Insessorial
Todiramphus pyrrhopygius,Woodland,Insessorial
Todiramphus recurvirostris,Woodland,Insessorial
Todiramphus reichenbachii,Forest,Insessorial
Todiramphus ruficollaris,Forest,Insessorial
Todiramphus sacer,Woodland,Insessorial
Todiramphus sanctus,Woodland,Insessorial
Todiramphus saurophaga,Woodland,Insessorial
Todiramphus saurophagus,Woodland,Insessorial
Todiramphus sordidus,Woodland,Insessorial
Todiramphus tristrami,Woodland,Insessorial
Todiramphus tutus,Forest,Insessorial
Todiramphus veneratus,Forest,Insessorial
Todiramphus winchelli,Forest,Insessorial
Todiramphus youngi,Forest,Insessorial
Todirostrum chrysocrotaphum,Forest,Insessorial
Todirostrum cinereum,Shrubland,Insessorial
Todirostrum maculatum,Forest,Insessorial
Todirostrum nigriceps,Forest,Insessorial
Todirostrum pictum,Forest,Insessorial
Todirostrum poliocephalum,Forest,Insessorial
Todirostrum viridanum,Shrubland,Insessorial
Todus angustirostris,Forest,Insessorial
Todus mexicanus,Forest,Insessorial
Todus multicolor,Shrubland,Insessorial
Todus subulatus,Woodland,Insessorial
Todus todus,Forest,Insessorial
Tolmomyias assimilis,Forest,Insessorial
Tolmomyias flaviventris,Forest,Insessorial
Tolmomyias flavotectus,Forest,Insessorial
Tolmomyias poliocephalus,Forest,Insessorial
Tolmomyias sulphurescens,Forest,Insessorial
Tolmomyias traylori,Forest,Insessorial
Tolmomyias viridiceps,Forest,Insessorial
Topaza pella,Forest,Aerial
Topaza pyra,Forest,Aerial
Torgos tracheliotos,Grassland,Terrestrial
Torreornis inexpectata,Shrubland,Terrestrial
Touit batavicus,Forest,Insessorial
Touit costaricensis,Forest,Insessorial
Touit dilectissimus,Forest,Insessorial
Touit huetii,Forest,Insessorial
Touit melanonotus,Forest,Insessorial
Touit purpuratus,Forest,Insessorial
Touit stictopterus,Forest,Insessorial
Touit surdus,Forest,Insessorial
Toxorhamphus iliolophus,Forest,Insessorial
Toxorhamphus novaeguineae,Forest,Insessorial
Toxorhamphus poliopterus,Forest,Insessorial
Toxostoma bendirei,Shrubland,Generalist
Toxostoma cinereum,Shrubland,Terrestrial
Toxostoma crissale,Shrubland,Terrestrial
Toxostoma curvirostre,Shrubland,Terrestrial
Toxostoma guttatum,Forest,Terrestrial
Toxostoma lecontei,Shrubland,Terrestrial
Toxostoma longirostre,Shrubland,Terrestrial
Toxostoma ocellatum,Shrubland,Terrestrial
Toxostoma redivivum,Shrubland,Generalist
Toxostoma rufum,Shrubland,Generalist
Trachylaemus goffinii,Forest,Insessorial
Trachylaemus purpuratus,Forest,Insessorial
Trachylaemus togoensis,Forest,Insessorial
Trachyphonus darnaudii,Grassland,Insessorial
Trachyphonus emini,Grassland,Insessorial
Trachyphonus erythrocephalus,Shrubland,Terrestrial
Trachyphonus margaritatus,Shrubland,Insessorial
Trachyphonus purpuratus,Forest,Insessorial
Trachyphonus usambiro,,Insessorial
Trachyphonus vaillantii,Woodland,Insessorial
Tragopan blythii,Woodland,Generalist
Tragopan caboti,Woodland,Generalist
Tragopan melanocephalus,Forest,Generalist
Tragopan satyra,Forest,Generalist
Tragopan temminckii,Forest,Generalist
Tregellasia capito,Forest,Insessorial
Tregellasia leucops,Forest,Insessorial
Treron affinis,Forest,Insessorial
Treron apicauda,Forest,Insessorial
Treron aromaticus,Forest,Insessorial
Treron australis,Forest,Insessorial
Treron axillaris,Forest,Insessorial
Treron bicinctus,Forest,Insessorial
Treron calvus,Forest,Insessorial
Treron capellei,Forest,Insessorial
Treron chloropterus,Forest,Insessorial
Treron curvirostra,Forest,Insessorial
Treron delalandii,Forest,Insessorial
Treron floris,Forest,Insessorial
Treron formosae,Forest,Insessorial
Treron fulvicollis,Woodland,Insessorial
Treron griseicauda,Grassland,Insessorial
Treron griveaudi,Forest,Insessorial
Treron olax,Forest,Insessorial
Treron oxyurus,Forest,Insessorial
Treron pembaensis,Forest,Insessorial
Treron permagnus,Forest,Insessorial
Treron phayrei,Forest,Insessorial
Treron phoenicopterus,Forest,Insessorial
Treron pompadora,Forest,Insessorial
Treron psittaceus,Forest,Insessorial
Treron sanctithomae,Forest,Insessorial
Treron seimundi,Forest,Insessorial
Treron sieboldii,Forest,Insessorial
Treron sphenurus,Forest,Insessorial
Treron teysmannii,Forest,Insessorial
Treron vernans,Forest,Insessorial
Treron waalia,Woodland,Insessorial
Tribonyx mortierii,Wetland,Terrestrial
Tribonyx ventralis,Wetland,Terrestrial
Trichastoma bicolor,Forest,Terrestrial
Trichastoma buettikoferi,Forest,Terrestrial
Trichastoma celebense,Shrubland,Terrestrial
Trichastoma cinereiceps,Forest,Generalist
Trichastoma malaccense,Forest,Generalist
Trichastoma pyrrogenys,Forest,Terrestrial
Trichastoma rostratum,Forest,Terrestrial
Trichastoma tickelli,Forest,Terrestrial
Trichixos pyrropygus,Forest,Generalist
Trichocichla rufa,Forest,Terrestrial
Trichodere cockerelli,Forest,Insessorial
Trichoglossus capistratus,Forest,Insessorial
Trichoglossus chlorolepidotus,Woodland,Insessorial
Trichoglossus euteles,Forest,Insessorial
Trichoglossus flavoviridis,Forest,Insessorial
Trichoglossus forsteni,Forest,Insessorial
Trichoglossus haematodus,Forest,Insessorial
Trichoglossus iris,Forest,Insessorial
Trichoglossus johnstoniae,Forest,Insessorial
Trichoglossus meyeri,Forest,Insessorial
Trichoglossus moluccanus,Forest,Insessorial
Trichoglossus ornatus,Forest,Insessorial
Trichoglossus rosenbergii,Forest,Insessorial
Trichoglossus rubiginosus,Forest,Insessorial
Trichoglossus rubritorquis,Forest,Insessorial
Trichoglossus weberi,Forest,Insessorial
Tricholaema diademata,Forest,Insessorial
Tricholaema frontata,Woodland,Insessorial
Tricholaema hirsuta,Forest,Insessorial
Tricholaema lacrymosa,Forest,Insessorial
Tricholaema leucomelas,Shrubland,Insessorial
Tricholaema melanocephala,Shrubland,Insessorial
Tricholestes criniger,Forest,Insessorial
Trichothraupis melanops,Forest,Insessorial
Triclaria malachitacea,Forest,Insessorial
Trigonoceps occipitalis,Shrubland,Terrestrial
Tringa brevipes,Wetland,Terrestrial
Tringa erythropus,Grassland,Terrestrial
Tringa flavipes,Wetland,Terrestrial
Tringa glareola,Wetland,Terrestrial
Tringa guttifer,Coastal,Terrestrial
Tringa incana,Wetland,Terrestrial
Tringa melanoleuca,Wetland,Terrestrial
Tringa nebularia,Wetland,Terrestrial
Tringa ochropus,Wetland,Terrestrial
Tringa semipalmata,Coastal,Terrestrial
Tringa solitaria,Wetland,Terrestrial
Tringa stagnatilis,Wetland,Terrestrial
Tringa totanus,Wetland,Terrestrial
Trochalopteron affine,Shrubland,Generalist
Trochalopteron austeni,Forest,Generalist
Trochalopteron chrysopterum,Woodland,Generalist
Trochalopteron elliotii,Forest,Generalist
Trochalopteron erythrocephalum,Woodland,Insessorial
Trochalopteron formosum,Forest,Generalist
Trochalopteron henrici,Shrubland,Terrestrial
Trochalopteron imbricatum,Woodland,Terrestrial
Trochalopteron lineatum,Woodland,Terrestrial
Trochalopteron melanostigma,Woodland,Generalist
Trochalopteron milnei,Forest,Insessorial
Trochalopteron morrisonianum,Forest,Insessorial
Trochalopteron ngoclinhense,Forest,Generalist
Trochalopteron peninsulae,Woodland,Generalist
Trochalopteron squamatum,Shrubland,Insessorial
Trochalopteron subunicolor,Shrubland,Generalist
Trochalopteron variegatum,Forest,Insessorial
Trochalopteron virgatum,Forest,Terrestrial
Trochalopteron yersini,Forest,Insessorial
Trochilus polytmus,Forest,Aerial
Trochilus scitulus,Forest,Aerial
Trochocercus bivittatus,Forest,Insessorial
Trochocercus cyanomelas,Forest,Insessorial
Trochocercus nitens,Forest,Insessorial
Troglodytes aedon,Shrubland,Insessorial
Troglodytes beani,Shrubland,Insessorial
Troglodytes cobbi,Grassland,Terrestrial
Troglodytes hiemalis,Forest,Insessorial
Troglodytes monticola,Forest,Insessorial
Troglodytes ochraceus,Forest,Insessorial
Troglodytes pacificus,Forest,Insessorial
Troglodytes rufociliatus,Forest,Insessorial
Troglodytes rufulus,Forest,Insessorial
Troglodytes sissonii,Shrubland,Insessorial
Troglodytes solstitialis,Forest,Insessorial
Troglodytes tanneri,Shrubland,Insessorial
Troglodytes troglodytes,Forest,Insessorial
Trogon ambiguus,Woodland,Insessorial
Trogon aurantiiventris,Forest,Insessorial
Trogon aurantius,Forest,Insessorial
Trogon bairdii,Forest,Insessorial
Trogon caligatus,Forest,Insessorial
Trogon chionurus,Forest,Insessorial
Trogon citreolus,Woodland,Insessorial
Trogon clathratus,Forest,Insessorial
Trogon collaris,Forest,Insessorial
Trogon comptus,Forest,Insessorial
Trogon curucui,Forest,Insessorial
Trogon elegans,Woodland,Insessorial
Trogon massena,Forest,Insessorial
Trogon melanocephalus,Forest,Insessorial
Trogon melanurus,Forest,Insessorial
Trogon mesurus,Forest,Insessorial
Trogon mexicanus,Forest,Insessorial
Trogon personatus,Forest,Insessorial
Trogon ramonianus,Forest,Insessorial
Trogon rufus,Forest,Insessorial
Trogon surrucura,Forest,Insessorial
Trogon violaceus,Forest,Insessorial
Trogon viridis,Forest,Insessorial
Tropicoperdix charltonii,Forest,Terrestrial
Tropicoperdix chloropus,Forest,Terrestrial
Tropicranus albocristatus,Forest,Insessorial
Trugon terrestris,Forest,Terrestrial
Tryngites subruficollis,Grassland,Terrestrial
Tumbezia salvini,Woodland,Insessorial
Tunchiornis luteifrons,Forest,Insessorial
Tunchiornis ochraceiceps,Forest,Insessorial
Turacoena manadensis,Forest,Insessorial
Turacoena modesta,Forest,Insessorial
Turacoena sulaensis,Forest,Insessorial
Turdinus atrigularis,Forest,Terrestrial
Turdinus brevicaudatus,Forest,Terrestrial
Turdinus calcicola,Forest,Generalist
Turdinus crassus,Forest,Terrestrial
Turdinus crispifrons,Forest,Generalist
Turdinus macrodactylus,Forest,Terrestrial
Turdinus marmorata,Forest,Generalist
Turdinus marmoratus,Forest,Generalist
Turdinus rufipectus,Forest,Generalist
Turdoides affinis,Shrubland,Generalist
Turdoides altirostris,Wetland,Generalist
Turdoides atripennis,Forest,Generalist
Turdoides aylmeri,Shrubland,Generalist
Turdoides bicolor,Woodland,Terrestrial
Turdoides caudata,Shrubland,Terrestrial
Turdoides chapini,Forest,Insessorial
Turdoides earlei,Wetland,Generalist
Turdoides fulva,Shrubland,Generalist
Turdoides gilberti,Forest,Insessorial
Turdoides gularis,Shrubland,Terrestrial
Turdoides gymnogenys,Shrubland,Generalist
Turdoides hartlaubii,Wetland,Terrestrial
Turdoides hindei,Shrubland,Generalist
Turdoides hypoleuca,Shrubland,Generalist
Turdoides jardineii,Shrubland,Generalist
Turdoides leucocephala,Shrubland,Terrestrial
Turdoides leucopygia,Shrubland,Generalist
Turdoides longirostris,Grassland,Terrestrial
Turdoides malcolmi,Shrubland,Generalist
Turdoides melanops,Woodland,Generalist
Turdoides nipalensis,Shrubland,Terrestrial
Turdoides plebejus,Woodland,Terrestrial
Turdoides reinwardii,Woodland,Generalist
Turdoides reinwardtii,Woodland,Generalist
Turdoides rubiginosa,Shrubland,Terrestrial
Turdoides rufescens,Forest,Insessorial
Turdoides rufocinctus,Forest,Insessorial
Turdoides sharpei,Woodland,Insessorial
Turdoides somervillei,Woodland,Generalist
Turdoides squamiceps,Shrubland,Generalist
Turdoides squamulata,Shrubland,Insessorial
Turdoides striata,Woodland,Generalist
Turdoides subrufa,Shrubland,Generalist
Turdoides tenebrosa,Shrubland,Terrestrial
Turdus abyssinicus,Forest,Generalist
Turdus albicollis,Forest,Generalist
Turdus albocinctus,Forest,Insessorial
Turdus amaurochalinus,Forest,Insessorial
Turdus anthracinus,Shrubland,Generalist
Turdus ardosiaceus,Woodland,Terrestrial
Turdus arthuri,Forest,Insessorial
Turdus assimilis,Forest,Generalist
Turdus atrogularis,Forest,Insessorial
Turdus aurantius,Forest,Terrestrial
Turdus bewsheri,Forest,Insessorial
Turdus boulboul,Forest,Insessorial
Turdus cardis,Forest,Terrestrial
Turdus celaenops,Forest,Insessorial
Turdus chiguanco,Shrubland,Generalist
Turdus chrysolaus,Forest,Insessorial
Turdus confinis,Forest,Generalist
Turdus daguae,Forest,Generalist
Turdus debilis,Forest,Insessorial
Turdus dissimilis,Forest,Generalist
Turdus eremita,Shrubland,Terrestrial
Turdus eunomus,Forest,Generalist
Turdus falcklandii,Forest,Generalist
Turdus feae,Forest,Generalist
Turdus flavipes,Forest,Insessorial
Turdus fulviventris,Forest,Generalist
Turdus fumigatus,Forest,Insessorial
Turdus fuscater,Forest,Generalist
Turdus grayi,Forest,Generalist
Turdus haplochrous,Forest,Generalist
Turdus hauxwelli,Forest,Insessorial
Turdus helleri,Forest,Terrestrial
Turdus hortulorum,Forest,Terrestrial
Turdus ignobilis,Forest,Insessorial
Turdus iliacus,Forest,Insessorial
Turdus infuscatus,Forest,Insessorial
Turdus jamaicensis,Forest,Insessorial
Turdus kessleri,Forest,Generalist
Turdus lawrencii,Forest,Insessorial
Turdus leucomelas,Forest,Insessorial
Turdus leucops,Forest,Insessorial
Turdus lherminieri,Forest,Insessorial
Turdus libonyana,Woodland,Terrestrial
Turdus libonyanus,Woodland,Terrestrial
Turdus ludoviciae,Shrubland,Generalist
Turdus maculirostris,Forest,Insessorial
Turdus mandarinus,Forest,Generalist
Turdus maranonicus,Woodland,Generalist
Turdus maximus,Forest,Generalist
Turdus menachensis,Woodland,Generalist
Turdus merula,Forest,Generalist
Turdus migratorius,Forest,Generalist
Turdus mupinensis,Forest,Generalist
Turdus murinus,Forest,Insessorial
Turdus naumanni,Forest,Generalist
Turdus nigrescens,Forest,Generalist
Turdus nigriceps,Forest,Insessorial
Turdus niveiceps,Forest,Insessorial
Turdus nudigenis,Woodland,Insessorial
Turdus obscurus,Forest,Insessorial
Turdus obsoletus,Forest,Insessorial
Turdus olivaceofuscus,Forest,Insessorial
Turdus olivaceus,Forest,Generalist
Turdus olivater,Forest,Generalist
Turdus pallidus,Forest,Generalist
Turdus pelios,Woodland,Generalist
Turdus philomelos,Forest,Generalist
Turdus pilaris,Forest,Generalist
Turdus plebejus,Forest,Insessorial
Turdus plumbeus,Woodland,Terrestrial
Turdus poliocephalus,Forest,Insessorial
Turdus reevei,Woodland,Insessorial
Turdus roehli,Forest,Generalist
Turdus rubripes,Woodland,Terrestrial
Turdus rubrocanus,Forest,Generalist
Turdus ruficollis,Forest,Insessorial
Turdus rufitorques,Forest,Generalist
Turdus rufiventris,Forest,Generalist
Turdus rufopalliatus,Shrubland,Generalist
Turdus sanchezorum,Forest,Insessorial
Turdus serranus,Forest,Generalist
Turdus simillimus,Forest,Generalist
Turdus smithi,Forest,Generalist
Turdus subalaris,Forest,Insessorial
Turdus swalesi,Forest,Terrestrial
Turdus tephronotus,Shrubland,Generalist
Turdus torquatus,Shrubland,Insessorial
Turdus unicolor,Forest,Terrestrial
Turdus viscivorus,Forest,Insessorial
Turdus xanthorhynchus,Forest,Insessorial
Turnix castanotus,Woodland,Terrestrial
Turnix everetti,Grassland,Terrestrial
Turnix hottentottus,Grassland,Terrestrial
Turnix maculosus,Grassland,Terrestrial
Turnix melanogaster,Forest,Terrestrial
Turnix nanus,Grassland,Terrestrial
Turnix nigricollis,Grassland,Terrestrial
Turnix novaecaledoniae,Shrubland,Terrestrial
Turnix ocellatus,Grassland,Terrestrial
Turnix olivii,Grassland,Terrestrial
Turnix pyrrhothorax,Grassland,Terrestrial
Turnix suscitator,Grassland,Terrestrial
Turnix sylvaticus,Shrubland,Terrestrial
Turnix tanki,Grassland,Terrestrial
Turnix varius,Shrubland,Terrestrial
Turnix velox,Grassland,Terrestrial
Turnix worcesteri,Grassland,Terrestrial
Turtur abyssinicus,Shrubland,Terrestrial
Turtur afer,Shrubland,Terrestrial
Turtur brehmeri,Forest,Terrestrial
Turtur chalcospilos,Shrubland,Terrestrial
Turtur tympanistria,Forest,Terrestrial
Tychaedon barbata,Woodland,Terrestrial
Tychaedon coryphoeus,Shrubland,Terrestrial
Tychaedon leucosticta,Forest,Terrestrial
Tychaedon quadrivirgata,Shrubland,Terrestrial
Tychaedon signata,Woodland,Terrestrial
Tylas eduardi,Forest,Insessorial
Tympanuchus cupido,Grassland,Terrestrial
Tympanuchus pallidicinctus,Grassland,Terrestrial
Tympanuchus phasianellus,Grassland,Terrestrial
Tyranneutes stolzmanni,Forest,Insessorial
Tyranneutes virescens,Forest,Insessorial
Tyrannopsis sulphurea,Woodland,Insessorial
Tyrannulus elatus,Shrubland,Insessorial
Tyrannus albogularis,Shrubland,Insessorial
Tyrannus caudifasciatus,Forest,Insessorial
Tyrannus couchii,Forest,Insessorial
Tyrannus crassirostris,Forest,Insessorial
Tyrannus cubensis,Forest,Insessorial
Tyrannus dominicensis,Forest,Insessorial
Tyrannus forficatus,Human Modified,Insessorial
Tyrannus melancholicus,Human Modified,Insessorial
Tyrannus niveigularis,Shrubland,Insessorial
Tyrannus savana,Grassland,Insessorial
Tyrannus tyrannus,Woodland,Insessorial
Tyrannus verticalis,Shrubland,Insessorial
Tyrannus vociferans,Forest,Insessorial
Tyto alba,Human Modified,Insessorial
Tyto almae,Forest,Generalist
Tyto aurantia,Forest,Generalist
Tyto capensis,Grassland,Generalist
Tyto deroepstorffi,Human Modified,Insessorial
Tyto glaucops,Shrubland,Generalist
Tyto inexspectata,Forest,Generalist
Tyto longimembris,Grassland,Aerial
Tyto manusi,Forest,Insessorial
Tyto multipunctata,Forest,Generalist
Tyto nigrobrunnea,Forest,Generalist
Tyto novaehollandiae,Forest,Insessorial
Tyto rosenbergii,Woodland,Generalist
Tyto sororcula,Forest,Generalist
Tyto soumagnei,Forest,Generalist
Tyto tenebricosa,Forest,Generalist
Upucerthia albigula,Shrubland,Terrestrial
Upucerthia dumetaria,Shrubland,Terrestrial
Upucerthia jelskii,Grassland,Terrestrial
Upucerthia saturatior,Forest,Terrestrial
Upucerthia serrana,Shrubland,Terrestrial
Upucerthia validirostris,Grassland,Terrestrial
Upupa epops,Grassland,Terrestrial
Upupa marginata,Grassland,Terrestrial
Uraeginthus angolensis,Woodland,Terrestrial
Uraeginthus bengalus,Shrubland,Terrestrial
Uraeginthus cyanocephalus,Desert,Terrestrial
Uraeginthus granatinus,Shrubland,Terrestrial
Uraeginthus ianthinogaster,Shrubland,Generalist
Uragus sibiricus,Shrubland,Insessorial
Uranomitra franciae,Forest,Aerial
Uratelornis chimaera,Woodland,Terrestrial
Uria aalge,Marine,Aquatic
Uria lomvia,Marine,Aquatic
Urile pelagicus,Marine,Aquatic
Urile penicillatus,Marine,Aquatic
Urile urile,Marine,Aquatic
Urochroa bougueri,Forest,Aerial
Urochroa leucura,Forest,Aerial
Urocissa caerulea,Forest,Insessorial
Urocissa erythrorhyncha,Forest,Insessorial
Urocissa erythroryncha,Forest,Insessorial
Urocissa flavirostris,Forest,Insessorial
Urocissa ornata,Forest,Insessorial
Urocissa whiteheadi,Forest,Insessorial
Urocissa xanthomelana,Forest,Insessorial
Urocolius indicus,Shrubland,Insessorial
Urocolius macrourus,Shrubland,Insessorial
Urocynchramus pylzowi,Shrubland,Generalist
Urodynamis taitensis,Forest,Insessorial
Uroglaux dimorpha,Forest,Insessorial
Urolais epichlorus,Forest,Insessorial
Urolestes melanoleucus,Woodland,Insessorial
Uromyias agilis,Forest,Insessorial
Uromyias agraphia,Forest,Insessorial
Uropelia campestris,Grassland,Terrestrial
Uropsalis lyra,Forest,Insessorial
Uropsalis segmentata,Forest,Insessorial
Uropsila leucogastra,Woodland,Insessorial
Urosphena neumanni,Forest,Terrestrial
Urosphena pallidipes,Shrubland,Generalist
Urosphena squameiceps,Forest,Terrestrial
Urosphena subulata,Forest,Terrestrial
Urosphena whiteheadi,Forest,Generalist
Urosticte benjamini,Forest,Aerial
Urosticte ruficrissa,Forest,Aerial
Urothraupis stolzmanni,Forest,Insessorial
Urotriorchis macrourus,Forest,Insessorial
Vanellus albiceps,Wetland,Terrestrial
Vanellus armatus,Wetland,Terrestrial
Vanellus cayanus,Riverine,Terrestrial
Vanellus chilensis,Grassland,Terrestrial
Vanellus cinereus,Wetland,Terrestrial
Vanellus coronatus,Grassland,Terrestrial
Vanellus crassirostris,Wetland,Terrestrial
Vanellus duvaucelii,Riverine,Terrestrial
Vanellus gregarius,Grassland,Terrestrial
Vanellus indicus,Wetland,Terrestrial
Vanellus leucurus,Wetland,Terrestrial
Vanellus lugubris,Grassland,Terrestrial
Vanellus macropterus,,Terrestrial
Vanellus malabaricus,Grassland,Terrestrial
Vanellus malarbaricus,Grassland,Terrestrial
Vanellus melanocephalus,Grassland,Terrestrial
Vanellus melanopterus,Grassland,Terrestrial
Vanellus miles,Grassland,Terrestrial
Vanellus novaehollandiae,Grassland,Terrestrial
Vanellus resplendens,Grassland,Terrestrial
Vanellus senegallus,Wetland,Terrestrial
Vanellus spinosus,Wetland,Terrestrial
Vanellus superciliosus,Grassland,Terrestrial
Vanellus tectus,Grassland,Terrestrial
Vanellus tricolor,Grassland,Terrestrial
Vanellus vanellus,Wetland,Terrestrial
Vanga curvirostris,Forest,Insessorial
Vauriella albigularis,Forest,Insessorial
Vauriella goodfellowi,Forest,Insessorial
Vauriella gularis,Forest,Insessorial
Vauriella insignis,Forest,Insessorial
Veles binotatus,Forest,Aerial
Veniliornis affinis,Forest,Insessorial
Veniliornis callonotus,Shrubland,Insessorial
Veniliornis cassini,Forest,Insessorial
Veniliornis chocoensis,Forest,Insessorial
Veniliornis dignus,Forest,Insessorial
Veniliornis frontalis,Forest,Insessorial
Veniliornis kirkii,Forest,Insessorial
Veniliornis lignarius,Shrubland,Insessorial
Veniliornis maculifrons,Forest,Insessorial
Veniliornis mixtus,Woodland,Insessorial
Veniliornis nigriceps,Forest,Insessorial
Veniliornis passerinus,Forest,Insessorial
Veniliornis sanguineus,Forest,Insessorial
Veniliornis spilogaster,Forest,Insessorial
Vermivora bachmanii,Forest,Insessorial
Vermivora celata,Shrubland,Insessorial
Vermivora chrysoptera,Shrubland,Insessorial
Vermivora crissalis,Forest,Insessorial
Vermivora cyanoptera,Shrubland,Insessorial
Vermivora luciae,Forest,Insessorial
Vermivora peregrina,Forest,Insessorial
Vermivora pinus,Shrubland,Insessorial
Vermivora ruficapilla,Forest,Insessorial
Vermivora virginiae,Shrubland,Insessorial
Verreauxia africana,Forest,Insessorial
Vestiaria coccinea,Forest,Insessorial
Vidua camerunensis,Woodland,Terrestrial
Vidua chalybeata,Shrubland,Terrestrial
Vidua codringtoni,Forest,Terrestrial
Vidua fischeri,Shrubland,Terrestrial
Vidua funerea,Woodland,Terrestrial
Vidua hypocherina,Shrubland,Terrestrial
Vidua interjecta,Woodland,Terrestrial
Vidua larvaticola,Shrubland,Terrestrial
Vidua macroura,Shrubland,Terrestrial
Vidua maryae,Rock,Terrestrial
Vidua nigeriae,Shrubland,Terrestrial
Vidua obtusa,Woodland,Terrestrial
Vidua orientalis,Grassland,Terrestrial
Vidua paradisaea,Woodland,Terrestrial
Vidua purpurascens,Woodland,Terrestrial
Vidua raricola,Grassland,Terrestrial
Vidua regia,Shrubland,Terrestrial
Vidua togoensis,Woodland,Terrestrial
Vidua wilsoni,Grassland,Terrestrial
Vini amabilis,Forest,Insessorial
Vini australis,Forest,Insessorial
Vini diadema,,Insessorial
Vini kuhlii,Forest,Insessorial
Vini meeki,Forest,Insessorial
Vini palmarum,Forest,Insessorial
Vini peruviana,Woodland,Insessorial
Vini rubrigularis,Forest,Insessorial
Vini solitarius,Forest,Insessorial
Vini stepheni,Forest,Insessorial
Vini ultramarina,Forest,Insessorial
Vireo altiloquus,Woodland,Insessorial
Vireo atricapilla,Shrubland,Insessorial
Vireo bairdi,Woodland,Insessorial
Vireo bellii,Shrubland,Insessorial
Vireo brevipennis,Shrubland,Insessorial
Vireo caribaeus,Woodland,Insessorial
Vireo carmioli,Forest,Insessorial
Vireo cassinii,Forest,Insessorial
Vireo chivi,Forest,Insessorial
Vireo crassirostris,Woodland,Insessorial
Vireo flavifrons,Forest,Insessorial
Vireo flavoviridis,Woodland,Insessorial
Vireo gilvus,Forest,Insessorial
Vireo gracilirostris,Forest,Insessorial
Vireo griseus,Shrubland,Insessorial
Vireo gundlachii,Shrubland,Insessorial
Vireo huttoni,Forest,Insessorial
Vireo hypochryseus,Shrubland,Insessorial
Vireo latimeri,Forest,Insessorial
Vireo leucophrys,Forest,Insessorial
Vireo magister,Forest,Insessorial
Vireo masteri,Forest,Insessorial
Vireo modestus,Woodland,Insessorial
Vireo nanus,Woodland,Insessorial
Vireo nelsoni,Shrubland,Insessorial
Vireo olivaceus,Forest,Insessorial
Vireo osburni,Forest,Insessorial
Vireo pallens,Woodland,Insessorial
Vireo philadelphicus,Woodland,Insessorial
Vireo plumbeus,Forest,Insessorial
Vireo sclateri,Forest,Insessorial
Vireo solitarius,Forest,Insessorial
Vireo vicinior,Forest,Insessorial
Vireolanius eximius,Forest,Insessorial
Vireolanius leucotis,Forest,Insessorial
Vireolanius melitophrys,Forest,Insessorial
Vireolanius mikettae,Forest,Insessorial
Vireolanius pulchellus,Forest,Insessorial
Volatinia jacarina,Human Modified,Terrestrial
Vosea whitemanensis,Forest,Insessorial
Vultur gryphus,Grassland,Terrestrial
Wetmorethraupis sterrhopteron,Forest,Insessorial
Willisornis nigrigula,Forest,Insessorial
Willisornis poecilinotus,Forest,Insessorial
Willisornis vidua,Forest,Insessorial
Wilsonia canadensis,Forest,Insessorial
Wilsonia citrina,Forest,Insessorial
Wilsonia pusilla,Forest,Insessorial
Woodfordia lacertosa,Forest,Insessorial
Woodfordia superciliosa,Woodland,Insessorial
Xanthocephalus xanthocephalus,Wetland,Terrestrial
Xanthomixis apperti,Woodland,Terrestrial
Xanthomixis cinereiceps,Forest,Insessorial
Xanthomixis tenebrosa,Forest,Terrestrial
Xanthomixis zosterops,Forest,Insessorial
Xanthomyza phrygia,Forest,Insessorial
Xanthopsar flavus,Grassland,Terrestrial
Xanthotis flaviventer,Forest,Insessorial
Xanthotis macleayanus,Forest,Insessorial
Xanthotis polygrammus,Forest,Insessorial
Xanthotis provocator,Forest,Insessorial
Xema sabini,Marine,Generalist
Xenerpestes minlosi,Forest,Insessorial
Xenerpestes singularis,Forest,Insessorial
Xenicus gilviventris,Shrubland,Generalist
Xenocopsychus ansorgei,Rock,Terrestrial
Xenodacnis parina,Forest,Insessorial
Xenodacnis petersi,Forest,Insessorial
Xenoglaux loweryi,Forest,Insessorial
Xenoligea montana,Shrubland,Insessorial
Xenoperdix udzungwensis,Forest,Terrestrial
Xenopipo atronitens,Forest,Insessorial
Xenopipo flavicapilla,Forest,Insessorial
Xenopipo holochlora,Forest,Insessorial
Xenopipo unicolor,Forest,Insessorial
Xenopipo uniformis,Forest,Insessorial
Xenopirostris damii,Woodland,Insessorial
Xenopirostris polleni,Forest,Insessorial
Xenopirostris xenopirostris,Shrubland,Insessorial
Xenops genibarbis,Forest,Insessorial
Xenops milleri,Forest,Insessorial
Xenops minutus,Forest,Insessorial
Xenops rutilans,Forest,Insessorial
Xenops rutilus,Forest,Insessorial
Xenops tenuirostris,Forest,Insessorial
Xenopsaris albinucha,Forest,Insessorial
Xenornis setifrons,Forest,Insessorial
Xenospingus concolor,Shrubland,Insessorial
Xenospiza baileyi,Grassland,Terrestrial
Xenotriccus callizonus,Woodland,Insessorial
Xenotriccus mexicanus,Shrubland,Insessorial
Xenus cinereus,Grassland,Terrestrial
Xiphidiopicus percussus,Forest,Insessorial
Xiphirhynchus superciliaris,Shrubland,Generalist
Xiphocolaptes albicollis,Forest,Insessorial
Xiphocolaptes falcirostris,Woodland,Insessorial
Xiphocolaptes major,Woodland,Insessorial
Xiphocolaptes promeropirhynchus,Forest,Insessorial
Xipholena atropurpurea,Forest,Insessorial
Xipholena lamellipennis,Forest,Insessorial
Xipholena punicea,Forest,Insessorial
Xiphorhynchus aequatorialis,Forest,Insessorial
Xiphorhynchus atlanticus,Forest,Insessorial
Xiphorhynchus beauperthuysii,Forest,Insessorial
Xiphorhynchus chunchotambo,Forest,Insessorial
Xiphorhynchus elegans,Forest,Insessorial
Xiphorhynchus erythropygius,Forest,Insessorial
Xiphorhynchus flavigaster,Forest,Insessorial
Xiphorhynchus fuscus,Forest,Insessorial
Xiphorhynchus guttatoides,Forest,Insessorial
Xiphorhynchus guttatus,Forest,Insessorial
Xiphorhynchus lachrymosus,Forest,Insessorial
Xiphorhynchus obsoletus,Forest,Insessorial
Xiphorhynchus ocellatus,Forest,Insessorial
Xiphorhynchus pardalotus,Forest,Insessorial
Xiphorhynchus spixii,Forest,Insessorial
Xiphorhynchus susurrans,Forest,Insessorial
Xiphorhynchus triangularis,Forest,Insessorial
Xolmis cinereus,Grassland,Insessorial
Xolmis coronatus,Shrubland,Insessorial
Xolmis dominicanus,Grassland,Insessorial
Xolmis irupero,Human Modified,Insessorial
Xolmis pyrope,Forest,Insessorial
Xolmis rubetra,Shrubland,Generalist
Xolmis salinarum,Shrubland,Generalist
Xolmis velatus,Shrubland,Insessorial
Yuhina bakeri,Forest,Insessorial
Yuhina brunneiceps,Forest,Insessorial
Yuhina castaniceps,Forest,Insessorial
Yuhina diademata,Forest,Insessorial
Yuhina everetti,Forest,Insessorial
Yuhina flavicollis,Forest,Insessorial
Yuhina gularis,Forest,Insessorial
Yuhina humilis,Forest,Insessorial
Yuhina nigrimenta,Forest,Insessorial
Yuhina occipitalis,Forest,Insessorial
Yuhina torqueola,Forest,Insessorial
Yungipicus canicapillus,Forest,Insessorial
Yungipicus kizuki,Forest,Insessorial
Yungipicus maculatus,Forest,Insessorial
Yungipicus moluccensis,Woodland,Insessorial
Yungipicus nanus,Woodland,Insessorial
Yungipicus ramsayi,Forest,Insessorial
Yungipicus temminckii,Forest,Insessorial
Zanclostomus javanicus,Forest,Insessorial
Zanda baudinii,Forest,Insessorial
Zanda funerea,Woodland,Insessorial
Zanda latirostris,Shrubland,Insessorial
Zapornia akool,Wetland,Terrestrial
Zapornia atra,Forest,Terrestrial
Zapornia bicolor,Forest,Terrestrial
Zapornia flavirostra,Wetland,Terrestrial
Zapornia fusca,Wetland,Terrestrial
Zapornia olivieri,Wetland,Terrestrial
Zapornia parva,Wetland,Terrestrial
Zapornia paykullii,Wetland,Terrestrial
Zapornia pusilla,Wetland,Terrestrial
Zapornia tabuensis,Wetland,Terrestrial
Zaratornis stresemanni,Forest,Insessorial
Zavattariornis stresemanni,Shrubland,Terrestrial
Zebrilus undulatus,Forest,Terrestrial
Zeledonia coronata,Forest,Terrestrial
Zenaida asiatica,Shrubland,Generalist
Zenaida auriculata,Human Modified,Terrestrial
Zenaida aurita,Forest,Generalist
Zenaida galapagoensis,Woodland,Generalist
Zenaida graysoni,Forest,Generalist
Zenaida macroura,Human Modified,Terrestrial
Zenaida meloda,Shrubland,Generalist
Zentrygon albifacies,Forest,Terrestrial
Zentrygon carrikeri,Forest,Terrestrial
Zentrygon chiriquensis,Forest,Terrestrial
Zentrygon costaricensis,Forest,Terrestrial
Zentrygon frenata,Forest,Terrestrial
Zentrygon goldmani,Forest,Terrestrial
Zentrygon lawrencii,Forest,Terrestrial
Zentrygon linearis,Forest,Terrestrial
Zimmerius acer,Forest,Insessorial
Zimmerius albigularis,Forest,Insessorial
Zimmerius bolivianus,Forest,Insessorial
Zimmerius chicomendesi,,Insessorial
Zimmerius chrysops,Forest,Insessorial
Zimmerius cinereicapilla,Forest,Insessorial
Zimmerius flavidifrons,Forest,Insessorial
Zimmerius gracilipes,Forest,Insessorial
Zimmerius improbus,Forest,Insessorial
Zimmerius parvus,Forest,Insessorial
Zimmerius petersi,Forest,Insessorial
Zimmerius vilissimus,Forest,Insessorial
Zimmerius villarejoi,Forest,Insessorial
Zimmerius viridiflavus,Forest,Insessorial
Zonerodius heliosylus,Riverine,Terrestrial
Zonotrichia albicollis,Woodland,Terrestrial
Zonotrichia atricapilla,Shrubland,Generalist
Zonotrichia capensis,Shrubland,Generalist
Zonotrichia leucophrys,Shrubland,Generalist
Zonotrichia querula,Shrubland,Terrestrial
Zoonavena grandidieri,Forest,Aerial
Zoonavena sylvatica,Forest,Aerial
Zoonavena thomensis,Forest,Aerial
Zoothera andromedae,Forest,Terrestrial
Zoothera atrigena,Forest,Generalist
Zoothera aurea,Forest,Generalist
Zoothera camaronensis,Forest,Terrestrial
Zoothera cinerea,Forest,Generalist
Zoothera citrina,Forest,Generalist
Zoothera crossleyi,Forest,Terrestrial
Zoothera dauma,Forest,Generalist
Zoothera dixoni,Forest,Terrestrial
Zoothera dohertyi,Forest,Generalist
Zoothera dumasi,Forest,Terrestrial
Zoothera erythronota,Forest,Terrestrial
Zoothera everetti,Forest,Terrestrial
Zoothera griseiceps,Shrubland,Terrestrial
Zoothera gurneyi,Forest,Terrestrial
Zoothera guttata,Forest,Terrestrial
Zoothera heinei,Forest,Terrestrial
Zoothera heinrichi,Forest,Terrestrial
Zoothera imbricata,Forest,Generalist
Zoothera interpres,Forest,Generalist
Zoothera joiceyi,Forest,Terrestrial
Zoothera leucolaema,Forest,Terrestrial
Zoothera lunulata,Forest,Terrestrial
Zoothera machiki,Forest,Terrestrial
Zoothera major,Forest,Generalist
Zoothera margaretae,Forest,Terrestrial
Zoothera marginata,Forest,Terrestrial
Zoothera mendeni,Forest,Terrestrial
Zoothera mollissima,Shrubland,Terrestrial
Zoothera monticola,Forest,Terrestrial
Zoothera naevia,Forest,Generalist
Zoothera neilgherriensis,Forest,Generalist
Zoothera oberlaenderi,Forest,Terrestrial
Zoothera peronii,Forest,Generalist
Zoothera piaggiae,Forest,Generalist
Zoothera pinicola,Forest,Insessorial
Zoothera princei,Forest,Terrestrial
Zoothera salimalii,Shrubland,Terrestrial
Zoothera schistacea,Forest,Terrestrial
Zoothera sibirica,Forest,Terrestrial
Zoothera spiloptera,Forest,Terrestrial
Zoothera talaseae,Forest,Generalist
Zoothera tanganjicae,Forest,Generalist
Zoothera turipavae,Forest,Terrestrial
Zoothera wardii,Forest,Generalist
Zosterops abyssinicus,Woodland,Insessorial
Zosterops albogularis,Forest,Insessorial
Zosterops aldabrensis,Forest,Insessorial
Zosterops anderssoni,Woodland,Insessorial
Zosterops anjuanensis,Forest,Insessorial
Zosterops anomalus,Shrubland,Insessorial
Zosterops atricapilla,Forest,Insessorial
Zosterops atriceps,Forest,Insessorial
Zosterops atrifrons,Forest,Insessorial
Zosterops auriventer,,Insessorial
Zosterops borbonicus,Forest,Insessorial
Zosterops brunneus,Forest,Insessorial
Zosterops buruensis,Forest,Insessorial
Zosterops ceylonensis,Forest,Insessorial
Zosterops chloris,Forest,Insessorial
Zosterops chloronothos,Forest,Insessorial
Zosterops chloronothus,Forest,Insessorial
Zosterops chrysolaemus,Forest,Insessorial
Zosterops cinereus,Forest,Insessorial
Zosterops citrinella,Shrubland,Insessorial
Zosterops comorensis,Forest,Insessorial
Zosterops consobrinorum,Forest,Insessorial
Zosterops conspicillatus,Forest,Insessorial
Zosterops crookshanki,Forest,Insessorial
Zosterops emiliae,Forest,Insessorial
Zosterops erythropleurus,Forest,Insessorial
Zosterops eurycricotus,Forest,Insessorial
Zosterops everetti,Forest,Insessorial
Zosterops explorator,Forest,Insessorial
Zosterops feae,Forest,Insessorial
Zosterops ficedulinus,Forest,Insessorial
Zosterops finschii,Forest,Insessorial
Zosterops flavifrons,Forest,Insessorial
Zosterops flavilateralis,Woodland,Insessorial
Zosterops flavissimus,Forest,Insessorial
Zosterops flavus,Forest,Insessorial
Zosterops fuscicapilla,Forest,Insessorial
Zosterops gibbsi,,Insessorial
Zosterops grayi,Forest,Insessorial
Zosterops griseotinctus,Forest,Insessorial
Zosterops griseovirescens,Forest,Insessorial
Zosterops hamlini,Forest,Insessorial
Zosterops hypolais,Forest,Insessorial
Zosterops hypoxanthus,Forest,Insessorial
Zosterops inornatus,Forest,Insessorial
Zosterops japonicus,Forest,Insessorial
Zosterops kaffensis,Forest,Insessorial
Zosterops kikuyuensis,Forest,Insessorial
Zosterops kirki,Forest,Insessorial
Zosterops kuehni,Forest,Insessorial
Zosterops kulalensis,Forest,Insessorial
Zosterops kulambangrae,Forest,Insessorial
Zosterops lacertosus,Forest,Insessorial
Zosterops lateralis,Shrubland,Insessorial
Zosterops leucophaeus,Forest,Insessorial
Zosterops lugubris,Forest,Insessorial
Zosterops luteirostris,Forest,Insessorial
Zosterops luteus,Woodland,Insessorial
Zosterops maderaspatanus,Forest,Insessorial
Zosterops mauritianus,Forest,Insessorial
Zosterops mayottensis,Forest,Insessorial
Zosterops mbuluensis,Forest,Insessorial
Zosterops meeki,Forest,Insessorial
Zosterops melanocephalus,Forest,Insessorial
Zosterops melanurus,,Insessorial
Zosterops metcalfii,Forest,Insessorial
Zosterops meyeni,Forest,Insessorial
Zosterops minor,Forest,Insessorial
Zosterops minutus,Forest,Insessorial
Zosterops modestus,Woodland,Insessorial
Zosterops montanus,Forest,Insessorial
Zosterops mouroniensis,Shrubland,Insessorial
Zosterops murphyi,Forest,Insessorial
Zosterops mysorensis,Forest,Insessorial
Zosterops natalis,Forest,Insessorial
Zosterops nehrkorni,Forest,Insessorial
Zosterops nigrorum,Forest,Insessorial
Zosterops novaeguineae,Forest,Insessorial
Zosterops oleagineus,Forest,Insessorial
Zosterops olivaceus,Forest,Insessorial
Zosterops pallidus,Shrubland,Insessorial
Zosterops palpebrosus,Forest,Insessorial
Zosterops poliogastrus,Forest,Insessorial
Zosterops ponapensis,Forest,Insessorial
Zosterops rendovae,Forest,Insessorial
Zosterops rennellianus,Forest,Insessorial
Zosterops rotensis,Forest,Insessorial
Zosterops salvadorii,Forest,Insessorial
Zosterops samoensis,Forest,Insessorial
Zosterops sanctaecrucis,Forest,Insessorial
Zosterops saypani,Forest,Insessorial
Zosterops semperi,Forest,Insessorial
Zosterops senegalensis,Woodland,Insessorial
Zosterops silvanus,Forest,Insessorial
Zosterops simplex,Forest,Insessorial
Zosterops socotranus,Woodland,Insessorial
Zosterops somadikartai,Riverine,Insessorial
Zosterops splendidus,Forest,Insessorial
Zosterops stalkeri,Forest,Insessorial
Zosterops stenocricotus,Woodland,Insessorial
Zosterops stresemanni,Forest,Insessorial
Zosterops stuhlmanni,Woodland,Insessorial
Zosterops superciliosus,Woodland,Insessorial
Zosterops tenuirostris,Forest,Insessorial
Zosterops tetiparius,Forest,Insessorial
Zosterops uropygialis,Forest,Insessorial
Zosterops vaughani,Forest,Insessorial
Zosterops vellalavella,Forest,Insessorial
Zosterops virens,Shrubland,Insessorial
Zosterops wallacei,Forest,Insessorial
Zosterops winifredae,Forest,Insessorial
Zosterops xanthochroa,Forest,Insessorial
Zosterornis hypogrammicus,Forest,Insessorial
Zosterornis latistriatus,Forest,Insessorial
Zosterornis nigrorum,Forest,Insessorial
Zosterornis striatus,Forest,Insessorial
Zosterornis whiteheadi,Forest,Insessorial
